shipment_id,product_id,supplier_id,route_id,shipment_date,expected_delivery_date,actual_delivery_date,transit_hours,quantity,unit_cost,recorded_temperature,shipment_status
SHP00001,P008,S001,R003,2024-12-28,2025-01-02 12:14:26,2025-01-08 13:16:48,173.3,200.0,19.33,10.6,In Transit
SHP00002,P005,S010,R019,2024-08-30,2024-08-31 17:05:14,2024-08-31 15:06:00,39.1,300.0,13.38,2.6,In Transit
SHP00003,P002,S002,R002,2024-07-25,2024-07-26 00:47:33,2024-07-26 06:54:00,30.9,150.0,6.75,3.1,Delivered
SHP00004,P003,S008,R026,2024-10-08,2024-10-10 23:41:11,2024-10-10 10:18:00,58.3,200.0,18.91,2.4,In Transit
SHP00005,P013,S001,R006,2024-07-13,2024-07-16 15:31:27,2024-07-17 13:16:48,68.3,500.0,3.35,8.2,Delivered
SHP00006,P002,S010,R024,2024-10-04,2024-10-08 12:19:38,,90.8,150.0,6.75,3.8,Cancelled
SHP00007,P006,S002,R020,2024-02-04,2024-02-09 14:23:04,2024-02-11 12:36:00,180.6,50.0,16.77,12.2,In Transit
SHP00008,P019,S009,R011,13/05/2024,2024-05-15 16:49:44,2024-05-15 09:06:00,57.1,250.0,9.85,10.7,Delivered
SHP00009,P020,S010,R004,2024-02-07,2024-02-07 08:32:58,2024-02-07 10:00:00,10.0,200.0,23.51,0.3,Delivered
SHP00010,P018,S005,R020,2024-11-30,2024-12-06 02:02:51,2024-12-07 13:23:24,164.9,150.0,16.44,10.9,Delivered
SHP00011,P005,S005,R010,2024-11-05,2024-11-08 16:05:23,2024-11-08 20:10:48,83.8,250.0,13.38,14.5,Delivered
SHP00012,P014,S005,R002,2024-01-02,2024-01-02 21:48:03,2024-01-04 04:21:36,23.8,400.0,16.04,13.9,Delivered
SHP00013,P005,S009,R002,2024-07-08,2024-07-08 21:52:41,2024-07-09 04:18:00,28.3,50.0,13.38,3.6,Delivered
SHP00014,P004,S006,R025,2024-10-13,2024-10-18 12:17:43,2024-10-21 20:44:24,193.4,150.0,11.42,5.7,Delivered
SHP00015,P001,S003,R024,2024-06-19,2024-06-23 14:25:34,2024-06-25 23:45:00,152.5,100.0,16.53,5.0,Delivered
SHP00016,P008,S004,R027,2024-08-23,2024-08-23 11:57:29,2024-08-23 18:33:36,11.6,400.0,19.33,2.6,Delivered
SHP00017,P009,S006,R021,17/09/2024,2024-09-20 16:40:47,2024-09-20 14:36:00,86.6,250.0,8.03,9.0,Delivered
SHP00018,P020,S007,R012,2024-06-09,2024-06-11 08:18:36,2024-06-11 08:24:00,56.4,50.0,23.51,11.7,Delivered
SHP00019,P018,S004,R012,2024-08-08,2024-08-10 05:10:04,2024-08-09 18:00:00,42.0,250.0,16.44,3.4,delivered
SHP00020,P013,S005,R018,2024-03-06,2024-03-07 06:44:19,2024-03-07 03:06:00,27.1,400.0,3.35,7.4,Delivered
SHP00021,P007,S007,R026,2024-10-23,2024-10-25 19:18:31,2024-10-26 13:18:00,85.3,150.0,12.06,-1.2,Delivered
SHP00022,P020,S006,R003,2024-04-30,2024-05-05 12:07:35,2024-05-07 09:42:00,177.7,500.0,23.51,1.0,Delivered
SHP00023,P019,S004,R023,2024-12-22,2024-12-24 13:42:36,2024-12-24 18:18:00,66.3,100.0,9.85,7.2,Delivered
SHP00024,P017,S008,R002,2024-10-12,2024-10-13 01:00:21,2024-10-12 22:18:00,22.3,300.0,21.86,-0.1,In Transit
SHP00025,P017,S007,R027,2024-10-07,2024-10-07 10:32:17,,12.4,250.0,21.86,3.0,Cancelled
SHP00026,P008,S005,R015,2024-02-09,2024-02-10 11:25:23,2024-02-11 00:42:00,48.7,150.0,19.33,10.7,delivered
SHP00027,P007,S002,R014,2024-07-27,2024-07-31 01:32:16,,99.5,50.0,12.06,8.6,Cancelled
SHP00028,P001,S006,R010,2024-07-18,2024-07-22 02:39:01,2024-07-23 08:12:00,128.2,200.0,16.53,-0.4,Delivered
SHP00029,P001,S007,R011,2024-12-08,2024-12-10 13:07:48,,79.7,50.0,16.53,2.3,Cancelled
SHP00030,P001,S002,R021,2024-08-07,2024-08-10 08:38:32,2024-08-09 22:18:00,70.3,300.0,16.53,2.4,In Transit
SHP00031,P014,S005,R027,11/02/2024,2024-02-11 11:48:16,2024-02-11 12:36:00,12.6,100.0,16.04,23.0,delivered
SHP00032,P001,S004,R007,2024-01-11,2024-01-16 08:35:17,2024-01-17 23:12:00,167.2,500.0,16.53,3.9,Delivered
SHP00033,P020,S002,R025,2024-03-24,2024-03-29 04:38:33,2024-04-01 09:36:00,201.6,400.0,23.51,2.7,delivered
SHP00034,P019,S004,R004,2024-12-22,2024-12-22 09:06:35,2024-12-22 12:39:00,11.5,50.0,9.85,11.9,In Transit
SHP00035,P003,S009,R021,2024-06-23,2024-06-26 07:59:52,2024-06-25 14:42:00,62.7,500.0,18.91,3.4,In Transit
SHP00036,P017,S005,R020,2024-10-02,2024-10-07 20:34:32,2024-10-12 08:49:12,191.4,200.0,21.86,1.3,Delivered
SHP00037,P015,S004,R025,2024-08-25,2024-08-30 19:00:45,2024-08-31 17:06:00,161.1,500.0,6.02,1.3,Delivered
SHP00038,P020,S005,R018,2024-01-06,2024-01-07 04:02:55,2024-01-07 10:24:00,34.4,200.0,23.51,2.2,delivered
SHP00039,P015,S001,R003,2024-05-30,2024-06-05 00:32:01,2024-06-04 09:48:00,129.8,300.0,6.02,1.9,delivered
SHP00040,P012,S008,R009,2024-06-05,2024-06-07 04:23:31,2024-06-07 05:48:00,53.8,150.0,18.65,2.1,delivered
SHP00041,P019,S009,R020,2024-05-24,2024-05-30 06:29:20,2024-06-01 21:36:00,213.6,150.0,9.85,9.2,Delivered
SHP00042,P005,S008,R004,2024-01-07,2024-01-07 08:29:24,2024-01-07 10:12:00,10.2,500.0,13.38,0.2,Delivered
SHP00043,P003,S010,R021,2024-12-17,2024-12-20 03:48:24,2024-12-19 23:43:12,65.2,100.0,18.91,6.0,In Transit
SHP00044,P020,S004,R025,2024-09-24,2024-09-30 01:10:42,2024-09-29 21:42:00,141.7,50.0,23.51,1.7,delivered
SHP00045,P007,S004,R009,2024-12-04,2024-12-06 05:40:27,2024-12-06 03:09:00,46.5,500.0,12.06,1.6,Delivered
SHP00046,P010,S008,R003,2024-12-17,2024-12-22 13:11:11,,131.0,200.0,3.9,-15.6,Cancelled
SHP00047,P005,S005,R027,2024-03-13,2024-03-13 10:33:10,2024-03-13 09:12:00,9.2,100.0,13.38,-4.3,Delivered
SHP00048,P009,S009,R018,2024-09-09,2024-09-10 06:21:32,,32.6,200.0,8.03,-6.8,Cancelled
SHP00049,P001,S005,R019,2024-01-21,2024-01-22 14:44:41,2024-01-23 07:30:00,55.5,400.0,16.53,2.6,In Transit
SHP00050,P016,S006,R014,19/06/2024,2024-06-22 18:46:51,,98.8,400.0,19.67,2.0,Cancelled
SHP00051,P003,S006,R009,2024-06-14,2024-06-16 11:24:15,2024-06-16 14:24:00,48.0,500.0,18.91,11.2,Delivered
SHP00052,P020,S008,R021,2024-08-14,2024-08-17 04:38:53,2024-08-18 12:54:00,108.9,500.0,23.51,13.9,delivered
SHP00053,P008,S003,R010,2024-10-09,2024-10-12 17:12:57,2024-10-11 22:06:00,70.1,150.0,19.33,9.7,delivered
SHP00054,P009,S007,R027,2024-09-04,2024-09-04 10:43:11,2024-09-04 18:42:00,17.0,150.0,8.03,1.8,Delivered
SHP00055,P014,S006,R026,2024-09-16,2024-09-18 15:03:59,2024-09-19 02:01:48,67.3,150.0,16.04,11.0,In Transit
SHP00056,P018,S009,R013,2024-08-21,2024-08-28 00:22:55,2024-09-11 05:44:24,231.7,400.0,16.44,1.5,delivered
SHP00057,P013,S007,R022,2024-11-29,2024-12-04 06:26:50,2024-12-06 23:00:00,191.0,100.0,3.35,2.4,In Transit
SHP00058,P015,S001,R024,2024-03-14,2024-03-18 19:37:34,2024-03-19 00:42:00,120.7,300.0,6.02,3.9,In Transit
SHP00059,P011,S009,R013,2024-06-11,2024-06-18 00:54:59,2024-06-19 03:00:00,195.0,200.0,21.42,0.9,Delivered
SHP00060,P003,S007,R004,2024-11-20,2024-11-20 07:53:24,2024-11-20 11:06:00,11.1,300.0,18.91,2.1,Delivered
SHP00061,P014,S003,R008,2024-09-28,2024-10-01 11:33:33,2024-10-01 14:54:00,86.9,400.0,16.04,14.2,Delivered
SHP00062,P019,S003,R008,2024-08-24,2024-08-27 08:08:26,2024-08-28 14:52:48,100.8,250.0,9.85,22.2,Delivered
SHP00063,P012,S010,R010,2024-11-23,2024-11-26 22:05:57,2024-11-28 15:42:00,135.7,500.0,18.65,4.0,In Transit
SHP00064,P019,S005,R023,2024-05-31,2024-06-02 18:52:02,2024-06-02 01:00:00,49.0,50.0,9.85,11.5,delivered
SHP00065,P010,S004,R020,2024-06-29,2024-07-04 13:10:10,2024-07-04 11:24:00,131.4,150.0,3.9,-19.9,delivered
SHP00066,P010,S008,R002,2024-10-23,2024-10-23 21:48:13,,24.4,200.0,3.9,-16.8,Cancelled
SHP00067,P012,S009,R017,2024-05-19,2024-05-21 22:51:55,2024-05-24 14:40:48,103.6,300.0,18.65,3.2,In Transit
SHP00068,P005,S004,R028,2024-12-12,2024-12-15 05:44:10,2024-12-20 13:55:12,93.6,50.0,13.38,8.7,Delivered
SHP00069,P009,S010,R013,2024-11-22,2024-11-28 01:34:20,2024-12-01 16:36:00,232.6,300.0,8.03,1.7,Delivered
SHP00070,P015,S005,R021,2024-07-28,2024-07-31 02:11:59,,69.1,100.0,6.02,-999.0,Cancelled
SHP00071,P015,S006,R022,2024-12-22,2024-12-27 04:36:37,,187.6,100.0,6.02,1.7,Cancelled
SHP00072,P009,S001,R023,2024-07-08,2024-07-10 14:14:59,2024-07-10 10:18:00,58.3,300.0,8.03,1.9,delivered
SHP00073,P013,S005,R007,2024-03-03,2024-03-08 23:41:02,2024-03-11 09:00:00,201.0,50.0,3.35,2.6,Delivered
SHP00074,P005,S010,R007,2024-02-05,2024-02-10 16:43:29,2024-02-13 15:34:12,188.7,50.0,13.38,8.6,Delivered
SHP00075,P018,S005,R026,2024-03-30,2024-04-02 02:31:48,2024-04-01 10:54:00,58.9,0.0,16.44,3.2,Delivered
SHP00076,P014,S009,R004,2024-02-02,2024-02-02 08:59:32,2024-02-02 09:36:00,,,,14.0,delivered
SHP00077,P015,S001,R002,2024-09-02,2024-09-02 23:07:14,2024-09-03 09:00:00,33.0,300.0,6.02,9.4,Delivered
SHP00078,P020,S010,R018,2024-12-30,2024-12-31 08:36:37,2024-12-31 06:06:00,30.1,100.0,23.51,2.4,Delivered
SHP00079,P018,S004,R014,2024-08-19,2024-08-23 00:33:47,2024-08-26 15:33:36,141.2,300.0,16.44,2.9,delivered
SHP00080,P005,S008,R003,2024-02-16,2024-02-21 08:38:10,2024-02-24 02:36:00,194.6,300.0,13.38,-2.7,In Transit
SHP00081,P014,S001,R010,2024-11-03,2024-11-06 11:57:04,,90.8,100.0,16.04,14.0,Cancelled
SHP00082,P009,S010,R008,2024-08-07,2024-08-10 16:03:45,2024-08-13 03:33:00,113.5,50.0,8.03,0.9,delivered
SHP00083,P009,S001,R006,2024-05-19,2024-05-22 14:08:15,2024-05-23 20:00:00,116.0,400.0,8.03,1.6,delivered
SHP00084,P001,S002,R024,2024-09-28,2024-10-02 14:35:59,2024-10-02 08:00:00,104.0,100.0,16.53,3.4,Delivered
SHP00085,P020,S001,R022,2024-02-11,2024-02-16 10:27:49,2024-02-16 02:42:00,122.7,100.0,23.51,1.1,Delivered
SHP00086,P019,S008,R017,2024-12-07,2024-12-09 22:20:57,2024-12-13 19:01:12,74.1,200.0,9.85,8.8,Delivered
SHP00087,P004,S001,R016,08/08/2024,2024-08-11 19:17:00,2024-08-11 20:04:12,83.7,300.0,11.42,5.3,delivered
SHP00088,P001,S008,R003,2024-06-09,2024-06-14 21:23:22,2024-06-16 16:08:24,167.4,50.0,16.53,2.2,Delivered
SHP00089,P020,S008,R027,2024-12-19,2024-12-19 10:23:09,2024-12-19 21:27:00,16.5,100.0,23.51,2.4,Delivered
SHP00090,P008,S006,R025,2024-03-27,2024-04-01 18:06:56,2024-03-31 14:30:00,110.5,300.0,19.33,3.1,delivered
SHP00091,P008,S002,R005,2024-05-11,2024-05-14 11:20:12,,74.6,500.0,19.33,8.6,Cancelled
SHP00092,P015,S010,R021,2024-11-21,2024-11-24 06:29:57,2024-12-02 06:36:00,,,,1.8,Delivered
SHP00093,P019,S001,R012,2024-09-16,2024-09-18 03:10:45,,42.2,100.0,9.85,9.1,Cancelled
SHP00094,P019,S009,R026,2024-01-22,2024-01-25 01:46:43,2024-01-25 12:42:00,77.0,150.0,9.85,9.9,In Transit
SHP00095,P011,S002,R017,2024-11-26,2024-11-28 22:44:05,2024-11-28 18:24:00,66.4,150.0,21.42,0.6,Delivered
SHP00096,P011,S010,R002,2024-11-19,2024-11-19 21:30:39,,29.4,150.0,21.42,6.3,Cancelled
SHP00097,P012,S005,R021,2024-12-23,2024-12-26 03:29:37,2024-12-27 17:11:24,102.9,300.0,18.65,2.2,delivered
SHP00098,P017,S002,R021,2024-12-09,2024-12-12 07:05:49,2024-12-12 16:06:00,88.1,500.0,21.86,0.9,Delivered
SHP00099,P010,S002,R017,2024-10-03,2024-10-06 07:44:07,2024-10-07 07:54:00,103.9,150.0,3.9,-15.7,Delivered
SHP00100,P020,S003,R024,2024-08-12,2024-08-16 13:24:42,2024-08-16 02:13:48,89.3,500.0,23.51,15.5,Delivered
SHP00101,P016,S004,R012,2024-12-13,2024-12-15 08:18:43,2024-12-16 04:30:00,76.5,400.0,19.67,1.5,Delivered
SHP00102,P005,S005,R002,2024-11-24,2024-11-24 22:52:29,2024-11-25 18:24:00,,100.0,,-5.3,Delivered
SHP00103,P017,S003,R027,2024-08-11,2024-08-11 12:09:04,,9.4,400.0,21.86,18.4,Cancelled
SHP00104,P013,S002,R012,2024-04-24,2024-04-26 07:47:08,2024-04-26 04:31:12,40.4,150.0,3.35,3.2,In Transit
SHP00105,P005,S008,R015,2024-11-11,2024-11-12 10:19:10,2024-11-12 04:36:00,28.6,400.0,13.38,-1.6,Delivered
SHP00106,P004,S001,R008,2024-08-02,2024-08-05 10:39:06,2024-08-06 04:54:00,100.9,200.0,11.42,9.2,Delivered
SHP00107,P020,S006,R008,19/10/2024,2024-10-22 11:17:27,2024-10-22 15:12:00,87.2,50.0,23.51,-999.0,In Transit
SHP00108,P013,S006,R009,2024-01-09,2024-01-11 03:49:15,2024-01-11 10:24:00,58.4,300.0,3.35,7.5,Delivered
SHP00109,P006,S008,R023,2024-09-02,2024-09-04 18:38:43,2024-09-05 06:12:00,78.2,50.0,16.77,5.8,Delivered
SHP00110,P010,S009,R013,2024-10-05,2024-10-10 23:25:23,2024-10-13 02:15:36,176.6,50.0,3.9,-15.4,Delivered
SHP00111,P012,S007,R013,2024-08-13,2024-08-19 09:54:39,2024-09-02 19:37:12,227.1,250.0,18.65,2.0,delivered
SHP00112,P014,S010,R027,2024-04-02,2024-04-02 10:53:10,2024-04-02 13:18:00,13.3,400.0,16.04,18.6,In Transit
SHP00113,P002,S006,R020,2024-08-10,2024-08-16 10:27:44,2024-08-19 03:50:24,137.4,300.0,6.75,3.3,delivered
SHP00114,P001,S003,R028,07/11/2024,2024-11-09 22:23:10,,91.1,300.0,16.53,3.3,Cancelled
SHP00115,P005,S008,R012,09/07/2024,2024-07-10 23:24:00,2024-07-11 08:42:00,56.7,250.0,13.38,1.3,Delivered
SHP00116,P006,S008,R017,2024-07-17,2024-07-19 20:53:42,2024-07-22 20:47:24,108.3,500.0,16.77,7.7,Delivered
SHP00117,P015,S003,R023,2024-08-15,2024-08-17 18:38:00,,95.7,300.0,6.02,,Cancelled
SHP00118,P010,S003,R023,2024-12-29,2024-12-31 16:33:45,2025-01-03 00:07:12,92.4,200.0,3.9,-17.6,Delivered
SHP00119,P001,S006,R018,2024-10-20,2024-10-21 07:31:34,2024-10-21 10:12:36,31.1,250.0,16.53,2.2,delivered
SHP00120,P017,S007,R025,2024-07-28,2024-08-02 03:45:40,,187.1,300.0,21.86,1.8,Cancelled
SHP00121,P006,S003,R014,2024-09-14,2024-09-17 17:51:40,2024-09-19 22:54:00,142.9,300.0,16.77,0.7,Delivered
SHP00122,P017,S005,R028,2024-02-10,2024-02-13 01:03:26,2024-02-13 02:41:24,67.9,100.0,21.86,1.2,Delivered
SHP00123,P019,S003,R006,2024-12-03,2024-12-07 00:14:05,2024-12-07 14:36:00,110.6,50.0,9.85,18.4,delivered
SHP00124,P009,S004,R025,2024-10-19,2024-10-24 18:15:48,2024-10-25 01:24:00,145.4,250.0,8.03,-0.1,delivered
SHP00125,P015,S002,R023,2024-01-31,2024-02-02 13:54:04,2024-02-02 07:30:00,55.5,300.0,6.02,0.6,Delivered
SHP00126,P005,S006,R017,2024-10-14,2024-10-16 22:38:59,2024-10-16 14:36:00,62.6,50.0,13.38,0.6,In Transit
SHP00127,P014,S004,R028,2024-03-22,2024-03-25 05:06:34,2024-03-26 12:14:24,98.4,500.0,16.04,13.3,Delivered
SHP00128,P003,S007,R017,2024-08-22,2024-08-24 22:16:24,2024-08-26 15:18:00,111.3,500.0,18.91,4.0,Delivered
SHP00129,P014,S003,R009,2024-07-06,2024-07-08 07:01:49,,75.9,250.0,16.04,13.4,Cancelled
SHP00130,P018,S005,R027,2024-11-15,2024-11-15 10:27:06,2024-11-16 07:40:48,14.4,300.0,16.44,3.2,Delivered
SHP00131,P007,S010,R017,2024-07-24,2024-07-26 19:52:10,,84.9,500.0,12.06,1.9,Cancelled
SHP00132,P020,S006,R006,2024-07-20,2024-07-23 21:27:53,2024-07-25 15:36:00,135.6,500.0,23.51,3.3,Delivered
SHP00133,P001,S006,R011,2024-12-10,2024-12-12 13:16:30,2024-12-12 04:36:00,52.6,50.0,16.53,17.8,Delivered
SHP00134,P019,S010,R008,27/01/2024,2024-01-30 03:41:37,2024-01-31 11:08:24,97.4,150.0,9.85,11.4,Delivered
SHP00135,P004,S004,R001,2024-08-13,2024-08-14 23:43:24,2024-08-15 08:19:12,51.2,500.0,11.42,5.1,delivered
SHP00136,P005,S009,R007,2024-10-14,2024-10-19 19:30:32,2024-10-19 16:36:00,136.6,300.0,13.38,0.7,delivered
SHP00137,P009,S010,R016,2024-04-08,2024-04-11 17:28:58,2024-04-13 19:18:00,139.3,250.0,8.03,16.8,delivered
SHP00138,P011,S008,R012,2024-10-13,2024-10-15 06:27:21,2024-10-16 04:00:00,76.0,400.0,21.42,1.0,In Transit
SHP00139,P005,S005,R002,2024-05-27,2024-05-27 21:34:10,2024-05-29 07:50:24,34.9,250.0,13.38,-4.7,delivered
SHP00140,P004,S010,R024,2024-10-27,2024-10-31 06:42:15,2024-11-03 01:36:00,106.0,100.0,11.42,2.9,delivered
SHP00141,P005,S001,R018,2024-03-21,2024-03-22 08:16:19,2024-03-23 03:02:24,31.9,250.0,13.38,0.8,delivered
SHP00142,P003,S010,R008,2024-09-30,2024-10-03 14:09:06,2024-10-04 11:00:00,107.0,150.0,18.91,15.8,Delivered
SHP00143,P013,S008,R006,2024-05-28,2024-05-31 09:02:04,2024-06-02 20:34:48,127.8,250.0,3.35,3.9,delivered
SHP00144,P016,S003,R028,2024-09-15,2024-09-17 19:03:26,2024-09-18 07:42:00,79.7,250.0,19.67,1.8,Delivered
SHP00145,P010,S010,R022,2024-04-08,2024-04-13 15:08:43,2024-04-15 13:16:48,113.3,100.0,3.9,-23.5,Delivered
SHP00146,P008,S001,R009,2024-07-15,2024-07-17 11:12:07,2024-07-19 21:02:24,53.2,50.0,19.33,2.9,Delivered
SHP00147,P002,S002,R015,2024-06-06,2024-06-07 14:37:56,2024-06-08 04:48:00,33.0,100.0,6.75,16.9,Delivered
SHP00148,P008,S004,R005,2024-09-01,2024-09-04 13:35:59,2024-09-04 06:58:48,71.8,500.0,19.33,2.2,delivered
SHP00149,P008,S010,R028,2024-02-11,2024-02-13 23:36:25,2024-02-14 10:48:00,82.8,200.0,19.33,11.0,Delivered
SHP00150,P017,S008,R004,2024-12-14,2024-12-14 08:40:30,2024-12-14 07:48:00,7.8,500.0,21.86,3.2,In Transit
SHP00151,P002,S009,R015,2024-12-10,2024-12-11 14:53:48,2024-12-12 03:24:00,51.4,50.0,6.75,-0.5,delivered
SHP00152,P002,S002,R016,2024-01-17,2024-01-20 15:43:14,2024-01-20 19:36:00,91.6,400.0,6.75,3.5,In Transit
SHP00153,P013,S007,R003,2024-12-15,2024-12-21 05:23:17,2024-12-23 16:42:00,208.7,400.0,3.35,11.1,delivered
SHP00154,P001,S001,R010,2024-08-25,2024-08-28 19:34:34,2024-08-29 19:48:00,115.8,250.0,16.53,6.1,delivered
SHP00155,P002,S007,R020,2024-01-09,2024-01-14 09:51:29,2024-01-15 03:10:48,133.8,50.0,6.75,3.3,Delivered
SHP00156,P008,S009,R007,2024-01-29,2024-02-04 04:02:52,2024-02-02 21:36:00,117.6,300.0,19.33,15.2,Delivered
SHP00157,P017,S004,R014,2024-06-02,2024-06-06 03:14:08,2024-06-06 08:56:24,95.4,500.0,21.86,8.1,Delivered
SHP00158,P013,S009,R011,2024-12-22,2024-12-24 10:06:16,2024-12-24 19:12:00,67.2,250.0,3.35,9.1,Delivered
SHP00159,P002,S009,R014,2024-08-01,2024-08-04 19:19:57,2024-08-05 20:30:00,116.5,500.0,6.75,3.3,Delivered
SHP00160,P007,S001,R009,2024-07-12,2024-07-14 09:34:46,2024-07-16 19:12:00,72.0,200.0,12.06,3.0,Delivered
SHP00161,P001,S004,R007,2024-03-01,2024-03-06 21:52:59,2024-03-13 00:09:36,180.1,200.0,16.53,-1.6,Delivered
SHP00162,P018,S006,R010,2024-05-13,2024-05-17 01:25:43,2024-05-16 22:06:00,94.1,300.0,16.44,-1.4,Delivered
SHP00163,P002,S010,R028,2024-04-23,2024-04-25 16:39:42,2024-04-27 07:57:00,94.5,250.0,6.75,3.4,Delivered
SHP00164,P019,S004,R016,2024-10-08,2024-10-12 00:42:14,2024-10-12 21:48:00,117.8,500.0,9.85,5.9,delivered
SHP00165,P006,S003,R024,2024-10-06,2024-10-11 01:14:01,2024-10-11 07:24:00,127.4,50.0,16.77,0.2,Delivered
SHP00166,P002,S001,R014,2024-03-11,2024-03-14 21:09:10,2024-03-17 07:34:48,137.8,300.0,6.75,3.0,delivered
SHP00167,P020,S008,R022,2024-09-06,2024-09-11 07:20:11,2024-09-10 01:54:00,97.9,0.0,23.51,2.9,Delivered
SHP00168,P004,S009,R005,2024-05-03,2024-05-06 10:09:15,2024-05-07 00:27:36,74.2,300.0,11.42,3.6,In Transit
SHP00169,P008,S005,R022,2024-02-11,2024-02-16 15:11:43,2024-02-19 15:21:00,159.5,500.0,19.33,1.5,Delivered
SHP00170,P003,S008,R028,2024-08-10,2024-08-12 20:56:09,2024-08-18 04:27:36,89.3,50.0,18.91,,delivered
SHP00171,P016,S005,R002,2024-02-08,2024-02-08 22:28:08,,30.1,50.0,19.67,9.1,Cancelled
SHP00172,P013,S002,R010,2024-03-24,2024-03-27 19:57:40,2024-03-29 20:39:36,108.2,150.0,3.35,-3.7,delivered
SHP00173,P017,S006,R002,2024-02-20,2024-02-21 00:57:45,2024-02-21 01:42:00,25.7,300.0,21.86,-3.6,Delivered
SHP00174,P015,S008,R008,2024-07-01,2024-07-04 06:50:46,2024-07-04 23:36:00,95.6,250.0,6.02,1.5,delivered
SHP00175,P009,S003,R013,2024-12-30,2025-01-05 02:56:54,2025-01-07 21:48:00,213.8,250.0,8.03,-0.7,Delivered
SHP00176,P003,S003,R014,2024-08-17,2024-08-21 02:24:27,2024-08-21 20:30:00,116.5,300.0,18.91,4.2,Delivered
SHP00177,P013,S002,R024,2024-10-13,2024-10-18 02:32:40,2024-10-20 11:18:00,163.0,150.0,3.35,1.5,Delivered
SHP00178,P003,S003,R014,2024-05-21,2024-05-25 01:52:48,2024-05-25 10:18:00,106.3,500.0,18.91,3.0,Delivered
SHP00179,P005,S005,R001,2024-07-21,2024-07-23 04:17:15,,51.9,150.0,13.38,1.3,Cancelled
SHP00180,P007,S008,R011,2024-03-31,2024-04-02 19:49:26,2024-04-03 21:12:00,93.2,200.0,12.06,7.5,Delivered
SHP00181,P013,S006,R004,2024-10-15,2024-10-15 09:20:55,2024-10-15 07:48:00,7.8,200.0,3.35,8.4,Delivered
SHP00182,P003,S007,R022,2024-09-12,2024-09-17 01:48:25,,,400.0,,3.7,Cancelled
SHP00183,P013,S009,R017,2024-12-20,2024-12-22 19:44:55,2024-12-27 08:39:36,80.3,100.0,3.35,-2.4,Delivered
SHP00184,P012,S003,R021,2024-11-09,2024-11-12 16:43:04,2024-11-11 23:03:36,64.6,400.0,18.65,3.0,Delivered
SHP00185,P017,S009,R018,2024-10-24,2024-10-25 04:13:08,2024-10-25 14:18:00,38.3,150.0,21.86,2.7,Delivered
SHP00186,P010,S007,R003,2024-02-29,2024-03-06 01:33:10,2024-03-08 02:36:00,194.6,500.0,3.9,-15.6,Delivered
SHP00187,P015,S006,R003,2024-06-02,2024-06-08 01:02:17,2024-06-06 15:00:00,111.0,150.0,6.02,0.4,delivered
SHP00188,P006,S009,R006,2024-06-18,2024-06-22 01:11:45,2024-06-22 10:12:00,106.2,400.0,16.77,0.7,delivered
SHP00189,P007,S008,R019,2024-08-07,2024-08-08 18:54:38,,43.7,100.0,12.06,-5.6,Cancelled
SHP00190,P011,S004,R015,2024-02-28,2024-02-29 15:53:13,2024-02-29 11:54:00,35.9,400.0,21.42,0.8,Delivered
SHP00191,P015,S010,R006,2024-12-10,2024-12-13 13:56:28,2024-12-15 07:49:12,116.2,100.0,6.02,0.5,Delivered
SHP00192,P005,S009,R013,2024-08-02,2024-08-08 15:32:56,2024-08-09 23:18:00,191.3,150.0,13.38,2.1,In Transit
SHP00193,P006,S006,R027,2024-08-18,2024-08-18 12:03:16,,13.9,400.0,16.77,0.8,Cancelled
SHP00194,P014,S008,R014,2024-12-29,2025-01-02 01:57:49,2025-01-03 17:36:00,137.6,250.0,16.04,14.5,Delivered
SHP00195,P006,S008,R019,2024-09-10,2024-09-11 14:15:26,2024-09-12 00:48:00,48.8,50.0,16.77,-3.8,In Transit
SHP00196,P014,S002,R024,2024-11-30,2024-12-04 11:59:14,2024-12-13 17:46:48,149.9,100.0,16.04,13.7,Delivered
SHP00197,P008,S004,R026,2024-10-28,2024-10-31 02:27:31,2024-11-01 02:40:12,89.7,200.0,19.33,2.5,Delivered
SHP00198,P018,S005,R020,2024-10-02,2024-10-08 10:26:05,2024-10-07 06:00:00,126.0,100.0,16.44,3.8,In Transit
SHP00199,P009,S003,R023,2024-03-08,2024-03-10 17:26:44,2024-03-11 05:52:12,59.9,250.0,8.03,-4.1,In Transit
SHP00200,P003,S007,R017,2024-05-22,2024-05-25 07:38:43,2024-05-25 23:54:00,95.9,100.0,18.91,4.3,In Transit
SHP00201,P012,S002,R026,2024-09-30,2024-10-03 03:52:46,,74.2,250.0,18.65,1.3,Cancelled
SHP00202,P016,S006,R022,2024-01-25,2024-01-30 09:36:06,2024-01-30 11:10:12,100.9,150.0,19.67,3.7,Delivered
SHP00203,P014,S004,R023,2024-03-08,2024-03-10 12:32:17,2024-03-14 00:19:12,90.2,300.0,16.04,21.8,Delivered
SHP00204,P006,S001,R013,2024-11-16,2024-11-22 19:17:00,,156.5,500.0,16.77,-6.0,Cancelled
SHP00205,P015,S001,R001,2024-12-22,2024-12-23 23:25:24,2024-12-24 19:59:24,52.3,100.0,6.02,5.4,Delivered
SHP00206,P012,S005,R005,2024-07-14,2024-07-17 13:41:03,2024-07-18 14:30:00,110.5,100.0,18.65,-999.0,Delivered
SHP00207,P006,S008,R012,2024-04-19,2024-04-21 00:07:53,2024-04-21 16:00:00,64.0,100.0,16.77,-5.5,Delivered
SHP00208,P013,S006,R014,10/06/2024,2024-06-13 21:27:30,2024-06-16 03:24:00,134.0,250.0,3.35,2.4,delivered
SHP00209,P010,S004,R017,2024-11-06,2024-11-09 05:48:46,2024-11-09 13:30:00,85.5,200.0,3.9,-15.3,Delivered
SHP00210,P020,S002,R017,2024-01-07,2024-01-10 08:26:47,2024-01-11 16:30:00,112.5,300.0,23.51,15.1,Delivered
SHP00211,P003,S001,R019,2024-02-04,2024-02-05 15:03:49,,31.9,250.0,18.91,15.6,Cancelled
SHP00212,P014,S007,R003,2024-11-23,2024-11-28 22:31:19,2024-11-29 19:12:00,163.2,200.0,16.04,14.0,Delivered
SHP00213,P013,S010,R021,2024-11-28,2024-12-01 02:31:16,2024-12-02 18:24:00,104.0,100.0,3.35,-5.7,Delivered
SHP00214,P020,S001,R010,2024-12-07,2024-12-10 22:58:12,2024-12-12 00:30:00,120.5,300.0,23.51,-5.0,delivered
SHP00215,P012,S003,R024,2024-05-17,2024-05-21 08:08:38,,148.3,100.0,18.65,1.7,Cancelled
SHP00216,P016,S008,R017,03/07/2024,2024-07-06 07:23:28,,59.8,100.0,19.67,3.1,Cancelled
SHP00217,P001,S004,R002,2024-08-29,2024-08-30 01:19:37,2024-08-30 00:24:00,24.4,400.0,16.53,10.3,Delivered
SHP00218,P011,S005,R027,2024-02-09,2024-02-09 10:27:10,2024-02-09 14:51:00,13.5,50.0,21.42,-0.3,Delivered
SHP00219,P010,S005,R011,2024-02-14,2024-02-16 08:25:46,,73.7,200.0,3.9,-17.1,Cancelled
SHP00220,P007,S009,R025,2024-05-05,2024-05-11 01:47:28,2024-05-09 22:06:00,118.1,50.0,12.06,2.5,Delivered
SHP00221,P013,S005,R004,2024-04-15,2024-04-15 08:06:50,2024-04-15 10:00:00,10.0,250.0,3.35,4.0,Delivered
SHP00222,P017,S007,R023,2024-07-09,2024-07-11 17:52:59,,69.9,400.0,21.86,2.5,Cancelled
SHP00223,P005,S004,R010,2024-05-13,2024-05-17 02:10:35,2024-05-18 08:06:00,128.1,200.0,13.38,6.7,Delivered
SHP00224,P019,S002,R005,2024-02-24,2024-02-27 09:12:50,2024-02-27 00:30:00,72.5,200.0,9.85,11.9,In Transit
SHP00225,P004,S002,R006,2024-12-17,2024-12-20 20:52:31,2024-12-21 01:40:48,88.8,150.0,11.42,5.4,Delivered
SHP00226,P013,S009,R002,2024-12-12,2024-12-13 00:52:47,2024-12-12 23:12:00,23.2,200.0,3.35,17.7,Delivered
SHP00227,P005,S002,R001,2024-02-01,2024-02-03 07:48:57,2024-02-03 23:18:00,71.3,100.0,13.38,7.8,Delivered
SHP00228,P003,S001,R003,2024-04-11,2024-04-16 17:56:15,2024-04-19 10:06:00,202.1,300.0,18.91,19.5,In Transit
SHP00229,P019,S007,R027,21/07/2024,2024-07-21 11:01:05,2024-07-21 12:48:00,12.8,250.0,9.85,11.6,Delivered
SHP00230,P020,S010,R008,2024-11-27,2024-11-30 07:24:31,2024-11-30 15:40:12,79.7,150.0,23.51,1.1,delivered
SHP00231,P017,S004,R021,2024-10-05,2024-10-08 16:48:27,,111.1,500.0,21.86,2.2,Cancelled
SHP00232,P013,S005,R006,2024-01-14,2024-01-17 12:36:21,2024-01-19 23:40:48,89.8,300.0,3.35,9.9,Delivered
SHP00233,P004,S004,R022,2024-05-03,2024-05-08 14:11:04,2024-05-11 03:21:36,122.1,200.0,11.42,6.0,In Transit
SHP00234,P006,S003,R008,2024-10-30,2024-11-02 12:25:31,,81.1,300.0,16.77,2.8,Cancelled
SHP00235,P007,S008,R018,2024-06-07,2024-06-08 03:10:46,2024-06-08 02:42:00,26.7,-50.0,12.06,0.1,Delivered
SHP00236,P006,S006,R002,2024-01-12,2024-01-13 00:21:51,2024-01-12 20:30:00,20.5,300.0,16.77,2.1,Delivered
SHP00237,P013,S010,R004,2024-06-21,2024-06-21 07:56:55,2024-06-21 08:30:00,8.5,500.0,3.35,17.1,Delivered
SHP00238,P018,S010,R026,2024-07-01,2024-07-03 22:50:52,2024-07-03 16:54:00,64.9,150.0,16.44,2.8,Delivered
SHP00239,P019,S007,R028,2024-10-17,2024-10-20 00:36:50,2024-10-20 17:36:00,56.0,100.0,9.85,20.0,Delivered
SHP00240,P003,S004,R012,2024-06-12,2024-06-14 07:20:19,2024-06-13 21:54:00,45.9,-50.0,18.91,1.3,Delivered
SHP00241,P012,S005,R026,2024-02-25,2024-02-27 15:40:17,2024-02-28 19:18:00,91.3,400.0,18.65,0.7,In Transit
SHP00242,P013,S002,R027,2024-09-02,2024-09-02 11:26:15,2024-09-02 20:01:12,15.4,50.0,3.35,1.8,Delivered
SHP00243,P004,S002,R011,2024-03-28,2024-03-30 10:14:35,,89.6,300.0,11.42,20.8,Cancelled
SHP00244,P001,S007,R021,2024-03-25,2024-03-28 08:13:00,2024-03-29 03:30:00,99.5,400.0,16.53,3.9,delivered
SHP00245,P018,S005,R022,2024-05-24,2024-05-28 20:49:07,2024-05-29 05:06:00,125.1,50.0,16.44,2.0,In Transit
SHP00246,P020,S008,R007,2024-02-19,2024-02-24 06:50:33,2024-02-23 09:48:00,105.8,250.0,23.51,3.4,In Transit
SHP00247,P009,S002,R021,2024-10-05,2024-10-08 07:14:21,2024-10-08 13:54:00,85.9,500.0,8.03,-0.9,Delivered
SHP00248,P019,S001,R005,2024-12-22,2024-12-25 03:17:31,2024-12-26 07:48:00,103.8,200.0,9.85,11.9,In Transit
SHP00249,P014,S009,R022,2024-08-31,2024-09-05 00:11:13,,151.7,50.0,16.04,14.7,Cancelled
SHP00250,P020,S003,R004,2024-08-17,2024-08-17 09:19:40,2024-08-17 16:43:12,7.6,400.0,23.51,6.5,delivered
SHP00251,P020,S005,R011,2024-02-04,2024-02-06 14:56:00,,51.6,50.0,23.51,14.7,Cancelled
SHP00252,P014,S002,R014,2024-03-17,2024-03-21 03:49:09,,85.9,100.0,16.04,29.3,Cancelled
SHP00253,P014,S005,R013,2024-12-01,2024-12-07 16:34:20,2024-12-08 10:06:00,178.1,400.0,16.04,13.3,Delivered
SHP00254,P002,S008,R009,2024-07-09,2024-07-11 11:53:11,2024-07-10 19:54:00,43.9,100.0,6.75,3.0,Delivered
SHP00255,P015,S006,R009,2024-08-01,2024-08-03 04:03:16,2024-08-03 21:06:00,69.1,500.0,6.02,13.7,Delivered
SHP00256,P017,S003,R003,2024-06-08,2024-06-13 16:52:26,2024-06-17 20:04:48,181.6,150.0,21.86,2.3,Delivered
SHP00257,P008,S001,R015,2024-01-26,2024-01-27 14:45:51,2024-01-28 06:30:00,54.5,100.0,19.33,-2.2,Delivered
SHP00258,P020,S008,R006,30/08/2024,2024-09-02 14:49:54,2024-09-03 12:06:00,108.1,100.0,23.51,16.7,In Transit
SHP00259,P019,S004,R028,2024-04-23,2024-04-26 01:38:08,2024-04-26 17:24:00,89.4,50.0,9.85,8.1,Delivered
SHP00260,P020,S001,R008,2024-05-09,2024-05-12 15:34:38,2024-05-13 12:54:00,99.0,300.0,23.51,9.4,Delivered
SHP00261,P017,S010,R013,2024-10-26,2024-11-01 13:39:08,2024-11-01 01:18:36,132.1,250.0,21.86,7.9,Delivered
SHP00262,P011,S005,R021,2024-06-15,2024-06-18 05:32:20,2024-06-20 06:43:12,115.2,150.0,21.42,10.7,Delivered
SHP00263,P020,S007,R022,12/06/2024,2024-06-17 11:53:39,2024-06-19 10:18:36,162.1,400.0,23.51,999.0,delivered
SHP00264,P019,S004,R011,2024-12-31,2025-01-02 14:40:32,2025-01-03 03:24:00,58.0,250.0,9.85,24.0,delivered
SHP00265,P006,S005,R004,2024-08-29,2024-08-29 08:08:50,2024-08-29 09:29:24,7.3,300.0,16.77,8.1,Delivered
SHP00266,P010,S007,R026,2024-06-18,2024-06-20 22:48:10,2024-06-21 00:48:00,72.8,100.0,3.9,-17.8,Delivered
SHP00267,P013,S009,R010,2024-07-30,2024-08-03 00:56:04,2024-08-02 00:54:00,72.9,500.0,3.35,1.6,delivered
SHP00268,P003,S008,R011,2024-11-19,2024-11-21 12:03:07,2024-11-22 22:12:00,94.2,150.0,18.91,2.8,Delivered
SHP00269,P003,S003,R020,2024-08-10,2024-08-15 18:55:05,2024-08-26 03:25:12,176.1,200.0,18.91,2.2,Delivered
SHP00270,P017,S004,R001,2024-12-12,2024-12-14 05:23:31,,39.1,100.0,21.86,12.8,Cancelled
SHP00271,P003,S001,R010,2024-05-28,2024-05-31 19:09:30,2024-06-01 04:42:00,100.7,150.0,18.91,4.7,In Transit
SHP00272,P007,S003,R026,2024-07-25,2024-07-27 18:00:33,2024-07-29 23:01:12,54.1,150.0,12.06,0.1,delivered
SHP00273,P002,S007,R021,2024-05-10,2024-05-13 11:08:25,2024-05-15 00:33:36,109.6,50.0,6.75,2.2,Delivered
SHP00274,P013,S002,R018,2024-05-09,2024-05-10 03:50:00,2024-05-10 12:51:00,33.5,100.0,3.35,1.2,Delivered
SHP00275,P005,S007,R027,2024-02-23,2024-02-23 11:31:21,2024-02-23 13:00:00,13.0,250.0,13.38,7.7,Delivered
SHP00276,P014,S005,R006,2024-01-21,2024-01-25 00:22:37,2024-01-25 19:56:24,105.4,50.0,16.04,13.5,Delivered
SHP00277,P016,S003,R003,2024-09-18,2024-09-24 01:22:41,2024-09-25 14:43:12,114.2,250.0,19.67,1.8,Delivered
SHP00278,P006,S001,R028,2024-05-28,2024-05-31 01:37:23,2024-05-31 01:48:00,73.8,-50.0,16.77,3.4,delivered
SHP00279,P011,S006,R015,2024-11-14,2024-11-15 14:57:58,2024-11-15 12:06:00,36.1,400.0,21.42,-0.7,Delivered
SHP00280,P016,S007,R021,2024-03-26,2024-03-29 12:16:13,2024-03-28 20:54:00,68.9,400.0,19.67,11.4,In Transit
SHP00281,P015,S003,R020,2024-07-13,2024-07-19 00:31:27,2024-07-23 09:20:24,191.8,150.0,6.02,16.5,In Transit
SHP00282,P014,S008,R002,2024-02-02,2024-02-02 22:37:12,2024-02-03 00:45:00,22.5,200.0,16.04,10.5,delivered
SHP00283,P017,S009,R023,2024-12-24,2024-12-26 14:06:28,,77.6,400.0,21.86,2.7,Cancelled
SHP00284,P020,S001,R001,2024-11-25,2024-11-27 03:10:18,2024-11-28 03:18:00,75.3,500.0,23.51,0.7,Delivered
SHP00285,P002,S009,R008,2024-10-08,2024-10-11 07:16:28,2024-10-12 05:06:00,101.1,500.0,6.75,3.6,In Transit
SHP00286,P004,S008,R024,2024-11-30,2024-12-04 14:14:57,,87.1,250.0,11.42,5.3,Cancelled
SHP00287,P015,S006,R012,2024-01-28,2024-01-30 06:56:10,2024-01-30 23:24:00,71.4,300.0,6.02,-1.7,Delivered
SHP00288,P008,S001,R011,2024-06-30,2024-07-02 19:46:23,2024-07-03 14:48:00,86.8,50.0,19.33,2.8,In Transit
SHP00289,P014,S002,R009,2024-11-08,2024-11-10 04:23:34,2024-11-10 18:57:00,51.5,200.0,16.04,14.6,Delivered
SHP00290,P002,S010,R004,2024-08-18,2024-08-18 08:41:07,2024-08-18 09:30:00,9.5,50.0,6.75,10.0,In Transit
SHP00291,P016,S009,R025,2024-03-31,2024-04-05 06:19:28,2024-04-09 09:40:48,173.6,300.0,19.67,2.6,In Transit
SHP00292,P020,S004,R009,2024-07-22,2024-07-24 13:32:00,,84.5,250.0,23.51,1.7,Cancelled
SHP00293,P018,S004,R007,2024-04-17,2024-04-22 09:55:45,2024-04-23 23:30:00,167.5,150.0,16.44,-2.1,delivered
SHP00294,P004,S006,R018,2024-09-02,2024-09-03 08:18:55,,35.9,400.0,11.42,-0.8,Cancelled
SHP00295,P013,S003,R002,2024-12-09,2024-12-09 22:24:33,2024-12-10 00:34:12,18.9,250.0,3.35,,Delivered
SHP00296,P010,S004,R025,2024-10-04,2024-10-09 22:45:15,,105.9,200.0,3.9,-2.3,Cancelled
SHP00297,P017,S005,R023,2024-12-06,2024-12-08 13:29:36,2024-12-08 02:12:00,50.2,0.0,21.86,-0.2,Delivered
SHP00298,P015,S004,R021,2024-12-26,2024-12-29 07:11:18,2024-12-30 20:22:48,105.8,200.0,6.02,8.3,Delivered
SHP00299,P003,S003,R006,2024-09-20,2024-09-23 09:34:06,2024-09-23 04:12:00,76.2,0.0,18.91,2.6,delivered
SHP00300,P002,S003,R011,2024-11-01,2024-11-03 19:23:34,2024-11-03 06:53:24,49.9,300.0,6.75,7.4,delivered
SHP00301,P008,S003,R017,2024-02-04,2024-02-06 21:29:02,2024-02-08 05:06:00,101.1,200.0,19.33,1.4,Delivered
SHP00302,P007,S010,R017,2024-08-31,2024-09-03 06:53:10,2024-09-10 08:36:00,113.0,500.0,12.06,2.7,delivered
SHP00303,P020,S004,R002,2024-12-15,2024-12-15 22:55:12,,33.7,250.0,23.51,1.0,Cancelled
SHP00304,P012,S009,R026,2024-09-17,2024-09-19 15:36:51,,76.7,100.0,18.65,2.1,Cancelled
SHP00305,P003,S004,R022,2024-11-18,2024-11-23 15:21:27,2024-11-25 03:00:00,171.0,400.0,18.91,4.2,Delivered
SHP00306,P005,S001,R015,2024-06-18,2024-06-19 10:16:37,2024-06-19 05:30:00,29.5,200.0,13.38,0.3,In Transit
SHP00307,P013,S007,R011,2024-01-09,2024-01-11 09:44:17,2024-01-11 17:54:00,65.9,50.0,3.35,8.5,Delivered
SHP00308,P017,S002,R010,2024-12-17,2024-12-20 11:39:19,,90.0,50.0,21.86,1.6,Cancelled
SHP00309,P013,S009,R010,2024-11-20,2024-11-23 21:52:26,,79.2,50.0,3.35,-3.8,Cancelled
SHP00310,P002,S001,R019,2024-11-01,2024-11-02 17:40:25,2024-11-02 19:54:00,43.9,300.0,6.75,3.5,delivered
SHP00311,P005,S003,R006,2024-04-23,2024-04-26 13:10:48,2024-04-27 14:06:00,110.1,500.0,13.38,-5.7,Delivered
SHP00312,P003,S005,R004,2024-04-11,2024-04-11 08:31:08,2024-04-11 11:12:00,11.2,100.0,18.91,4.6,Delivered
SHP00313,P011,S008,R015,17/06/2024,2024-06-18 11:55:44,2024-06-19 02:29:24,45.9,300.0,21.42,0.1,Delivered
SHP00314,P008,S004,R023,2024-11-24,2024-11-26 18:59:17,2024-11-26 20:48:00,68.8,300.0,19.33,-3.2,In Transit
SHP00315,P006,S010,R003,2024-05-23,2024-05-28 09:52:42,2024-05-31 05:30:00,197.5,100.0,16.77,3.5,Delivered
SHP00316,P001,S010,R019,2024-07-26,2024-07-27 15:02:25,2024-07-28 07:42:00,55.7,500.0,16.53,3.8,Delivered
SHP00317,P008,S010,R024,2024-05-28,2024-06-01 16:20:20,,97.0,200.0,19.33,0.0,Cancelled
SHP00318,P017,S003,R015,2024-03-22,2024-03-23 16:29:55,2024-03-23 12:51:00,33.5,500.0,21.86,16.6,Delivered
SHP00319,P016,S004,R003,15/05/2024,2024-05-20 07:17:49,2024-05-21 01:30:00,145.5,500.0,19.67,13.3,Delivered
SHP00320,P011,S002,R023,2024-09-23,2024-09-25 12:11:53,2024-09-26 14:07:48,78.3,400.0,21.42,0.7,Delivered
SHP00321,P003,S009,R009,2024-07-11,2024-07-13 05:29:30,2024-07-14 12:54:00,84.9,50.0,18.91,10.8,Delivered
SHP00322,P008,S002,R017,2024-11-25,2024-11-27 21:21:17,2024-11-28 00:30:00,72.5,200.0,19.33,3.3,Delivered
SHP00323,P016,S008,R016,17/04/2024,2024-04-21 00:02:06,,113.2,150.0,19.67,0.5,Cancelled
SHP00324,P019,S003,R002,2024-03-26,2024-03-26 22:01:15,2024-03-28 01:30:00,22.5,50.0,9.85,10.3,delivered
SHP00325,P010,S002,R007,2024-08-17,2024-08-22 14:35:26,2024-08-23 21:36:00,165.6,150.0,3.9,-16.8,Delivered
SHP00326,P017,S005,R006,2024-12-17,2024-12-20 16:35:51,2024-12-21 04:32:24,91.4,0.0,21.86,1.5,Delivered
SHP00327,P006,S008,R020,2024-11-03,2024-11-09 05:10:28,,112.0,150.0,16.77,1.9,Cancelled
SHP00328,P014,S009,R014,2024-07-08,2024-07-12 05:52:15,2024-07-13 20:12:00,140.2,400.0,16.04,25.3,delivered
SHP00329,P019,S002,R014,2024-03-09,2024-03-13 07:08:47,2024-03-15 06:04:48,93.8,400.0,9.85,10.4,Delivered
SHP00330,P001,S010,R017,2024-03-01,2024-03-04 00:32:10,2024-03-04 14:00:00,86.0,400.0,16.53,4.6,Delivered
SHP00331,P018,S007,R019,2024-07-06,2024-07-07 21:10:07,,,,,2.2,Cancelled
SHP00332,P009,S005,R019,2024-06-25,2024-06-26 16:29:55,2024-06-27 07:48:00,55.8,200.0,8.03,9.1,delivered
SHP00333,P004,S004,R017,2024-07-24,2024-07-27 06:33:47,2024-07-28 15:12:36,101.1,50.0,11.42,8.3,Delivered
SHP00334,P020,S007,R003,2024-02-02,2024-02-07 16:00:33,,134.2,250.0,23.51,-3.6,Cancelled
SHP00335,P006,S008,R015,06/01/2024,2024-01-07 14:25:29,2024-01-07 20:27:36,34.2,200.0,16.77,0.1,delivered
SHP00336,P008,S001,R006,2024-02-14,2024-02-17 22:09:06,2024-02-19 16:00:00,,50.0,,2.3,Delivered
SHP00337,P018,S005,R024,2024-10-13,2024-10-17 13:03:54,2024-10-28 00:34:48,163.9,200.0,16.44,2.4,In Transit
SHP00338,P009,S003,R014,2024-09-16,2024-09-19 18:10:43,,82.8,250.0,8.03,15.2,Cancelled
SHP00339,P015,S007,R019,2024-09-04,2024-09-05 19:19:31,2024-09-09 02:32:24,55.7,50.0,6.02,1.8,Delivered
SHP00340,P008,S004,R026,2024-06-10,2024-06-12 19:43:05,2024-06-13 03:00:00,75.0,400.0,19.33,5.7,Delivered
SHP00341,P006,S008,R011,2024-06-30,2024-07-02 15:08:21,2024-07-02 09:48:00,57.8,200.0,16.77,-4.9,Delivered
SHP00342,P007,S004,R007,2024-05-07,2024-05-12 11:36:58,,189.3,500.0,12.06,0.3,Cancelled
SHP00343,P016,S006,R020,2024-06-10,2024-06-16 10:36:22,,160.9,250.0,19.67,14.4,Cancelled
SHP00344,P017,S007,R016,03/10/2024,2024-10-06 18:41:51,2024-10-06 23:33:00,73.5,500.0,21.86,4.7,Delivered
SHP00345,P007,S007,R019,2024-02-21,2024-02-22 18:11:13,2024-02-22 17:42:00,41.7,500.0,12.06,0.9,Delivered
SHP00346,P016,S007,R007,2024-08-02,2024-08-07 12:02:09,2024-08-11 12:01:12,175.4,150.0,19.67,0.7,delivered
SHP00347,P004,S005,R026,2024-04-30,2024-05-03 02:23:44,2024-05-03 10:36:00,82.6,50.0,11.42,-1.2,In Transit
SHP00348,P017,S009,R024,2024-06-10,2024-06-14 12:02:13,2024-06-17 00:04:48,152.8,150.0,21.86,1.6,Delivered
SHP00349,P004,S008,R024,2024-06-20,2024-06-24 13:19:35,,107.8,300.0,11.42,8.5,Cancelled
SHP00350,P019,S009,R006,2024-05-25,2024-05-28 20:20:20,2024-05-28 20:18:00,92.3,250.0,9.85,4.3,Delivered
SHP00351,P011,S007,R021,2024-11-09,2024-11-12 14:38:01,2024-11-13 01:18:00,97.3,300.0,21.42,-0.3,delivered
SHP00352,P013,S005,R015,2024-07-04,2024-07-05 13:27:31,2024-07-06 01:42:00,49.7,150.0,3.35,3.4,delivered
SHP00353,P003,S004,R006,2024-07-22,2024-07-25 09:57:46,2024-07-27 00:09:36,75.1,400.0,18.91,2.1,Delivered
SHP00354,P020,S003,R003,2024-12-01,2024-12-06 16:30:51,2024-12-09 13:12:00,205.2,150.0,23.51,4.8,delivered
SHP00355,P011,S008,R015,2024-10-03,2024-10-04 13:39:17,2024-10-05 07:00:00,55.0,500.0,21.42,12.9,delivered
SHP00356,P014,S009,R021,2024-11-23,2024-11-26 15:33:44,2024-11-26 22:54:00,94.9,250.0,16.04,13.2,Delivered
SHP00357,P001,S001,R017,2024-03-10,2024-03-13 01:52:08,2024-03-13 04:06:00,76.1,500.0,16.53,18.5,In Transit
SHP00358,P020,S004,R026,2024-01-04,2024-01-06 17:32:05,2024-01-09 11:31:12,82.2,400.0,23.51,1.0,Delivered
SHP00359,P014,S004,R017,2024-11-09,2024-11-12 04:55:05,2024-11-13 06:18:00,102.3,100.0,16.04,9.5,Delivered
SHP00360,P015,S010,R015,2024-05-19,2024-05-20 13:15:11,2024-05-21 00:18:00,48.3,50.0,6.02,3.9,Delivered
SHP00361,P005,S008,R024,2024-01-05,2024-01-09 08:50:31,2024-01-09 09:30:00,105.5,500.0,13.38,1.2,In Transit
SHP00362,P002,S006,R003,2024-03-15,2024-03-21 02:45:40,2024-03-19 16:12:00,112.2,250.0,6.75,2.4,Delivered
SHP00363,P008,S007,R025,2024-08-14,2024-08-20 03:23:08,2024-08-19 08:00:00,128.0,200.0,19.33,8.0,delivered
SHP00364,P011,S003,R021,2024-01-22,2024-01-25 10:00:07,2024-01-26 12:00:00,108.0,300.0,21.42,-0.1,delivered
SHP00365,P004,S004,R021,2024-08-10,2024-08-13 04:05:16,,82.0,50.0,11.42,5.2,Cancelled
SHP00366,P016,S010,R005,2024-07-09,2024-07-12 05:49:48,2024-07-13 14:18:00,110.3,50.0,19.67,9.8,delivered
SHP00367,P018,S002,R005,2024-09-06,2024-09-09 17:14:31,2024-09-10 03:50:24,76.8,200.0,16.44,-3.4,In Transit
SHP00368,P005,S005,R002,2024-09-05,2024-09-05 23:42:49,2024-09-06 06:30:00,30.5,300.0,13.38,2.3,In Transit
SHP00369,P020,S009,R006,2024-02-05,2024-02-08 16:31:41,2024-02-10 15:35:24,104.3,400.0,23.51,1.8,Delivered
SHP00370,P012,S010,R008,2024-06-13,2024-06-16 11:11:51,2024-06-17 09:54:00,105.9,500.0,18.65,2.1,Delivered
SHP00371,P011,S007,R021,2024-06-13,2024-06-16 09:35:38,2024-06-15 20:42:00,68.7,200.0,21.42,7.2,Delivered
SHP00372,P019,S007,R022,2024-09-07,2024-09-12 11:24:46,2024-09-13 03:06:00,147.1,-50.0,9.85,10.4,delivered
SHP00373,P003,S008,R026,2024-11-23,2024-11-25 22:26:14,2024-11-26 18:04:48,56.3,50.0,18.91,3.5,Delivered
SHP00374,P003,S005,R003,2024-04-20,2024-04-25 08:44:22,2024-04-29 13:07:48,208.3,200.0,18.91,2.8,Delivered
SHP00375,P018,S007,R024,2024-02-24,2024-02-28 17:57:10,,151.1,150.0,16.44,4.6,Cancelled
SHP00376,P006,S009,R020,2024-08-14,2024-08-20 08:22:19,2024-08-23 13:21:00,208.5,400.0,16.77,999.0,In Transit
SHP00377,P011,S010,R008,2024-10-15,2024-10-18 06:50:25,2024-10-19 08:36:36,95.1,-50.0,21.42,4.7,Delivered
SHP00378,P017,S003,R010,2024-01-04,2024-01-07 13:59:49,,90.0,250.0,21.86,3.3,Cancelled
SHP00379,P019,S003,R004,2024-01-20,2024-01-20 07:58:50,2024-01-20 09:30:00,9.5,250.0,9.85,20.2,Delivered
SHP00380,P019,S004,R024,09/02/2024,2024-02-13 22:34:52,2024-02-15 03:30:00,147.5,100.0,9.85,5.5,Delivered
SHP00381,P019,S007,R003,2024-01-29,2024-02-03 15:02:29,2024-02-11 14:43:12,204.2,100.0,9.85,11.7,Delivered
SHP00382,P020,S001,R021,2024-11-19,2024-11-22 06:12:51,2024-11-22 13:36:00,85.6,200.0,23.51,0.6,delivered
SHP00383,P013,S008,R025,2024-10-31,2024-11-05 04:10:49,2024-11-06 17:42:00,161.7,500.0,3.35,6.0,Delivered
SHP00384,P009,S002,R013,2024-09-13,2024-09-19 19:14:10,2024-09-22 07:28:12,171.9,400.0,8.03,-0.4,Delivered
SHP00385,P017,S004,R008,2024-02-06,2024-02-09 07:41:12,2024-02-09 13:41:24,77.9,400.0,21.86,0.5,Delivered
SHP00386,P012,S010,R021,2024-01-13,2024-01-16 04:07:02,2024-01-17 13:30:00,109.5,500.0,18.65,-2.3,Delivered
SHP00387,P012,S003,R025,2024-02-13,2024-02-18 03:16:06,2024-02-20 14:43:12,114.2,-50.0,18.65,17.8,Delivered
SHP00388,P001,S006,R007,02/10/2024,2024-10-07 16:31:26,2024-10-08 18:30:00,125.0,150.0,16.53,3.2,delivered
SHP00389,P019,S009,R002,2024-05-10,2024-05-10 22:29:06,2024-05-11 03:10:12,20.9,50.0,9.85,8.2,delivered
SHP00390,P012,S002,R001,2024-05-29,2024-05-31 04:34:20,2024-06-01 00:42:00,72.7,100.0,18.65,3.9,In Transit
SHP00391,P018,S002,R006,2024-04-11,2024-04-14 16:40:28,2024-04-17 19:31:12,102.2,250.0,16.44,1.0,In Transit
SHP00392,P001,S006,R022,2024-06-29,2024-07-04 01:47:41,2024-07-10 23:32:24,130.7,50.0,16.53,999.0,In Transit
SHP00393,P001,S009,R009,2024-04-25,2024-04-27 12:44:41,,49.6,200.0,16.53,2.8,Cancelled
SHP00394,P010,S010,R011,2024-08-17,2024-08-19 10:47:13,2024-08-20 01:12:00,73.2,150.0,3.9,-15.6,delivered
SHP00395,P005,S007,R025,2024-03-15,2024-03-20 16:21:40,2024-03-22 02:00:00,170.0,100.0,13.38,2.1,Delivered
SHP00396,P011,S007,R014,04/06/2024,2024-06-08 10:17:11,2024-06-11 04:38:24,107.9,200.0,21.42,10.5,Delivered
SHP00397,P020,S010,R009,2024-11-06,2024-11-08 05:34:40,,67.4,500.0,23.51,8.1,Cancelled
SHP00398,P012,S003,R028,2024-07-17,2024-07-19 18:18:26,2024-07-20 08:54:00,80.9,50.0,18.65,3.1,In Transit
SHP00399,P007,S004,R003,2024-03-31,2024-04-06 08:20:17,2024-04-11 02:06:36,204.7,500.0,12.06,1.3,In Transit
SHP00400,P002,S010,R024,2024-07-13,2024-07-17 14:03:01,2024-07-22 19:31:12,147.2,50.0,6.75,3.1,In Transit
SHP00401,P002,S004,R017,2024-10-02,2024-10-05 05:38:00,2024-10-05 14:54:00,79.0,50.0,6.75,3.3,In Transit
SHP00402,P010,S005,R015,2024-03-26,2024-03-27 14:06:50,,40.4,500.0,3.9,-17.6,Cancelled
SHP00403,P019,S009,R005,2024-07-20,2024-07-23 08:58:40,2024-07-23 16:00:00,88.0,200.0,9.85,10.9,Delivered
SHP00404,P006,S002,R003,28/02/2024,2024-03-04 23:00:03,2024-03-06 13:18:00,181.3,150.0,16.77,-0.1,In Transit
SHP00405,P006,S006,R019,2024-12-03,2024-12-04 14:38:31,2024-12-05 10:36:00,58.6,500.0,16.77,5.8,Delivered
SHP00406,P005,S004,R001,2024-11-14,2024-11-15 22:22:04,,68.8,500.0,13.38,3.2,Cancelled
SHP00407,P015,S007,R015,2024-02-10,2024-02-11 09:48:12,2024-02-13 00:48:00,45.5,200.0,6.02,2.5,Delivered
SHP00408,P012,S001,R005,2024-01-17,2024-01-20 15:00:19,2024-01-21 07:48:00,103.8,400.0,18.65,10.4,Delivered
SHP00409,P020,S010,R019,2024-10-14,2024-10-15 16:56:55,2024-10-15 16:42:00,37.0,250.0,23.51,10.8,In Transit
SHP00410,P014,S009,R003,2024-05-29,2024-06-03 09:24:03,,156.3,200.0,16.04,13.8,Cancelled
SHP00411,P019,S009,R003,2024-09-04,2024-09-09 22:13:22,,183.2,250.0,9.85,17.1,Cancelled
SHP00412,P005,S010,R019,2024-09-11,2024-09-12 18:20:14,2024-09-12 23:48:00,47.8,250.0,13.38,2.4,Delivered
SHP00413,P015,S002,R024,2024-04-16,2024-04-21 02:59:23,2024-04-22 10:00:00,154.0,-50.0,6.02,2.2,delivered
SHP00414,P003,S005,R010,2024-09-16,2024-09-19 23:25:34,2024-09-20 11:12:00,107.2,50.0,18.91,3.6,Delivered
SHP00415,P011,S008,R016,2024-01-19,2024-01-22 21:05:08,2024-01-24 08:48:36,117.1,300.0,21.42,12.8,In Transit
SHP00416,P002,S009,R010,2024-10-16,2024-10-19 15:36:58,2024-10-20 23:18:00,119.3,300.0,6.75,3.4,Delivered
SHP00417,P001,S006,R013,2024-11-16,2024-11-22 03:17:55,2024-11-24 10:17:24,183.9,250.0,16.53,2.2,Delivered
SHP00418,P009,S007,R003,2024-09-11,2024-09-16 16:01:45,2024-09-21 19:13:12,199.4,150.0,8.03,0.6,Delivered
SHP00419,P003,S008,R017,2024-01-13,2024-01-16 08:02:11,2024-01-17 05:48:00,101.8,250.0,18.91,3.9,Delivered
SHP00420,P004,S009,R022,2024-03-08,2024-03-12 19:23:16,2024-03-12 20:12:00,116.2,250.0,11.42,13.0,delivered
SHP00421,P003,S006,R015,2024-01-24,2024-01-25 15:12:05,2024-01-25 10:32:24,31.4,200.0,18.91,5.0,Delivered
SHP00422,P018,S006,R025,2024-08-13,2024-08-18 08:51:52,2024-08-20 03:30:00,171.5,100.0,16.44,3.8,Delivered
SHP00423,P009,S003,R023,2024-05-25,2024-05-27 10:58:23,2024-05-28 03:30:00,75.5,50.0,8.03,12.9,In Transit
SHP00424,P002,S002,R013,2024-01-28,2024-02-03 10:04:08,2024-02-02 23:13:12,130.2,500.0,6.75,15.7,Delivered
SHP00425,P007,S009,R003,2024-08-26,2024-08-31 08:37:40,2024-09-04 00:34:48,166.6,500.0,12.06,5.9,Delivered
SHP00426,P020,S005,R012,2024-07-19,2024-07-21 07:39:09,2024-07-20 22:30:00,46.5,500.0,23.51,12.9,In Transit
SHP00427,P016,S008,R028,2024-03-28,2024-03-30 21:10:16,2024-03-31 04:33:36,69.6,100.0,19.67,1.6,delivered
SHP00428,P010,S009,R015,2024-07-24,2024-07-25 11:27:07,2024-07-25 21:12:00,45.2,100.0,3.9,-16.6,delivered
SHP00429,P014,S010,R026,2024-06-24,2024-06-26 18:09:58,,82.0,500.0,16.04,14.9,Cancelled
SHP00430,P018,S002,R027,2024-08-15,2024-08-15 12:14:55,2024-08-15 10:06:00,10.1,400.0,16.44,3.3,delivered
SHP00431,P003,S004,R027,2024-03-12,2024-03-12 12:08:08,2024-03-12 17:49:12,16.2,150.0,18.91,2.6,Delivered
SHP00432,P019,S008,R007,2024-04-15,2024-04-20 10:36:00,2024-04-22 22:44:24,173.4,400.0,9.85,20.7,Delivered
SHP00433,P019,S001,R020,2024-09-18,2024-09-23 11:28:57,2024-09-24 07:24:00,151.4,0.0,9.85,10.2,Delivered
SHP00434,P001,S004,R014,2024-12-25,2024-12-29 04:30:59,2024-12-30 10:47:24,118.9,200.0,16.53,2.9,In Transit
SHP00435,P018,S007,R027,2024-07-03,2024-07-03 10:31:40,2024-07-04 10:45:36,15.8,50.0,16.44,4.4,In Transit
SHP00436,P005,S002,R005,2024-11-24,2024-11-27 15:21:00,,112.5,500.0,13.38,-2.3,Cancelled
SHP00437,P013,S006,R008,2024-04-05,2024-04-08 01:11:06,2024-04-08 15:42:00,87.7,300.0,3.35,-4.4,Delivered
SHP00438,P012,S002,R019,2024-09-03,2024-09-04 13:59:47,2024-09-05 19:52:12,61.7,250.0,18.65,3.4,Delivered
SHP00439,P020,S002,R008,2024-08-29,2024-09-01 11:16:52,,100.3,50.0,23.51,-2.5,Cancelled
SHP00440,P016,S008,R017,2024-08-28,2024-08-30 23:55:13,2024-08-31 17:06:00,89.1,250.0,19.67,999.0,delivered
SHP00441,P010,S010,R009,2024-02-01,2024-02-03 09:18:46,2024-02-04 05:06:36,70.1,50.0,3.9,-10.6,Delivered
SHP00442,P003,S005,R009,2024-03-08,2024-03-10 06:03:16,2024-03-10 21:30:00,69.5,150.0,18.91,1.5,Delivered
SHP00443,P009,S004,R016,2024-04-02,2024-04-06 03:51:23,2024-04-07 08:06:00,128.1,150.0,8.03,-0.6,In Transit
SHP00444,P008,S008,R024,2024-11-22,2024-11-26 17:58:42,2024-11-27 09:52:12,99.9,100.0,19.33,1.1,In Transit
SHP00445,P010,S008,R024,2024-09-29,2024-10-03 20:14:27,2024-10-03 09:36:00,105.6,0.0,3.9,-16.4,In Transit
SHP00446,P017,S001,R004,2024-09-29,2024-09-29 09:16:55,2024-09-29 10:42:00,10.7,300.0,21.86,17.7,Delivered
SHP00447,P019,S007,R015,2024-12-11,2024-12-12 14:58:30,2024-12-13 06:40:12,49.7,150.0,9.85,9.3,Delivered
SHP00448,P003,S001,R014,2024-02-20,2024-02-24 05:38:37,,114.1,100.0,18.91,6.2,Cancelled
SHP00449,P007,S010,R021,2024-03-03,2024-03-06 03:21:17,2024-03-08 17:24:36,105.7,150.0,12.06,2.6,delivered
SHP00450,P010,S008,R022,2024-02-08,2024-02-13 16:44:59,2024-02-14 14:00:00,158.0,300.0,3.9,-15.3,Delivered
SHP00451,P002,S007,R013,2024-06-19,2024-06-25 06:03:48,2024-07-01 22:57:36,239.2,200.0,6.75,2.1,Delivered
SHP00452,P004,S003,R018,2024-08-08,2024-08-09 06:36:58,2024-08-09 20:19:12,27.7,250.0,11.42,6.4,Delivered
SHP00453,P005,S001,R002,2024-12-06,2024-12-06 21:53:37,2024-12-07 00:48:00,24.8,500.0,13.38,0.0,In Transit
SHP00454,P003,S009,R008,2024-01-02,2024-01-05 11:40:26,2024-01-06 14:45:36,85.2,300.0,18.91,4.1,Delivered
SHP00455,P003,S006,R018,2024-06-23,2024-06-24 05:34:24,2024-06-24 07:51:00,24.5,50.0,18.91,2.7,delivered
SHP00456,P013,S002,R021,2024-12-18,2024-12-21 02:48:41,2024-12-21 20:30:36,84.1,200.0,3.35,5.2,Delivered
SHP00457,P010,S008,R018,2024-08-18,2024-08-19 03:03:26,2024-08-19 20:42:00,44.7,400.0,3.9,-15.8,delivered
SHP00458,P015,S009,R005,2024-10-23,2024-10-26 03:04:44,2024-10-26 12:28:48,76.8,50.0,6.02,0.1,delivered
SHP00459,P006,S001,R010,2024-02-19,2024-02-22 13:06:41,2024-02-23 14:46:12,100.7,200.0,16.77,7.0,Delivered
SHP00460,P013,S006,R004,2024-12-16,2024-12-16 07:57:00,2024-12-16 13:23:24,10.3,300.0,3.35,-2.4,Delivered
SHP00461,P014,S003,R023,2024-07-08,2024-07-10 14:10:38,2024-07-12 23:12:00,74.5,400.0,16.04,13.2,Delivered
SHP00462,P003,S001,R001,2024-04-01,2024-04-03 05:07:49,2024-04-04 10:30:00,75.0,500.0,18.91,4.8,Delivered
SHP00463,P009,S009,R015,2024-07-29,2024-07-30 10:59:49,2024-07-30 14:43:12,35.2,100.0,8.03,1.2,Delivered
SHP00464,P001,S009,R008,2024-04-08,2024-04-11 09:13:37,2024-04-10 20:48:00,68.8,200.0,16.53,3.5,delivered
SHP00465,P009,S001,R007,2024-02-27,2024-03-03 20:06:08,2024-03-14 23:26:24,185.2,50.0,8.03,-0.5,Delivered
SHP00466,P014,S005,R011,2024-11-11,2024-11-13 17:19:46,2024-11-14 13:36:00,85.6,50.0,16.04,8.1,Delivered
SHP00467,P008,S008,R019,2024-10-23,2024-10-24 14:55:48,2024-10-24 21:52:12,41.7,300.0,19.33,3.1,Delivered
SHP00468,P007,S007,R008,2024-02-07,2024-02-10 08:31:21,2024-02-13 00:48:00,90.5,500.0,12.06,3.7,Delivered
SHP00469,P007,S006,R009,2024-04-13,2024-04-15 03:26:21,2024-04-15 15:15:00,57.5,500.0,12.06,0.4,Delivered
SHP00470,P008,S005,R020,2024-03-21,2024-03-27 01:14:32,,193.0,200.0,19.33,3.9,Cancelled
SHP00471,P007,S010,R016,2024-08-24,2024-08-28 01:30:28,,91.0,200.0,12.06,1.3,Cancelled
SHP00472,P019,S001,R014,2024-01-23,2024-01-27 01:37:34,2024-01-27 05:08:24,77.8,500.0,9.85,10.1,delivered
SHP00473,P015,S008,R008,12/02/2024,2024-02-15 01:15:42,2024-02-16 09:29:24,95.9,250.0,6.02,11.2,Delivered
SHP00474,P010,S003,R023,2024-08-23,2024-08-25 17:52:32,2024-08-26 17:06:00,89.1,400.0,3.9,-15.7,Delivered
SHP00475,P001,S002,R013,2024-12-19,2024-12-24 23:18:21,2024-12-25 15:48:00,159.8,200.0,16.53,3.9,Delivered
SHP00476,P011,S001,R017,2024-12-11,2024-12-13 19:57:29,,77.2,300.0,21.42,-0.9,Cancelled
SHP00477,P018,S004,R005,2024-06-20,2024-06-23 03:43:32,2024-06-23 05:06:00,77.1,200.0,16.44,15.2,Delivered
SHP00478,P009,S009,R022,2024-08-04,2024-08-08 20:02:03,,123.2,100.0,8.03,0.6,Cancelled
SHP00479,P018,S005,R015,2024-11-13,2024-11-14 14:32:29,2024-11-14 18:47:24,38.9,200.0,16.44,-999.0,In Transit
SHP00480,P013,S003,R010,2024-02-09,2024-02-12 14:55:55,2024-02-12 12:28:48,76.8,50.0,3.35,3.5,delivered
SHP00481,P005,S008,R012,2024-08-03,2024-08-05 04:58:32,,56.7,200.0,13.38,3.5,Cancelled
SHP00482,P014,S010,R011,2024-12-01,2024-12-03 12:12:17,2024-12-04 13:54:36,78.1,250.0,16.04,9.7,Delivered
SHP00483,P009,S004,R016,2024-07-09,2024-07-13 02:12:53,2024-07-14 20:18:00,140.3,150.0,8.03,0.4,Delivered
SHP00484,P010,S003,R006,2024-12-28,2024-12-31 20:13:20,2025-01-01 19:18:00,115.3,300.0,3.9,-17.9,In Transit
SHP00485,P006,S004,R018,2024-12-28,2024-12-29 04:45:48,2024-12-28 23:30:00,23.5,150.0,16.77,2.2,Delivered
SHP00486,P013,S008,R025,2024-03-15,2024-03-21 01:40:25,2024-03-23 07:54:00,199.9,300.0,3.35,,Delivered
SHP00487,P010,S010,R022,2024-03-16,2024-03-21 12:04:09,2024-03-27 13:36:00,173.5,500.0,3.9,-17.7,Delivered
SHP00488,P004,S005,R001,2024-07-24,2024-07-26 00:23:41,2024-07-26 15:00:00,63.0,200.0,11.42,4.4,Delivered
SHP00489,P009,S004,R001,2024-02-12,2024-02-14 02:35:11,,59.9,200.0,8.03,0.5,Cancelled
SHP00490,P002,S006,R013,2024-03-16,2024-03-22 11:08:21,,205.7,250.0,6.75,2.7,Cancelled
SHP00491,P015,S007,R026,2024-08-14,2024-08-17 01:43:25,,68.4,150.0,6.02,3.6,Cancelled
SHP00492,P007,S005,R016,2024-09-25,2024-09-28 13:41:41,,141.4,250.0,12.06,6.5,Cancelled
SHP00493,P019,S003,R007,2024-04-05,2024-04-10 09:54:02,2024-04-12 20:54:00,188.9,500.0,9.85,15.5,In Transit
SHP00494,P001,S003,R009,2024-06-02,2024-06-04 12:04:04,2024-06-05 12:12:00,84.2,500.0,16.53,-1.5,delivered
SHP00495,P004,S005,R016,2024-02-04,2024-02-07 18:57:18,2024-02-08 17:48:00,113.8,500.0,11.42,3.0,Delivered
SHP00496,P019,S001,R028,2024-05-12,2024-05-14 17:14:07,2024-05-14 15:06:00,63.1,150.0,9.85,19.2,Delivered
SHP00497,P012,S001,R010,2024-05-29,2024-06-02 02:21:15,2024-06-02 09:48:00,105.8,150.0,18.65,4.6,Delivered
SHP00498,P010,S005,R022,2024-12-23,2024-12-27 20:49:00,2024-12-30 11:04:48,162.8,300.0,3.9,-11.9,In Transit
SHP00499,P006,S002,R007,2024-03-20,2024-03-25 23:52:27,2024-03-28 09:30:00,155.0,100.0,16.77,2.8,Delivered
SHP00500,P005,S001,R016,27/06/2024,2024-06-30 18:58:10,2024-07-02 01:17:24,93.3,300.0,13.38,15.4,Delivered
SHP00501,P004,S004,R005,2024-12-21,2024-12-24 05:29:06,2024-12-23 23:06:00,71.1,100.0,11.42,2.3,In Transit
SHP00502,P002,S004,R004,2024-01-17,2024-01-17 08:33:42,2024-01-17 11:42:00,11.7,100.0,6.75,2.5,Delivered
SHP00503,P004,S010,R007,2024-10-27,2024-11-01 07:12:08,2024-11-04 04:00:00,196.0,250.0,11.42,5.4,Delivered
SHP00504,P017,S010,R008,2024-09-15,2024-09-18 02:35:43,2024-09-19 10:15:36,96.6,200.0,21.86,0.9,Delivered
SHP00505,P018,S001,R024,2024-02-20,2024-02-25 01:18:37,2024-02-28 22:06:36,164.7,150.0,16.44,2.8,Delivered
SHP00506,P012,S007,R014,2024-04-19,2024-04-23 00:26:48,2024-04-25 03:17:24,113.3,150.0,18.65,1.9,Delivered
SHP00507,P018,S001,R003,2024-06-16,2024-06-21 16:22:47,2024-06-22 14:42:00,158.7,200.0,16.44,-1.0,Delivered
SHP00508,P014,S004,R028,2024-02-05,2024-02-08 03:19:40,2024-02-11 20:28:48,102.8,500.0,16.04,13.0,In Transit
SHP00509,P003,S002,R005,2024-07-21,2024-07-24 11:09:08,2024-07-24 15:12:00,87.2,100.0,18.91,20.8,Delivered
SHP00510,P020,S007,R004,2024-04-29,2024-04-29 08:54:22,2024-04-29 12:00:00,12.0,400.0,23.51,-4.4,delivered
SHP00511,P013,S008,R017,2024-05-22,2024-05-25 01:39:46,2024-05-24 17:00:00,65.0,150.0,3.35,0.9,delivered
SHP00512,P003,S008,R022,2024-01-14,2024-01-19 03:43:50,2024-01-22 17:13:12,190.2,100.0,18.91,4.5,delivered
SHP00513,P016,S008,R007,2024-05-30,2024-06-04 15:04:34,2024-06-06 03:24:00,171.4,50.0,19.67,3.4,Delivered
SHP00514,P004,S007,R015,2024-06-10,2024-06-11 12:54:06,2024-06-12 04:42:00,52.7,250.0,11.42,4.6,Delivered
SHP00515,P005,S005,R023,2024-07-18,2024-07-20 10:13:53,2024-07-21 06:25:48,71.3,500.0,13.38,-2.6,Delivered
SHP00516,P013,S005,R016,2024-10-29,2024-11-01 23:29:44,2024-11-03 20:18:00,140.3,50.0,3.35,999.0,Delivered
SHP00517,P012,S006,R026,2024-10-25,2024-10-28 02:51:38,2024-10-27 06:30:00,54.5,300.0,18.65,1.4,Delivered
SHP00518,P008,S004,R021,2024-06-08,2024-06-11 15:35:06,2024-06-12 02:36:00,98.6,50.0,19.33,1.4,Delivered
SHP00519,P014,S010,R017,2024-08-03,2024-08-06 05:04:42,2024-08-06 06:52:12,71.7,400.0,16.04,999.0,Delivered
SHP00520,P004,S004,R011,2024-09-11,2024-09-13 17:24:24,2024-09-13 23:18:00,71.3,400.0,11.42,3.5,delivered
SHP00521,P003,S009,R007,2024-05-27,2024-06-01 10:06:11,2024-06-01 23:26:24,130.4,100.0,18.91,1.7,Delivered
SHP00522,P017,S008,R014,2024-04-17,2024-04-20 18:15:30,2024-04-22 11:02:24,100.8,300.0,21.86,1.2,In Transit
SHP00523,P017,S008,R022,2024-10-07,2024-10-11 18:57:18,2024-10-12 05:10:48,113.8,200.0,21.86,15.2,delivered
SHP00524,P009,S009,R026,2024-11-10,2024-11-13 03:03:58,2024-11-16 13:16:48,98.3,500.0,8.03,3.2,Delivered
SHP00525,P010,S007,R014,2024-06-12,2024-06-16 09:51:47,,139.1,150.0,3.9,-13.3,Cancelled
SHP00526,P008,S002,R005,2024-04-08,2024-04-11 14:22:02,2024-04-10 16:00:00,64.0,400.0,19.33,4.0,Delivered
SHP00527,P009,S003,R001,2024-05-12,2024-05-14 00:57:13,2024-05-15 04:40:12,69.7,500.0,8.03,-0.9,Delivered
SHP00528,P003,S006,R020,2024-06-01,2024-06-07 08:19:14,2024-06-09 09:18:00,201.3,100.0,18.91,4.6,delivered
SHP00529,P008,S002,R019,2024-09-13,2024-09-14 17:28:21,2024-09-16 07:02:24,60.8,250.0,19.33,18.4,Delivered
SHP00530,P004,S006,R011,2024-10-26,2024-10-28 17:53:32,2024-10-29 18:38:24,82.4,100.0,11.42,14.0,Delivered
SHP00531,P009,S010,R002,2024-09-08,2024-09-09 00:20:29,2024-09-09 03:24:00,27.4,200.0,8.03,0.4,Delivered
SHP00532,P012,S005,R001,2024-11-26,2024-11-28 04:08:52,2024-11-30 03:34:48,76.6,200.0,18.65,-1.9,In Transit
SHP00533,P012,S002,R018,2024-05-01,2024-05-02 05:10:09,2024-05-03 19:31:12,42.2,250.0,18.65,3.9,Delivered
SHP00534,P006,S008,R021,2024-06-11,2024-06-14 13:21:44,2024-06-15 20:18:00,116.3,500.0,16.77,3.5,In Transit
SHP00535,P011,S007,R027,2024-02-21,2024-02-21 11:41:45,2024-02-21 15:42:00,15.7,300.0,21.42,0.8,Delivered
SHP00536,P006,S008,R026,2024-11-24,2024-11-26 20:20:57,2024-11-26 18:19:48,60.3,150.0,16.77,0.3,delivered
SHP00537,P005,S010,R022,2024-07-29,2024-08-03 02:12:22,2024-08-05 04:54:00,172.9,300.0,13.38,8.1,Delivered
SHP00538,P012,S003,R013,2024-07-12,2024-07-19 00:49:25,2024-07-21 17:06:00,233.1,200.0,18.65,18.3,In Transit
SHP00539,P006,S001,R013,2024-11-12,2024-11-18 06:07:15,2024-11-19 03:18:00,171.3,0.0,16.77,3.8,In Transit
SHP00540,P016,S002,R008,2024-12-31,2025-01-03 15:37:27,2025-01-04 00:12:00,74.0,400.0,19.67,3.0,Delivered
SHP00541,P010,S004,R014,2024-04-02,2024-04-05 19:33:14,2024-04-06 09:24:00,105.4,200.0,3.9,-16.1,delivered
SHP00542,P003,S001,R016,2024-03-09,2024-03-13 05:51:22,2024-03-14 13:12:00,133.2,400.0,18.91,3.5,Delivered
SHP00543,P018,S001,R002,2024-06-19,2024-06-19 23:19:12,2024-06-20 10:30:00,34.5,0.0,16.44,2.7,Delivered
SHP00544,P012,S003,R018,2024-01-22,2024-01-23 04:26:30,2024-01-23 11:54:00,35.9,150.0,18.65,17.9,delivered
SHP00545,P005,S005,R004,2024-06-09,2024-06-09 07:56:04,2024-06-09 10:52:48,6.8,250.0,13.38,-0.4,Delivered
SHP00546,P009,S009,R011,2024-08-11,2024-08-13 12:04:38,2024-08-19 05:33:36,89.8,500.0,8.03,7.1,Delivered
SHP00547,P006,S001,R016,2024-05-13,2024-05-16 20:49:48,2024-05-16 10:48:00,82.8,500.0,16.77,14.5,delivered
SHP00548,P015,S008,R004,2024-03-16,2024-03-16 07:52:43,2024-03-16 09:29:24,7.3,250.0,6.02,0.7,delivered
SHP00549,P019,S001,R017,2024-10-19,2024-10-22 08:15:18,2024-10-21 18:48:00,66.8,300.0,9.85,8.4,delivered
SHP00550,P004,S007,R012,2024-10-29,2024-10-30 23:41:11,2024-11-01 03:48:00,75.8,500.0,11.42,3.8,Delivered
SHP00551,P001,S006,R002,2024-12-01,2024-12-01 23:14:25,2024-12-02 22:24:00,29.0,150.0,16.53,,Delivered
SHP00552,P010,S006,R026,2024-01-29,2024-01-31 22:17:35,2024-02-02 05:51:36,92.6,200.0,3.9,-17.2,In Transit
SHP00553,P007,S003,R013,2024-07-25,2024-07-31 20:52:29,2024-08-01 01:24:00,154.0,400.0,12.06,2.0,Delivered
SHP00554,P020,S003,R012,2024-12-06,2024-12-08 02:15:12,2024-12-07 19:06:00,43.1,250.0,23.51,1.6,In Transit
SHP00555,P014,S006,R020,2024-04-05,2024-04-10 19:31:41,2024-04-11 10:36:00,154.6,200.0,16.04,13.9,delivered
SHP00556,P016,S009,R021,2024-11-27,2024-11-30 05:59:47,2024-11-30 22:24:00,94.4,150.0,19.67,14.3,delivered
SHP00557,P008,S009,R014,2024-05-31,2024-06-04 03:07:42,2024-06-07 19:40:48,117.3,400.0,19.33,2.0,delivered
SHP00558,P009,S006,R009,2024-10-26,2024-10-28 08:30:34,2024-10-27 22:30:00,46.5,400.0,8.03,3.1,In Transit
SHP00559,P010,S006,R019,2024-08-20,2024-08-21 16:54:22,2024-08-22 23:53:24,55.3,150.0,3.9,-15.2,Delivered
SHP00560,P020,S005,R028,2024-12-10,2024-12-12 23:41:28,2024-12-12 12:00:00,60.0,500.0,23.51,0.7,In Transit
SHP00561,P020,S008,R010,12/11/2024,2024-11-15 20:49:36,2024-11-17 17:56:24,125.4,250.0,23.51,16.1,Delivered
SHP00562,P004,S001,R023,2024-04-06,2024-04-08 11:25:41,2024-04-10 02:00:36,89.1,200.0,11.42,3.7,In Transit
SHP00563,P014,S001,R004,2024-03-26,2024-03-26 08:55:42,2024-03-26 12:24:00,12.4,500.0,16.04,13.0,Delivered
SHP00564,P013,S001,R011,2024-01-05,2024-01-07 18:23:16,2024-01-07 04:18:00,52.3,250.0,3.35,2.0,In Transit
SHP00565,P019,S010,R022,2024-09-06,2024-09-10 19:58:12,2024-09-10 22:48:00,118.8,250.0,9.85,10.2,In Transit
SHP00566,P004,S008,R020,2024-11-26,2024-12-02 02:50:48,,145.2,300.0,11.42,2.8,Cancelled
SHP00567,P011,S010,R028,2024-12-02,2024-12-05 04:25:24,2024-12-05 15:40:12,79.7,300.0,21.42,0.3,Delivered
SHP00568,P010,S002,R022,2024-09-04,2024-09-08 23:18:56,2024-09-08 23:47:24,108.9,500.0,3.9,-16.8,Delivered
SHP00569,P001,S006,R009,2024-07-01,2024-07-03 04:58:24,,72.2,300.0,16.53,3.6,Cancelled
SHP00570,P018,S004,R016,2024-05-12,2024-05-16 02:29:02,2024-05-19 16:28:12,141.9,100.0,16.44,-0.6,In Transit
SHP00571,P004,S002,R026,2024-11-08,2024-11-11 02:25:23,2024-11-11 13:24:00,85.4,150.0,11.42,4.0,Delivered
SHP00572,P006,S005,R023,2024-08-14,2024-08-16 14:53:35,2024-08-19 15:12:00,84.5,150.0,16.77,1.5,Delivered
SHP00573,P014,S001,R008,2024-08-30,2024-09-02 08:50:23,2024-09-02 10:30:00,82.5,300.0,16.04,14.5,Delivered
SHP00574,P017,S007,R026,2024-04-26,2024-04-28 20:43:22,2024-04-30 00:38:24,60.4,300.0,21.86,18.6,In Transit
SHP00575,P001,S009,R003,2024-02-13,2024-02-18 16:49:40,2024-02-20 16:51:36,142.2,50.0,16.53,2.8,delivered
SHP00576,P019,S001,R021,2024-12-31,2025-01-03 15:03:00,2025-01-10 05:04:48,111.4,250.0,9.85,11.5,Delivered
SHP00577,P001,S005,R017,2024-11-08,2024-11-11 05:08:23,2024-11-12 12:42:00,108.7,500.0,16.53,3.1,delivered
SHP00578,P007,S005,R003,2024-01-19,2024-01-24 16:31:05,,163.3,250.0,12.06,14.7,Cancelled
SHP00579,P017,S006,R025,2024-11-21,2024-11-26 02:35:05,,119.0,250.0,21.86,1.0,Cancelled
SHP00580,P002,S006,R009,2024-11-17,2024-11-19 04:25:33,2024-11-20 12:22:12,64.9,50.0,6.75,14.0,Delivered
SHP00581,P019,S010,R023,2024-11-17,2024-11-19 19:02:26,,79.8,150.0,9.85,10.7,Cancelled
SHP00582,P004,S006,R017,2024-10-25,2024-10-28 06:14:50,2024-10-27 19:30:00,67.5,400.0,11.42,3.7,Delivered
SHP00583,P005,S008,R007,2024-08-16,2024-08-21 19:53:07,2024-08-20 15:12:00,111.2,250.0,13.38,3.1,delivered
SHP00584,P015,S008,R024,2024-08-01,2024-08-05 08:42:22,2024-08-07 12:06:00,156.1,100.0,6.02,8.2,In Transit
SHP00585,P006,S009,R012,2024-03-01,2024-03-03 02:39:27,2024-03-03 14:54:00,62.9,150.0,16.77,0.2,Delivered
SHP00586,P010,S005,R016,2024-01-15,2024-01-18 15:02:50,2024-01-20 20:15:00,127.5,250.0,3.9,-15.3,delivered
SHP00587,P004,S009,R012,2024-02-04,2024-02-06 02:44:44,2024-02-07 08:51:00,73.5,400.0,11.42,5.6,delivered
SHP00588,P005,S003,R017,2024-11-21,2024-11-24 01:35:46,2024-11-24 10:42:00,82.7,400.0,13.38,12.9,In Transit
SHP00589,P002,S008,R024,2024-05-22,2024-05-27 00:08:38,2024-05-28 10:52:48,140.8,250.0,6.75,3.6,Delivered
SHP00590,P003,S004,R020,2024-10-04,2024-10-09 09:28:10,,170.0,50.0,18.91,3.9,Cancelled
SHP00591,P001,S005,R026,2024-04-15,2024-04-18 00:23:45,2024-04-19 09:45:36,66.1,300.0,16.53,3.6,Delivered
SHP00592,P001,S006,R014,2024-04-02,2024-04-06 08:54:01,2024-04-06 09:48:00,105.8,100.0,16.53,2.2,Delivered
SHP00593,P009,S002,R005,2024-06-06,2024-06-09 12:31:24,2024-06-11 01:36:00,121.6,50.0,8.03,9.6,Delivered
SHP00594,P014,S006,R009,2024-07-11,2024-07-13 12:46:11,,83.5,200.0,16.04,14.2,Cancelled
SHP00595,P004,S005,R002,2024-06-11,2024-06-11 23:02:05,,26.2,50.0,11.42,2.9,Cancelled
SHP00596,P008,S009,R021,2024-03-05,2024-03-08 07:47:31,2024-03-08 08:42:00,80.7,150.0,19.33,0.8,Delivered
SHP00597,P018,S007,R018,2024-08-19,2024-08-20 07:34:38,2024-08-21 04:08:24,23.7,0.0,16.44,2.6,Delivered
SHP00598,P013,S006,R027,2024-11-19,2024-11-19 12:00:04,2024-11-19 10:24:00,10.4,100.0,3.35,2.1,In Transit
SHP00599,P005,S009,R009,2024-08-09,2024-08-11 08:31:27,2024-08-11 19:43:48,52.1,250.0,13.38,18.5,delivered
SHP00600,P008,S006,R011,2024-04-17,2024-04-19 15:26:42,2024-04-19 21:18:00,69.3,-50.0,19.33,-6.0,delivered
SHP00601,P018,S008,R025,2024-07-20,2024-07-25 22:04:07,2024-07-27 05:41:24,157.9,500.0,16.44,0.1,Delivered
SHP00602,P013,S010,R012,2024-07-17,2024-07-19 06:11:11,2024-07-19 02:49:12,46.2,200.0,3.35,1.9,Delivered
SHP00603,P009,S006,R007,2024-02-16,2024-02-21 18:33:20,2024-02-26 03:29:24,187.3,300.0,8.03,1.9,In Transit
SHP00604,P020,S004,R001,2024-04-10,2024-04-12 04:27:55,2024-04-13 05:18:00,77.3,150.0,23.51,2.0,delivered
SHP00605,P020,S010,R006,03/02/2024,2024-02-06 21:34:41,2024-02-07 12:12:00,108.2,250.0,23.51,17.7,delivered
SHP00606,P018,S010,R009,2024-12-14,2024-12-16 07:58:36,2024-12-18 11:21:36,67.1,50.0,16.44,3.8,Delivered
SHP00607,P014,S005,R004,2024-12-14,2024-12-14 08:31:58,2024-12-14 09:54:00,9.9,50.0,16.04,14.4,In Transit
SHP00608,P011,S001,R013,2024-04-09,2024-04-16 00:41:47,2024-04-17 16:00:00,160.0,400.0,21.42,-999.0,Delivered
SHP00609,P011,S005,R003,2024-11-16,2024-11-21 06:54:01,2024-11-23 04:42:00,172.7,300.0,21.42,1.4,Delivered
SHP00610,P008,S006,R027,2024-01-28,2024-01-28 11:18:44,2024-01-28 15:36:00,15.6,500.0,19.33,2.4,delivered
SHP00611,P004,S002,R002,2024-01-18,2024-01-19 01:11:32,2024-01-19 03:03:36,24.6,50.0,11.42,10.8,delivered
SHP00612,P004,S001,R018,2024-01-27,2024-01-28 05:07:46,2024-01-28 05:24:00,29.4,50.0,11.42,9.6,In Transit
SHP00613,P020,S010,R004,2024-06-22,2024-06-22 08:49:33,,10.7,100.0,23.51,2.4,Cancelled
SHP00614,P019,S004,R019,2024-03-05,2024-03-06 15:22:58,2024-03-07 03:30:00,51.5,50.0,9.85,13.5,Delivered
SHP00615,P017,S006,R010,2024-10-25,2024-10-28 23:34:21,,130.4,300.0,21.86,1.4,Cancelled
SHP00616,P005,S001,R008,2024-09-16,2024-09-19 09:40:37,2024-09-20 15:54:00,111.9,200.0,13.38,3.9,Delivered
SHP00617,P016,S008,R020,2024-12-20,2024-12-25 23:38:10,2025-01-02 03:42:00,143.5,150.0,19.67,1.7,Delivered
SHP00618,P001,S004,R023,2024-04-27,2024-04-29 11:28:29,2024-04-29 22:18:00,70.3,400.0,16.53,0.8,Delivered
SHP00619,P001,S006,R001,2024-02-07,2024-02-09 03:39:00,2024-02-09 04:54:00,52.9,300.0,16.53,3.3,Delivered
SHP00620,P010,S003,R008,2024-05-14,2024-05-17 06:17:54,2024-05-18 20:22:48,105.8,250.0,3.9,-17.9,Delivered
SHP00621,P005,S007,R021,2024-02-26,2024-02-29 04:45:05,,82.8,150.0,13.38,1.5,Cancelled
SHP00622,P003,S002,R005,2024-03-07,2024-03-10 04:56:31,,111.8,200.0,18.91,4.4,Cancelled
SHP00623,P018,S005,R026,2024-03-17,2024-03-19 15:44:21,2024-03-20 19:39:00,70.5,500.0,16.44,17.7,Delivered
SHP00624,P020,S002,R006,2024-09-17,2024-09-20 23:54:04,2024-09-22 02:51:00,94.5,150.0,23.51,2.1,Delivered
SHP00625,P016,S008,R016,2024-05-17,2024-05-20 23:52:20,2024-05-23 02:15:00,112.5,200.0,19.67,0.8,Delivered
SHP00626,P010,S007,R013,2024-10-19,2024-10-25 23:34:04,2024-10-24 18:42:00,138.7,250.0,3.9,-15.7,Delivered
SHP00627,P002,S008,R017,2024-11-14,2024-11-17 01:36:49,2024-11-17 03:42:00,75.7,250.0,6.75,3.0,Delivered
SHP00628,P009,S002,R012,2024-02-12,2024-02-14 03:34:20,2024-02-14 02:48:00,50.8,200.0,8.03,-0.2,Delivered
SHP00629,P018,S004,R011,2024-04-10,2024-04-12 11:18:01,2024-04-13 15:27:00,79.5,150.0,16.44,-4.9,delivered
SHP00630,P009,S001,R025,2024-06-02,2024-06-07 10:45:45,,131.6,50.0,8.03,15.4,Cancelled
SHP00631,P005,S007,R008,2024-04-26,2024-04-29 04:17:57,2024-04-30 10:00:00,106.0,500.0,13.38,2.2,In Transit
SHP00632,P003,S006,R028,2024-04-06,2024-04-09 05:13:13,,77.5,50.0,18.91,5.4,Cancelled
SHP00633,P010,S001,R016,2024-12-03,2024-12-06 18:33:53,2024-12-08 10:36:00,130.6,250.0,3.9,-10.3,Delivered
SHP00634,P002,S003,R005,2024-06-18,2024-06-21 14:24:00,2024-06-24 12:19:12,97.7,400.0,6.75,2.8,In Transit
SHP00635,P013,S004,R016,2024-02-25,2024-02-29 05:38:03,2024-02-29 08:03:36,94.6,150.0,3.35,0.7,delivered
SHP00636,P001,S003,R007,05/02/2024,2024-02-10 12:23:10,,197.1,500.0,16.53,3.0,Cancelled
SHP00637,P011,S007,R013,2024-03-21,2024-03-27 02:11:42,2024-03-30 22:30:00,238.5,200.0,21.42,7.4,Delivered
SHP00638,P016,S003,R020,2024-10-21,2024-10-26 23:52:51,2024-10-29 17:06:00,209.1,150.0,19.67,4.0,In Transit
SHP00639,P008,S009,R011,2024-10-18,2024-10-20 13:47:34,2024-10-22 02:07:12,89.2,500.0,19.33,9.3,delivered
SHP00640,P013,S010,R027,2024-03-30,2024-03-30 10:34:55,2024-03-30 13:25:12,12.2,150.0,3.35,1.5,Delivered
SHP00641,P002,S004,R028,2024-03-21,2024-03-24 00:57:45,2024-03-23 21:06:00,69.1,200.0,6.75,16.3,In Transit
SHP00642,P018,S002,R012,09/02/2024,2024-02-11 03:35:53,2024-02-12 17:42:00,69.0,200.0,16.44,0.7,In Transit
SHP00643,P015,S007,R011,2024-07-23,2024-07-25 13:02:22,2024-07-26 16:00:00,88.0,300.0,6.02,3.7,In Transit
SHP00644,P003,S002,R018,2024-12-02,2024-12-03 08:21:25,2024-12-03 04:12:00,28.2,50.0,18.91,-3.0,Delivered
SHP00645,P018,S007,R006,2024-02-09,2024-02-12 09:04:03,,113.8,50.0,16.44,0.7,Cancelled
SHP00646,P002,S009,R021,2024-12-05,2024-12-08 15:22:41,2024-12-09 10:12:00,106.2,50.0,6.75,2.1,In Transit
SHP00647,P008,S006,R008,2024-04-12,2024-04-15 07:33:27,2024-04-18 03:50:24,67.2,100.0,19.33,0.8,Delivered
SHP00648,P006,S003,R002,2024-07-31,2024-08-01 00:51:35,2024-08-01 03:00:00,27.0,400.0,16.77,2.5,Delivered
SHP00649,P004,S006,R011,29/03/2024,2024-03-31 16:05:28,2024-03-31 00:12:00,48.2,250.0,11.42,2.9,Delivered
SHP00650,P007,S007,R010,2024-11-02,2024-11-06 03:17:27,,103.8,250.0,12.06,-2.6,Cancelled
SHP00651,P013,S003,R011,2024-03-30,2024-04-01 18:49:07,2024-04-02 05:36:00,77.6,0.0,3.35,14.3,In Transit
SHP00652,P008,S009,R019,2024-12-26,2024-12-27 15:11:47,,62.6,400.0,19.33,12.8,Cancelled
SHP00653,P005,S006,R016,2024-05-31,2024-06-03 19:12:14,2024-06-03 22:09:36,85.6,500.0,13.38,2.9,Delivered
SHP00654,P011,S001,R017,2024-07-31,2024-08-02 23:18:39,2024-08-03 21:18:00,93.3,50.0,21.42,3.5,delivered
SHP00655,P008,S010,R028,2024-07-14,2024-07-16 18:55:54,2024-07-17 18:51:36,82.6,200.0,19.33,2.0,Delivered
SHP00656,P005,S002,R006,2024-10-30,2024-11-02 22:25:00,2024-11-03 09:30:00,105.5,500.0,13.38,1.7,delivered
SHP00657,P014,S003,R020,2024-05-07,2024-05-12 23:34:57,2024-05-19 21:06:00,140.5,500.0,16.04,14.7,Delivered
SHP00658,P006,S008,R015,2024-08-04,2024-08-05 14:58:46,2024-08-06 07:38:24,42.8,400.0,16.77,-5.9,Delivered
SHP00659,P010,S010,R018,2024-03-19,2024-03-20 03:57:41,2024-03-20 11:18:00,35.3,500.0,3.9,-17.2,Delivered
SHP00660,P007,S003,R007,2024-01-03,2024-01-08 15:20:43,2024-01-07 18:50:24,104.4,400.0,12.06,3.7,Delivered
SHP00661,P010,S010,R003,2024-07-28,2024-08-03 08:31:12,2024-08-05 08:18:00,200.3,400.0,3.9,-7.5,delivered
SHP00662,P016,S006,R023,30/01/2024,2024-02-01 20:01:25,2024-02-02 15:00:36,79.1,300.0,19.67,0.1,delivered
SHP00663,P005,S005,R020,2024-08-21,2024-08-26 12:01:00,2024-08-29 17:36:00,209.6,-50.0,13.38,2.7,delivered
SHP00664,P013,S007,R023,2024-10-27,2024-10-29 09:53:01,2024-11-02 07:21:36,94.6,400.0,3.35,11.5,Delivered
SHP00665,P018,S007,R019,2024-06-06,2024-06-07 19:17:09,2024-06-09 15:21:36,54.6,300.0,16.44,11.0,Delivered
SHP00666,P013,S005,R001,2024-03-27,2024-03-28 22:15:52,2024-03-29 22:42:00,70.7,400.0,3.35,-2.1,Delivered
SHP00667,P005,S004,R016,2024-04-03,2024-04-06 14:28:47,2024-04-07 21:35:24,106.9,150.0,13.38,0.8,Delivered
SHP00668,P014,S008,R021,2024-11-15,2024-11-18 11:20:45,,68.7,100.0,16.04,13.2,Cancelled
SHP00669,P016,S002,R001,2024-02-01,2024-02-03 07:32:59,,49.3,50.0,19.67,5.3,Cancelled
SHP00670,P009,S008,R016,2024-06-21,2024-06-24 18:30:24,2024-06-26 05:37:12,114.2,200.0,8.03,-0.1,delivered
SHP00671,P020,S001,R012,2024-06-18,2024-06-19 22:40:31,2024-06-22 17:36:00,71.0,150.0,23.51,3.3,Delivered
SHP00672,P009,S004,R012,2024-08-19,2024-08-21 05:06:54,2024-08-21 15:36:00,63.6,0.0,8.03,-0.4,Delivered
SHP00673,P011,S008,R008,2024-11-06,2024-11-09 12:26:32,2024-11-10 22:41:24,91.3,500.0,21.42,1.8,delivered
SHP00674,P013,S005,R020,2024-04-09,2024-04-15 07:29:33,2024-04-21 07:21:36,184.6,500.0,3.35,-5.8,Delivered
SHP00675,P018,S008,R006,16/08/2024,2024-08-19 17:05:11,2024-08-21 13:12:00,133.2,100.0,16.44,0.7,delivered
SHP00676,P011,S007,R025,2024-05-23,2024-05-28 08:28:44,2024-05-28 05:12:00,125.2,150.0,21.42,9.1,delivered
SHP00677,P003,S006,R028,2024-04-24,2024-04-27 02:50:17,,104.8,400.0,18.91,3.5,Cancelled
SHP00678,P014,S004,R008,2024-05-12,2024-05-15 02:25:10,2024-05-14 20:42:00,68.7,100.0,16.04,11.5,Delivered
SHP00679,P013,S010,R024,2024-01-01,2024-01-05 18:14:30,2024-01-05 16:12:00,112.2,300.0,3.35,1.7,Delivered
SHP00680,P020,S010,R008,2024-02-24,2024-02-27 09:21:05,2024-02-27 13:54:00,85.9,200.0,23.51,3.8,In Transit
SHP00681,P010,S003,R024,2024-12-06,2024-12-10 23:19:36,2024-12-12 14:12:00,158.2,100.0,3.9,-16.5,delivered
SHP00682,P007,S008,R010,2024-12-26,2024-12-29 11:10:35,2025-01-02 08:55:48,136.1,200.0,12.06,2.9,Delivered
SHP00683,P006,S008,R024,2024-07-19,2024-07-23 23:03:14,2024-07-26 09:55:12,111.2,400.0,16.77,0.1,delivered
SHP00684,P012,S007,R013,2024-02-06,2024-02-12 06:48:23,2024-02-14 09:24:36,183.1,400.0,18.65,3.4,Delivered
SHP00685,P019,S001,R028,2024-12-29,2025-01-01 01:19:22,2025-01-01 05:52:48,70.8,150.0,9.85,9.9,delivered
SHP00686,P001,S006,R024,2024-10-21,2024-10-25 22:25:22,2024-10-26 02:35:24,,150.0,,4.0,Delivered
SHP00687,P016,S003,R002,2024-03-01,2024-03-02 00:07:13,2024-03-02 14:56:24,35.4,400.0,19.67,15.6,Delivered
SHP00688,P016,S005,R023,2024-11-01,2024-11-03 16:44:36,2024-11-04 21:42:00,93.7,500.0,19.67,-2.0,delivered
SHP00689,P015,S006,R001,2024-03-02,2024-03-03 23:26:15,2024-03-03 23:51:00,43.5,500.0,6.02,12.0,delivered
SHP00690,P019,S003,R013,04/09/2024,2024-09-10 19:22:55,2024-09-13 23:42:00,239.7,150.0,9.85,9.3,delivered
SHP00691,P018,S009,R026,2024-09-28,2024-09-30 21:55:05,2024-10-01 14:54:00,79.0,200.0,16.44,-5.3,Delivered
SHP00692,P020,S003,R001,2024-10-11,2024-10-13 01:18:33,2024-10-13 08:24:00,56.4,100.0,23.51,2.6,Delivered
SHP00693,P004,S009,R010,2024-07-05,2024-07-08 13:07:38,2024-07-17 11:12:00,,250.0,,6.3,In Transit
SHP00694,P016,S006,R017,2024-06-29,2024-07-02 02:27:17,2024-07-03 03:59:24,90.9,150.0,19.67,4.2,Delivered
SHP00695,P020,S009,R007,2024-10-29,2024-11-03 05:45:04,2024-11-04 10:06:36,140.1,400.0,23.51,1.0,Delivered
SHP00696,P003,S005,R022,2024-08-05,2024-08-09 21:57:35,,187.1,200.0,18.91,3.1,Cancelled
SHP00697,P017,S010,R006,2024-08-02,2024-08-05 14:15:47,2024-08-08 17:19:48,124.1,200.0,21.86,3.9,Delivered
SHP00698,P018,S007,R003,2024-06-17,2024-06-22 15:47:47,2024-06-24 06:18:00,174.3,200.0,16.44,3.5,Delivered
SHP00699,P008,S007,R004,2024-03-04,2024-03-04 08:54:41,,7.7,250.0,19.33,7.2,Cancelled
SHP00700,P002,S003,R011,2024-07-18,2024-07-20 17:53:42,2024-07-20 13:36:00,56.0,400.0,6.75,1.3,Delivered
SHP00701,P017,S003,R022,2024-03-05,2024-03-10 08:11:19,2024-03-09 14:12:00,110.2,300.0,21.86,15.8,Delivered
SHP00702,P014,S008,R006,2024-08-12,2024-08-15 22:28:18,2024-08-17 15:18:00,135.3,200.0,16.04,13.9,Delivered
SHP00703,P014,S006,R028,2024-02-16,2024-02-18 17:28:55,,88.7,100.0,16.04,14.2,Cancelled
SHP00704,P001,S007,R022,2024-09-17,2024-09-21 21:47:43,,186.3,100.0,16.53,-0.8,Cancelled
SHP00705,P001,S007,R023,2024-09-30,2024-10-02 11:50:50,2024-10-03 20:17:24,83.9,50.0,16.53,17.4,Delivered
SHP00706,P017,S004,R006,2024-02-08,2024-02-11 11:08:47,2024-02-11 21:06:00,93.1,150.0,21.86,2.0,Delivered
SHP00707,P008,S009,R028,2024-03-01,2024-03-03 22:59:45,2024-03-03 22:00:00,70.0,400.0,19.33,2.5,Delivered
SHP00708,P017,S001,R015,2024-11-12,2024-11-13 10:09:54,2024-11-14 04:30:00,52.5,-50.0,21.86,1.2,In Transit
SHP00709,P004,S007,R016,2024-04-11,2024-04-14 21:40:11,2024-04-14 05:12:00,77.2,150.0,11.42,3.9,Delivered
SHP00710,P013,S006,R010,2024-07-05,2024-07-08 13:18:37,2024-07-10 08:26:24,98.8,500.0,3.35,1.8,Delivered
SHP00711,P001,S006,R028,2024-12-29,2024-12-31 19:00:48,2024-12-31 17:00:00,65.0,50.0,16.53,3.5,Delivered
SHP00712,P009,S002,R014,2024-09-07,2024-09-11 07:46:53,2024-09-12 07:29:24,115.9,400.0,8.03,1.3,delivered
SHP00713,P013,S003,R004,2024-02-25,2024-02-25 07:55:54,2024-02-25 11:42:00,11.7,50.0,3.35,2.7,Delivered
SHP00714,P020,S001,R014,2024-09-02,2024-09-06 01:54:42,2024-09-07 05:27:00,96.5,150.0,23.51,0.6,Delivered
SHP00715,P008,S007,R007,2024-08-30,2024-09-04 23:19:01,2024-09-07 01:29:24,175.9,150.0,19.33,0.7,Delivered
SHP00716,P009,S004,R005,2024-08-06,2024-08-09 05:03:57,2024-08-09 10:25:12,63.4,200.0,8.03,0.6,In Transit
SHP00717,P017,S007,R021,27/01/2024,2024-01-30 05:39:52,2024-01-30 08:42:00,80.7,300.0,21.86,1.7,Delivered
SHP00718,P002,S006,R007,2024-05-26,2024-06-01 01:51:24,2024-06-01 07:48:00,151.8,300.0,6.75,3.9,Delivered
SHP00719,P001,S009,R025,2024-03-07,2024-03-12 20:53:17,2024-03-12 16:36:00,136.6,250.0,16.53,-1.8,In Transit
SHP00720,P004,S003,R021,2024-11-04,2024-11-07 10:34:27,,69.3,100.0,11.42,10.2,Cancelled
SHP00721,P010,S008,R025,2024-04-13,2024-04-18 05:48:42,2024-04-19 13:24:00,157.4,300.0,3.9,-15.9,In Transit
SHP00722,P004,S007,R003,2024-09-04,2024-09-10 06:53:46,,150.8,150.0,11.42,4.4,Cancelled
SHP00723,P007,S007,R016,2024-12-16,2024-12-19 21:39:17,2024-12-20 13:06:00,109.1,400.0,12.06,2.0,Delivered
SHP00724,P001,S003,R019,2024-04-21,2024-04-22 13:26:10,2024-04-24 08:09:36,50.1,250.0,16.53,3.0,Delivered
SHP00725,P009,S009,R004,2024-03-28,2024-03-28 08:35:40,2024-03-28 08:00:00,8.0,250.0,8.03,1.8,Delivered
SHP00726,P002,S004,R027,2024-04-17,2024-04-17 10:11:58,,13.2,100.0,6.75,2.7,Cancelled
SHP00727,P005,S007,R020,2024-05-30,2024-06-04 09:35:16,2024-06-06 17:38:24,142.8,150.0,13.38,9.8,Delivered
SHP00728,P019,S002,R024,2024-12-18,2024-12-22 19:36:20,2024-12-25 21:16:48,118.3,500.0,9.85,10.2,Delivered
SHP00729,P013,S003,R015,2024-04-28,2024-04-29 12:50:24,2024-04-30 01:12:00,49.2,500.0,3.35,2.0,Delivered
SHP00730,P016,S003,R021,2024-05-24,2024-05-27 04:01:09,2024-05-26 15:12:00,63.2,100.0,19.67,2.4,In Transit
SHP00731,P013,S002,R024,2024-09-26,2024-09-30 21:40:22,2024-09-30 01:18:00,97.3,100.0,3.35,1.5,delivered
SHP00732,P005,S004,R025,2024-02-12,2024-02-18 01:57:01,2024-02-17 23:06:36,130.1,300.0,13.38,8.7,Delivered
SHP00733,P016,S010,R015,2024-03-24,2024-03-25 13:09:36,2024-03-25 13:12:00,37.2,100.0,19.67,1.1,Delivered
SHP00734,P010,S002,R017,2024-07-31,2024-08-03 08:08:18,2024-08-02 16:36:00,64.6,250.0,3.9,-17.6,delivered
SHP00735,P004,S008,R006,2024-02-26,2024-03-01 01:09:43,2024-02-29 11:24:00,83.4,300.0,11.42,3.3,Delivered
SHP00736,P020,S003,R006,2024-08-07,2024-08-10 19:05:09,2024-08-11 18:37:12,104.2,250.0,23.51,2.7,Delivered
SHP00737,P004,S005,R016,2024-12-04,2024-12-07 17:14:26,2024-12-10 11:50:24,97.4,150.0,11.42,1.2,Delivered
SHP00738,P013,S008,R024,2024-09-01,2024-09-05 08:02:21,2024-09-07 11:18:00,155.3,150.0,3.35,5.9,In Transit
SHP00739,P016,S007,R016,2024-12-21,2024-12-24 23:13:31,,140.4,200.0,19.67,3.8,Cancelled
SHP00740,P018,S008,R018,2024-10-01,2024-10-02 05:08:51,2024-10-02 21:32:24,41.4,200.0,16.44,2.3,Delivered
SHP00741,P007,S001,R012,2024-10-12,2024-10-13 23:57:24,2024-10-14 09:54:00,57.9,150.0,12.06,13.2,Delivered
SHP00742,P018,S007,R008,2024-04-17,2024-04-20 01:55:48,2024-04-21 16:30:00,112.5,400.0,16.44,16.3,delivered
SHP00743,P012,S001,R023,2024-02-24,2024-02-26 09:48:17,2024-02-28 07:36:36,79.7,300.0,18.65,10.3,Delivered
SHP00744,P019,S007,R005,2024-04-03,2024-04-06 04:08:20,2024-04-06 19:30:00,91.5,300.0,9.85,22.2,delivered
SHP00745,P010,S002,R005,2024-01-31,2024-02-03 02:27:27,2024-02-06 08:21:36,117.2,400.0,3.9,-18.0,In Transit
SHP00746,P009,S010,R017,2024-06-05,2024-06-08 01:13:28,2024-06-09 00:48:00,96.8,400.0,8.03,,Delivered
SHP00747,P013,S010,R002,2024-04-22,2024-04-23 00:53:25,2024-04-24 06:46:48,24.9,500.0,3.35,0.3,delivered
SHP00748,P013,S003,R002,2024-07-09,2024-07-09 22:05:11,2024-07-10 05:24:00,29.4,300.0,3.35,2.4,Delivered
SHP00749,P004,S002,R007,2024-11-01,2024-11-07 01:53:16,,104.2,200.0,11.42,5.7,Cancelled
SHP00750,P019,S008,R002,2024-01-25,2024-01-26 01:25:51,2024-01-25 23:30:00,23.5,400.0,9.85,9.1,Delivered
SHP00751,P012,S003,R023,2024-12-11,2024-12-13 13:48:05,2024-12-13 09:51:36,52.6,150.0,18.65,3.2,In Transit
SHP00752,P002,S005,R006,2024-03-18,2024-03-21 10:13:03,2024-03-23 06:03:36,114.6,200.0,6.75,12.1,delivered
SHP00753,P006,S009,R017,2024-11-07,2024-11-10 08:23:38,2024-11-10 21:30:00,93.5,400.0,16.77,6.2,delivered
SHP00754,P013,S004,R007,2024-11-08,2024-11-14 03:08:01,2024-11-15 14:16:12,165.7,50.0,3.35,-999.0,Delivered
SHP00755,P003,S008,R004,2024-08-20,2024-08-20 09:14:45,2024-08-20 08:30:00,8.5,100.0,18.91,3.5,delivered
SHP00756,P009,S008,R009,2024-08-14,2024-08-16 04:36:17,,71.0,250.0,8.03,-0.9,Cancelled
SHP00757,P005,S008,R012,2024-09-19,2024-09-21 07:59:38,2024-09-22 00:30:00,72.5,50.0,13.38,-4.4,delivered
SHP00758,P008,S009,R001,2024-03-20,2024-03-22 01:04:45,2024-03-23 00:12:00,72.2,400.0,19.33,0.3,delivered
SHP00759,P015,S008,R021,2024-09-30,2024-10-03 08:41:28,2024-10-04 21:36:00,117.6,400.0,6.02,-0.5,Delivered
SHP00760,P011,S010,R016,2024-04-18,2024-04-21 20:59:30,2024-04-23 01:12:00,121.2,500.0,21.42,-0.5,Delivered
SHP00761,P002,S010,R025,2024-07-13,2024-07-18 22:36:48,2024-07-18 21:42:00,109.0,50.0,6.75,-999.0,Delivered
SHP00762,P014,S005,R009,2024-11-21,2024-11-23 04:37:07,,50.6,500.0,16.04,14.7,Cancelled
SHP00763,P009,S003,R027,2024-01-28,2024-01-28 12:07:55,,9.4,400.0,8.03,4.1,Cancelled
SHP00764,P006,S007,R012,2024-12-20,2024-12-22 06:43:37,2024-12-22 19:52:12,61.7,150.0,16.77,11.8,delivered
SHP00765,P011,S001,R005,2024-08-22,2024-08-25 09:44:01,2024-08-27 00:24:00,120.4,50.0,21.42,-5.4,Delivered
SHP00766,P019,S002,R002,2024-04-21,2024-04-21 22:03:17,2024-04-22 10:19:12,31.2,200.0,9.85,3.3,delivered
SHP00767,P001,S006,R027,2024-07-05,2024-07-05 12:07:17,2024-07-05 08:42:00,8.7,500.0,16.53,16.3,Delivered
SHP00768,P018,S007,R017,2024-06-20,2024-06-22 21:43:00,2024-06-22 15:00:00,63.0,400.0,16.44,2.4,delivered
SHP00769,P014,S005,R023,2024-11-13,2024-11-15 19:46:34,,92.9,100.0,16.04,14.7,Cancelled
SHP00770,P004,S008,R024,2024-11-15,2024-11-19 07:45:04,2024-11-21 20:54:00,164.9,250.0,11.42,2.1,Delivered
SHP00771,P015,S009,R013,2024-02-28,2024-03-05 12:23:45,2024-03-04 23:18:00,143.3,400.0,6.02,18.2,delivered
SHP00772,P013,S001,R012,2024-04-24,2024-04-26 01:16:22,2024-04-26 17:07:12,59.2,400.0,3.35,3.6,Delivered
SHP00773,P014,S001,R001,2024-01-14,2024-01-16 01:53:40,2024-01-16 10:22:12,44.9,400.0,16.04,9.0,In Transit
SHP00774,P013,S001,R026,2024-10-22,2024-10-25 03:29:53,2024-10-25 03:54:00,75.9,150.0,3.35,5.9,Delivered
SHP00775,P005,S009,R004,2024-11-19,2024-11-19 08:21:51,2024-11-19 13:23:24,,,,17.5,Delivered
SHP00776,P001,S007,R001,2024-11-17,2024-11-18 23:44:21,2024-11-20 03:47:24,68.9,400.0,16.53,3.9,delivered
SHP00777,P015,S006,R006,2024-05-02,2024-05-05 12:39:08,2024-05-06 16:30:00,112.5,400.0,6.02,-1.2,delivered
SHP00778,P003,S003,R021,2024-01-12,2024-01-15 10:27:46,2024-01-16 05:24:00,101.4,100.0,18.91,4.4,Delivered
SHP00779,P003,S002,R016,2024-07-04,2024-07-07 16:13:07,2024-07-09 16:06:00,136.1,100.0,18.91,8.9,In Transit
SHP00780,P011,S008,R026,2024-03-23,2024-03-25 15:10:01,2024-03-25 14:36:00,62.6,50.0,21.42,0.8,Delivered
SHP00781,P016,S010,R020,2024-10-06,2024-10-11 22:06:31,2024-10-10 12:24:00,108.4,50.0,19.67,2.4,Delivered
SHP00782,P012,S002,R007,2024-01-16,2024-01-21 08:06:13,2024-01-22 06:35:24,136.9,500.0,18.65,12.4,Delivered
SHP00783,P018,S005,R015,2024-09-10,2024-09-11 16:28:55,2024-09-12 17:16:48,40.8,250.0,16.44,0.8,Delivered
SHP00784,P019,S005,R006,2024-04-15,2024-04-18 17:10:58,,133.1,300.0,9.85,11.0,Cancelled
SHP00785,P007,S010,R012,2024-07-10,2024-07-12 06:41:27,2024-07-13 02:30:00,74.5,250.0,12.06,18.6,Delivered
SHP00786,P017,S006,R013,2024-01-16,2024-01-22 22:34:02,2024-01-21 13:36:00,133.6,200.0,21.86,1.0,Delivered
SHP00787,P011,S002,R001,2024-06-12,2024-06-14 05:13:42,2024-06-14 17:48:00,65.8,200.0,21.42,-0.0,In Transit
SHP00788,P007,S009,R007,2024-02-22,2024-02-27 20:54:07,2024-03-03 17:26:24,160.9,400.0,12.06,-2.6,In Transit
SHP00789,P011,S004,R007,2024-01-26,2024-01-31 15:17:33,,185.9,150.0,21.42,-0.6,Cancelled
SHP00790,P019,S001,R010,2024-01-10,2024-01-14 00:58:00,,113.7,400.0,9.85,20.6,Cancelled
SHP00791,P002,S006,R021,2024-01-09,2024-01-12 02:58:12,2024-01-12 14:03:36,66.2,400.0,6.75,8.5,Delivered
SHP00792,P002,S007,R010,2024-12-22,2024-12-25 18:41:32,2024-12-28 07:01:48,137.3,100.0,6.75,17.6,Delivered
SHP00793,P005,S002,R011,2024-12-18,2024-12-20 11:01:09,2024-12-21 09:48:00,81.8,50.0,13.38,-1.1,Delivered
SHP00794,P002,S002,R002,2024-06-04,2024-06-04 22:41:15,2024-06-04 21:07:12,19.2,150.0,6.75,5.0,Delivered
SHP00795,P005,S010,R028,2024-07-30,2024-08-02 01:30:26,2024-08-02 16:48:00,88.8,500.0,13.38,1.9,Delivered
SHP00796,P016,S004,R003,2024-05-15,2024-05-21 01:03:15,2024-05-22 19:36:00,187.6,200.0,19.67,7.9,Delivered
SHP00797,P002,S004,R001,2024-12-09,2024-12-11 06:13:07,2024-12-10 23:24:00,47.4,300.0,6.75,2.4,Delivered
SHP00798,P005,S009,R004,2024-03-07,2024-03-07 08:19:05,2024-03-07 17:22:48,7.9,400.0,13.38,14.6,Delivered
SHP00799,P010,S010,R021,2024-02-22,2024-02-25 15:03:21,2024-02-25 06:06:00,71.0,150.0,3.9,-15.3,In Transit
SHP00800,P015,S006,R009,2024-03-01,2024-03-03 03:59:54,2024-03-04 10:54:00,82.9,300.0,6.02,2.0,Delivered
SHP00801,P002,S007,R024,2024-08-04,2024-08-08 09:40:16,2024-08-08 06:12:00,102.2,400.0,6.75,3.2,Delivered
SHP00802,P004,S004,R004,2024-01-28,2024-01-28 08:39:44,2024-01-28 12:18:00,12.3,400.0,11.42,3.1,Delivered
SHP00803,P009,S008,R007,2024-03-28,2024-04-02 11:23:59,2024-04-04 16:06:00,184.1,100.0,8.03,1.2,delivered
SHP00804,P010,S004,R006,2024-06-10,2024-06-13 11:42:50,2024-06-14 18:30:00,114.5,500.0,3.9,-15.1,Delivered
SHP00805,P009,S002,R006,2024-12-13,2024-12-16 09:02:32,2024-12-17 23:54:00,119.9,200.0,8.03,-1.0,Delivered
SHP00806,P019,S005,R027,2024-04-26,2024-04-26 10:33:20,2024-04-26 13:06:00,13.1,300.0,9.85,9.2,delivered
SHP00807,P018,S005,R022,2024-09-06,2024-09-11 05:33:56,2024-09-12 13:10:12,120.9,500.0,16.44,1.3,delivered
SHP00808,P001,S003,R014,2024-04-22,2024-04-25 19:28:24,2024-04-27 04:06:00,124.1,400.0,16.53,3.5,delivered
SHP00809,P013,S002,R009,2024-11-16,2024-11-18 12:46:00,2024-11-19 00:12:00,72.2,250.0,3.35,14.7,Delivered
SHP00810,P013,S010,R014,2024-05-21,2024-05-24 17:35:36,,97.9,400.0,3.35,2.4,Cancelled
SHP00811,P012,S005,R004,2024-01-05,2024-01-05 08:50:30,2024-01-05 09:48:00,9.8,150.0,18.65,3.9,Delivered
SHP00812,P010,S001,R015,21/01/2024,2024-01-22 15:37:22,2024-01-22 10:36:00,34.6,300.0,3.9,-18.0,Delivered
SHP00813,P005,S006,R010,2024-09-14,2024-09-17 23:27:29,2024-09-18 19:12:00,115.2,200.0,13.38,1.1,Delivered
SHP00814,P002,S008,R012,2024-05-07,2024-05-09 04:54:02,,71.2,250.0,6.75,10.9,Cancelled
SHP00815,P019,S007,R022,2024-06-14,2024-06-18 21:51:42,2024-06-23 10:12:00,174.0,200.0,9.85,9.7,Delivered
SHP00816,P015,S009,R006,2024-07-11,2024-07-14 23:04:27,2024-07-16 01:24:00,121.4,300.0,6.02,2.8,In Transit
SHP00817,P014,S008,R001,2024-10-13,2024-10-15 05:42:53,2024-10-14 16:00:00,40.0,200.0,16.04,14.8,Delivered
SHP00818,P018,S010,R010,2024-01-28,2024-01-31 16:57:03,2024-02-02 01:24:00,121.4,500.0,16.44,3.2,Delivered
SHP00819,P004,S006,R020,2024-02-19,2024-02-24 23:17:11,,196.5,50.0,11.42,13.1,Cancelled
SHP00820,P016,S003,R008,2024-12-11,2024-12-14 03:27:06,2024-12-15 14:59:24,100.9,200.0,19.67,-1.2,Delivered
SHP00821,P004,S009,R004,2024-05-06,2024-05-06 08:29:50,2024-05-06 10:08:24,7.8,100.0,11.42,2.2,In Transit
SHP00822,P008,S009,R009,2024-11-09,2024-11-11 12:20:15,2024-11-12 07:31:48,72.3,150.0,19.33,2.5,delivered
SHP00823,P006,S009,R024,2024-12-24,2024-12-28 15:48:17,2024-12-29 12:24:00,132.4,250.0,16.77,-3.0,delivered
SHP00824,P015,S007,R027,2024-08-05,2024-08-05 10:48:18,2024-08-05 09:54:00,9.9,50.0,6.02,2.3,delivered
SHP00825,P002,S006,R005,2024-08-27,2024-08-30 09:05:38,2024-08-31 21:12:00,117.2,200.0,6.75,3.0,delivered
SHP00826,P017,S002,R006,2024-12-01,2024-12-04 20:02:42,2024-12-04 14:14:24,78.4,150.0,21.86,3.4,delivered
SHP00827,P013,S002,R027,2024-11-26,2024-11-26 12:15:46,2024-11-26 13:58:12,12.7,250.0,3.35,2.8,Delivered
SHP00828,P019,S006,R019,2024-11-12,2024-11-13 13:53:53,2024-11-14 09:36:00,57.6,500.0,9.85,16.0,In Transit
SHP00829,P008,S004,R004,2024-03-30,2024-03-30 08:21:05,2024-03-31 00:38:24,11.2,250.0,19.33,10.6,delivered
SHP00830,P012,S010,R021,2024-01-16,2024-01-19 06:28:03,2024-01-21 11:00:36,119.1,200.0,18.65,4.0,In Transit
SHP00831,P010,S004,R007,2024-03-23,2024-03-28 16:03:46,2024-03-31 00:16:12,147.9,100.0,3.9,-17.9,Delivered
SHP00832,P012,S007,R019,2024-10-06,2024-10-07 16:02:48,2024-10-08 16:34:12,58.7,500.0,18.65,16.6,Delivered
SHP00833,P016,S009,R012,2024-07-01,2024-07-03 04:07:53,,63.6,400.0,19.67,1.7,Cancelled
SHP00834,P017,S005,R004,2024-03-01,2024-03-01 07:48:37,2024-03-01 09:48:00,9.8,250.0,21.86,3.3,Delivered
SHP00835,P012,S002,R028,2024-03-21,2024-03-23 17:27:22,2024-03-25 21:28:48,106.8,250.0,18.65,18.4,Delivered
SHP00836,P004,S010,R016,2024-05-14,2024-05-17 13:05:33,,117.7,50.0,11.42,5.6,Cancelled
SHP00837,P011,S001,R008,2024-09-09,2024-09-12 15:39:15,,66.0,100.0,21.42,-6.8,Cancelled
SHP00838,P003,S009,R016,07/03/2024,2024-03-10 13:15:39,2024-03-10 18:24:00,90.4,400.0,18.91,4.6,Delivered
SHP00839,P002,S001,R025,2024-04-10,2024-04-15 23:56:29,2024-04-17 05:08:24,157.4,400.0,6.75,-3.7,In Transit
SHP00840,P018,S003,R004,2024-08-12,2024-08-12 08:43:41,2024-08-12 11:40:48,7.3,50.0,16.44,1.4,Delivered
SHP00841,P008,S007,R024,01/10/2024,2024-10-06 02:49:04,2024-10-06 14:12:00,134.2,150.0,19.33,-5.5,Delivered
SHP00842,P012,S010,R021,2024-05-05,2024-05-08 03:30:19,2024-05-10 03:42:00,123.7,200.0,18.65,-5.5,delivered
SHP00843,P008,S008,R023,2024-06-03,2024-06-05 18:16:13,2024-06-06 21:06:00,93.1,100.0,19.33,-4.4,In Transit
SHP00844,P020,S008,R009,2024-02-10,2024-02-12 04:34:09,2024-02-14 17:57:36,51.8,200.0,23.51,3.0,delivered
SHP00845,P005,S001,R008,2024-12-23,2024-12-26 12:49:35,2024-12-31 02:55:12,88.6,250.0,13.38,3.3,In Transit
SHP00846,P003,S001,R009,2024-11-08,2024-11-10 03:17:48,2024-11-10 11:30:00,59.5,400.0,18.91,2.9,In Transit
SHP00847,P010,S001,R018,2024-06-27,2024-06-28 08:07:48,,44.0,250.0,3.9,-15.5,Cancelled
SHP00848,P001,S006,R024,2024-11-14,2024-11-18 14:45:54,2024-11-19 14:58:12,122.7,400.0,16.53,4.7,delivered
SHP00849,P018,S008,R014,2024-10-20,2024-10-24 07:12:19,2024-10-25 08:36:00,128.6,200.0,16.44,14.2,Delivered
SHP00850,P009,S002,R008,04/10/2024,2024-10-07 09:51:21,,79.7,250.0,8.03,-0.2,Cancelled
SHP00851,P010,S010,R022,2024-06-13,2024-06-18 14:56:21,2024-06-20 09:00:00,177.0,50.0,3.9,-18.0,In Transit
SHP00852,P018,S004,R014,2024-01-30,2024-02-02 18:18:45,2024-02-06 21:07:12,118.2,500.0,16.44,3.8,Delivered
SHP00853,P016,S003,R008,2024-11-18,2024-11-21 14:28:24,2024-11-21 07:31:48,72.3,150.0,19.67,2.6,In Transit
SHP00854,P002,S009,R023,2024-04-26,2024-04-28 17:29:00,2024-04-28 02:48:00,50.8,300.0,6.75,3.4,Delivered
SHP00855,P012,S002,R003,2024-09-16,2024-09-21 19:43:59,2024-09-22 09:24:00,153.4,400.0,18.65,1.5,In Transit
SHP00856,P005,S001,R011,2024-11-06,2024-11-08 12:18:28,2024-11-09 12:48:00,84.8,50.0,13.38,9.8,Delivered
SHP00857,P005,S010,R001,2024-02-24,2024-02-26 06:07:00,2024-02-26 14:42:00,62.7,300.0,13.38,-2.5,In Transit
SHP00858,P002,S003,R013,2024-11-28,2024-12-04 00:38:32,2024-12-06 14:52:48,129.3,400.0,6.75,3.0,Delivered
SHP00859,P017,S001,R020,2024-08-29,2024-09-03 22:04:14,2024-09-05 10:54:00,178.9,200.0,21.86,2.3,Delivered
SHP00860,P011,S002,R023,2024-05-03,2024-05-05 20:23:46,2024-05-05 21:18:00,69.3,100.0,21.42,0.7,delivered
SHP00861,P008,S008,R026,2024-08-02,2024-08-05 02:01:03,2024-08-07 23:39:36,65.3,400.0,19.33,12.2,delivered
SHP00862,P009,S005,R011,09/06/2024,2024-06-11 13:10:47,2024-06-11 05:00:00,53.0,200.0,8.03,0.5,In Transit
SHP00863,P004,S007,R009,2024-10-10,2024-10-12 08:08:53,2024-10-13 01:36:00,73.6,50.0,11.42,19.5,Delivered
SHP00864,P017,S007,R014,2024-06-30,2024-07-04 05:51:27,,84.3,300.0,21.86,1.3,Cancelled
SHP00865,P002,S002,R024,2024-06-30,2024-07-05 01:06:02,2024-07-07 15:35:24,166.9,150.0,6.75,8.5,delivered
SHP00866,P017,S002,R005,2024-01-04,2024-01-07 07:42:59,2024-01-08 13:07:12,99.2,250.0,21.86,1.8,Delivered
SHP00867,P016,S006,R002,2024-10-15,2024-10-15 23:33:45,2024-10-16 03:06:00,27.1,400.0,19.67,12.6,Delivered
SHP00868,P002,S004,R014,2024-09-22,2024-09-26 09:16:23,2024-09-25 23:36:00,95.6,250.0,6.75,2.3,In Transit
SHP00869,P006,S005,R009,2024-11-06,2024-11-08 13:02:19,2024-11-09 10:56:24,75.4,150.0,16.77,0.8,Delivered
SHP00870,P018,S009,R026,2024-04-09,2024-04-12 02:04:47,,53.4,400.0,16.44,3.8,Cancelled
SHP00871,P015,S005,R004,2024-12-27,2024-12-27 07:55:18,2024-12-27 20:00:00,12.5,150.0,6.02,0.3,delivered
SHP00872,P012,S002,R024,2024-04-23,2024-04-27 12:36:59,2024-04-29 03:48:00,147.8,100.0,18.65,2.5,Delivered
SHP00873,P002,S007,R004,2024-12-27,2024-12-27 08:14:35,,11.7,50.0,6.75,-3.8,Cancelled
SHP00874,P008,S004,R009,2024-08-28,2024-08-30 11:50:55,2024-08-30 06:27:00,49.5,100.0,19.33,0.8,delivered
SHP00875,P001,S007,R003,2024-09-08,2024-09-13 11:41:56,2024-09-14 21:30:00,165.5,400.0,16.53,2.5,Delivered
SHP00876,P016,S009,R022,2024-04-02,2024-04-07 14:46:22,2024-04-14 01:45:36,181.1,300.0,19.67,7.8,Delivered
SHP00877,P004,S005,R014,2024-08-16,2024-08-20 05:12:43,2024-08-20 03:06:00,99.1,100.0,11.42,3.3,In Transit
SHP00878,P016,S008,R020,2024-07-29,2024-08-03 08:49:29,2024-08-05 13:54:00,181.9,400.0,19.67,3.4,Delivered
SHP00879,P011,S007,R013,2024-08-14,2024-08-20 06:08:14,2024-08-21 02:48:00,170.8,50.0,21.42,-0.3,In Transit
SHP00880,P006,S009,R007,2024-11-16,2024-11-22 03:23:51,2024-11-21 05:57:00,114.5,50.0,16.77,2.2,Delivered
SHP00881,P011,S006,R025,2024-10-10,2024-10-15 03:07:54,2024-10-14 13:06:00,109.1,400.0,21.42,2.0,Delivered
SHP00882,P006,S006,R011,30/07/2024,2024-08-01 17:01:56,2024-08-02 20:19:12,57.7,100.0,16.77,0.1,In Transit
SHP00883,P010,S005,R001,2024-04-27,2024-04-29 04:56:55,2024-04-29 15:30:00,63.5,400.0,3.9,-21.7,delivered
SHP00884,P003,S002,R003,2024-09-15,2024-09-21 02:24:32,,183.0,150.0,18.91,5.3,Cancelled
SHP00885,P007,S010,R028,2024-06-08,2024-06-10 22:12:34,2024-06-12 10:35:24,96.9,100.0,12.06,1.8,delivered
SHP00886,P013,S005,R014,2024-02-17,2024-02-21 00:25:24,2024-02-20 19:24:00,91.4,200.0,3.35,2.8,In Transit
SHP00887,P012,S009,R023,2024-02-25,2024-02-27 15:50:44,2024-02-27 21:36:00,69.6,100.0,18.65,6.9,Delivered
SHP00888,P003,S002,R018,2024-03-27,2024-03-28 08:18:43,,27.4,500.0,18.91,3.6,Cancelled
SHP00889,P002,S008,R009,2024-07-29,2024-07-31 06:43:42,2024-07-31 08:24:00,56.4,400.0,6.75,3.1,Delivered
SHP00890,P018,S008,R018,2024-09-12,2024-09-13 06:39:55,2024-09-13 05:48:00,29.8,100.0,16.44,-0.8,In Transit
SHP00891,P013,S003,R025,2024-01-07,2024-01-12 21:03:51,2024-01-11 23:18:00,119.3,50.0,3.35,3.9,In Transit
SHP00892,P017,S008,R005,2024-10-07,2024-10-10 02:06:05,,88.3,250.0,21.86,,Cancelled
SHP00893,P019,S003,R005,2024-05-28,2024-05-31 05:08:27,2024-06-01 08:23:24,94.9,500.0,9.85,3.5,Delivered
SHP00894,P005,S003,R017,2024-08-30,2024-09-02 01:07:13,2024-09-01 09:12:00,57.2,250.0,13.38,3.9,Delivered
SHP00895,P018,S008,R011,2024-02-18,2024-02-20 13:53:37,2024-02-20 02:18:00,50.3,200.0,16.44,2.2,Delivered
SHP00896,P009,S005,R027,2024-08-06,2024-08-06 10:51:10,2024-08-06 14:57:36,13.6,200.0,8.03,-0.2,Delivered
SHP00897,P007,S005,R006,2024-05-14,2024-05-17 11:02:02,2024-05-18 10:30:00,106.5,250.0,12.06,1.5,delivered
SHP00898,P016,S004,R006,2024-01-02,2024-01-06 01:43:03,2024-01-07 01:30:00,121.5,50.0,19.67,5.0,Delivered
SHP00899,P015,S007,R022,2024-08-29,2024-09-03 06:34:08,2024-09-03 08:00:00,128.0,400.0,6.02,1.5,Delivered
SHP00900,P017,S006,R017,2024-02-10,2024-02-13 07:08:53,,106.6,150.0,21.86,17.5,Cancelled
SHP00901,P009,S002,R018,2024-08-10,2024-08-11 03:58:28,2024-08-12 00:45:00,37.5,300.0,8.03,14.9,Delivered
SHP00902,P007,S007,R012,2024-04-01,2024-04-03 08:25:12,2024-04-04 03:54:00,75.9,250.0,12.06,0.8,Delivered
SHP00903,P017,S001,R020,2024-05-19,2024-05-24 15:27:21,2024-05-23 15:24:00,111.4,250.0,21.86,2.8,Delivered
SHP00904,P001,S008,R020,2024-11-19,2024-11-24 12:43:42,2024-11-26 04:28:48,156.8,100.0,16.53,3.1,Delivered
SHP00905,P005,S003,R028,2024-03-08,2024-03-11 03:45:25,,58.8,300.0,13.38,2.8,Cancelled
SHP00906,P007,S010,R024,2024-01-09,2024-01-13 19:59:40,2024-01-16 14:24:00,114.0,300.0,12.06,11.5,delivered
SHP00907,P002,S002,R007,2024-09-13,2024-09-18 09:18:43,2024-09-17 22:18:00,118.3,400.0,6.75,3.2,delivered
SHP00908,P001,S005,R009,2024-10-14,2024-10-16 06:46:01,2024-10-16 15:54:36,58.1,100.0,16.53,-1.2,Delivered
SHP00909,P006,S006,R019,2024-11-16,2024-11-17 19:23:53,2024-11-19 08:28:12,61.9,100.0,16.77,1.5,Delivered
SHP00910,P007,S003,R010,2024-01-28,2024-01-31 15:07:28,2024-01-31 23:24:00,95.4,200.0,12.06,1.7,Delivered
SHP00911,P010,S005,R023,2024-08-13,2024-08-15 14:47:28,2024-08-15 18:39:36,60.6,500.0,3.9,-16.1,delivered
SHP00912,P002,S010,R013,2024-03-20,2024-03-26 04:38:16,2024-03-28 10:43:48,184.3,250.0,6.75,3.6,delivered
SHP00913,P018,S005,R003,2024-09-19,2024-09-24 13:01:05,2024-09-26 20:24:00,188.4,150.0,16.44,0.5,In Transit
SHP00914,P012,S010,R013,2024-12-03,2024-12-08 23:20:24,2024-12-11 17:26:24,190.4,50.0,18.65,3.5,In Transit
SHP00915,P004,S003,R012,2024-06-05,2024-06-07 04:00:51,2024-06-07 11:24:36,45.7,400.0,11.42,4.5,In Transit
SHP00916,P009,S006,R020,2024-06-21,2024-06-26 18:51:28,2024-06-27 15:54:00,159.9,100.0,8.03,10.1,Delivered
SHP00917,P013,S010,R001,2024-03-24,2024-03-26 07:13:47,,58.9,200.0,3.35,18.5,Cancelled
SHP00918,P005,S006,R026,2024-01-28,2024-01-30 19:08:11,2024-02-02 15:58:48,104.6,50.0,13.38,5.0,Delivered
SHP00919,P010,S005,R003,2024-04-04,2024-04-09 11:33:36,2024-04-09 11:18:00,131.3,-50.0,3.9,-15.9,Delivered
SHP00920,P018,S007,R023,2024-04-18,2024-04-20 16:55:51,2024-04-22 23:12:36,91.7,150.0,16.44,-5.4,Delivered
SHP00921,P011,S005,R027,2024-12-11,2024-12-11 11:06:29,,14.9,50.0,21.42,0.5,Cancelled
SHP00922,P008,S006,R012,23/06/2024,2024-06-24 22:39:38,2024-06-25 16:54:00,59.0,200.0,19.33,0.3,Delivered
SHP00923,P010,S007,R003,2024-06-22,2024-06-27 10:56:14,2024-06-28 03:00:00,147.0,500.0,3.9,-16.0,In Transit
SHP00924,P013,S009,R027,2024-02-24,2024-02-24 10:22:26,2024-02-24 13:51:36,12.6,50.0,3.35,3.4,Delivered
SHP00925,P013,S008,R001,2024-09-05,2024-09-07 04:46:28,2024-09-07 16:24:00,64.4,100.0,3.35,1.7,In Transit
SHP00926,P016,S006,R028,2024-09-30,2024-10-02 17:57:24,2024-10-04 11:00:00,107.0,100.0,19.67,3.0,Delivered
SHP00927,P019,S005,R007,2024-09-20,2024-09-25 21:11:42,2024-09-27 18:54:00,186.9,100.0,9.85,9.1,In Transit
SHP00928,P020,S006,R009,2024-08-05,2024-08-07 06:16:46,2024-08-08 02:45:00,57.5,300.0,23.51,0.7,In Transit
SHP00929,P002,S010,R004,2024-07-01,2024-07-01 08:35:27,2024-07-01 11:18:00,11.3,150.0,6.75,3.1,delivered
SHP00930,P009,S006,R015,2024-12-18,2024-12-19 16:17:09,2024-12-21 01:36:00,46.0,500.0,8.03,15.4,Delivered
SHP00931,P005,S010,R024,2024-11-22,2024-11-26 07:46:54,2024-11-28 11:06:00,155.1,250.0,13.38,7.8,Delivered
SHP00932,P009,S002,R027,2024-08-09,2024-08-09 11:54:01,2024-08-09 18:35:24,16.9,200.0,8.03,,Delivered
SHP00933,P016,S004,R025,2024-08-11,2024-08-16 19:32:35,2024-08-16 10:48:00,130.8,400.0,19.67,0.2,delivered
SHP00934,P001,S007,R007,10/01/2024,2024-01-15 19:22:47,2024-01-17 15:42:00,183.7,300.0,16.53,3.6,Delivered
SHP00935,P011,S004,R003,2024-11-09,2024-11-15 01:04:17,2024-11-16 09:50:24,136.8,300.0,21.42,0.9,In Transit
SHP00936,P001,S006,R011,2024-06-12,2024-06-14 13:36:19,2024-06-14 15:54:00,63.9,400.0,16.53,8.2,Delivered
SHP00937,P019,S002,R021,2024-09-06,2024-09-09 06:50:28,2024-09-10 00:36:00,96.6,250.0,9.85,999.0,Delivered
SHP00938,P015,S001,R005,2024-11-15,2024-11-18 11:40:38,2024-11-19 12:34:12,98.7,250.0,6.02,3.1,In Transit
SHP00939,P013,S009,R005,2024-07-12,2024-07-15 15:11:12,2024-07-16 04:06:00,100.1,250.0,3.35,4.0,Delivered
SHP00940,P013,S009,R014,2024-06-29,2024-07-03 00:38:41,2024-07-05 00:06:00,131.0,100.0,3.35,1.5,delivered
SHP00941,P011,S009,R018,2024-09-29,2024-09-30 07:50:26,2024-09-30 07:36:00,31.6,500.0,21.42,1.5,Delivered
SHP00942,P001,S009,R027,2024-06-20,2024-06-20 11:36:19,2024-06-20 16:36:36,15.1,400.0,16.53,3.2,In Transit
SHP00943,P001,S010,R008,2024-03-11,2024-03-14 08:48:51,2024-03-15 03:06:00,99.1,50.0,16.53,2.8,Delivered
SHP00944,P016,S002,R012,2024-01-12,2024-01-14 07:19:15,2024-01-15 03:21:00,68.5,150.0,19.67,3.5,delivered
SHP00945,P006,S008,R023,2024-04-12,2024-04-14 12:25:54,2024-04-16 05:26:24,63.4,200.0,16.77,1.8,In Transit
SHP00946,P006,S008,R017,24/11/2024,2024-11-27 03:46:37,2024-11-26 14:54:00,62.9,500.0,16.77,11.4,Delivered
SHP00947,P002,S007,R028,2024-09-23,2024-09-26 04:08:18,,108.3,100.0,6.75,2.5,Cancelled
SHP00948,P018,S001,R015,2024-09-03,2024-09-04 10:10:53,,52.0,400.0,16.44,-5.8,Cancelled
SHP00949,P015,S007,R026,2024-03-04,2024-03-07 02:16:23,2024-03-07 04:10:48,58.6,150.0,6.02,3.2,delivered
SHP00950,P008,S008,R007,2024-05-15,2024-05-20 18:59:19,2024-05-19 17:06:00,113.1,200.0,19.33,14.4,Delivered
SHP00951,P015,S006,R026,2024-08-18,2024-08-20 22:34:22,,90.2,200.0,6.02,5.7,Cancelled
SHP00952,P010,S005,R023,2024-03-22,2024-03-24 12:34:21,2024-03-25 10:36:36,75.1,150.0,3.9,-10.2,Delivered
SHP00953,P009,S004,R001,2024-04-18,2024-04-19 23:41:37,2024-04-20 13:42:00,61.7,400.0,8.03,0.5,Delivered
SHP00954,P005,S010,R028,13/09/2024,2024-09-15 21:31:13,2024-09-16 20:41:24,71.3,500.0,13.38,0.7,In Transit
SHP00955,P003,S006,R008,2024-06-07,2024-06-10 03:22:46,2024-06-10 09:37:12,74.2,500.0,18.91,7.2,delivered
SHP00956,P017,S004,R024,2024-04-13,2024-04-17 06:19:15,,116.7,250.0,21.86,14.6,Cancelled
SHP00957,P018,S002,R026,2024-01-29,2024-01-31 21:58:19,2024-02-01 04:48:00,76.8,200.0,16.44,9.6,delivered
SHP00958,P002,S010,R009,2024-10-09,2024-10-11 11:05:15,2024-10-11 12:30:00,55.0,150.0,6.75,18.2,Delivered
SHP00959,P008,S010,R025,2024-10-24,2024-10-29 04:23:25,2024-11-03 02:33:36,151.6,100.0,19.33,3.2,Delivered
SHP00960,P016,S004,R004,2024-10-04,2024-10-04 08:41:59,2024-10-04 10:18:00,10.3,100.0,19.67,1.7,In Transit
SHP00961,P007,S010,R026,2024-11-21,2024-11-23 21:05:13,2024-11-24 13:42:00,85.7,150.0,12.06,-3.0,In Transit
SHP00962,P010,S005,R028,2024-09-29,2024-10-01 20:10:35,2024-10-02 02:34:48,67.8,150.0,3.9,-16.7,Delivered
SHP00963,P017,S008,R016,2024-03-24,2024-03-28 02:02:56,,83.9,300.0,21.86,3.4,Cancelled
SHP00964,P007,S002,R025,2024-04-28,2024-05-03 14:44:35,2024-05-03 04:30:00,124.5,250.0,12.06,0.4,Delivered
SHP00965,P005,S006,R006,2024-04-08,2024-04-11 22:15:23,2024-04-14 12:23:24,120.3,500.0,13.38,0.6,In Transit
SHP00966,P009,S004,R009,2024-08-29,2024-08-31 12:04:11,2024-09-01 11:12:00,83.2,300.0,8.03,1.2,In Transit
SHP00967,P014,S001,R025,2024-07-25,2024-07-30 12:21:26,2024-07-29 23:07:48,108.3,-50.0,16.04,13.9,Delivered
SHP00968,P009,S005,R027,2024-07-10,2024-07-10 11:06:51,2024-07-10 08:48:00,8.8,200.0,8.03,1.2,In Transit
SHP00969,P004,S002,R008,2024-03-23,2024-03-26 08:26:59,2024-03-26 17:45:36,81.6,50.0,11.42,5.9,In Transit
SHP00970,P016,S004,R009,2024-11-06,2024-11-08 03:43:55,2024-11-08 20:12:00,68.2,500.0,19.67,2.2,Delivered
SHP00971,P003,S006,R025,2024-07-30,2024-08-05 00:17:30,,187.2,500.0,18.91,4.2,Cancelled
SHP00972,P009,S009,R017,2024-05-29,2024-05-31 21:12:59,2024-06-03 04:24:36,95.7,300.0,8.03,14.3,Delivered
SHP00973,P015,S004,R006,2024-06-13,2024-06-16 16:43:21,2024-06-17 04:00:00,100.0,50.0,6.02,-4.5,delivered
SHP00974,P013,S008,R026,2024-01-25,2024-01-27 15:49:56,2024-02-02 21:50:24,97.2,50.0,3.35,2.3,Delivered
SHP00975,P016,S005,R019,2024-06-19,2024-06-20 19:08:39,2024-06-21 08:32:24,51.4,150.0,19.67,-999.0,Delivered
SHP00976,P015,S010,R021,2024-04-07,2024-04-10 13:22:05,2024-04-11 12:24:00,108.4,150.0,6.02,1.8,Delivered
SHP00977,P019,S006,R015,27/09/2024,2024-09-28 15:00:42,2024-09-30 08:57:36,50.6,0.0,9.85,21.6,Delivered
SHP00978,P011,S007,R005,2024-05-12,2024-05-15 11:03:22,,115.6,200.0,21.42,1.0,Cancelled
SHP00979,P019,S003,R007,2024-03-16,2024-03-21 07:07:11,2024-03-21 04:24:00,124.4,150.0,9.85,11.4,Delivered
SHP00980,P011,S004,R022,2024-04-16,2024-04-20 22:26:34,2024-04-26 14:58:48,115.9,300.0,21.42,1.8,In Transit
SHP00981,P013,S001,R015,2024-04-16,2024-04-17 12:55:55,2024-04-17 15:12:00,39.2,100.0,3.35,1.5,Delivered
SHP00982,P019,S009,R004,2024-03-24,2024-03-24 07:55:20,2024-03-24 11:24:00,11.4,300.0,9.85,11.0,Delivered
SHP00983,P017,S006,R016,2024-05-10,2024-05-14 05:19:52,2024-05-14 11:24:00,107.4,100.0,21.86,1.7,Delivered
SHP00984,P014,S005,R008,25/12/2024,2024-12-28 10:58:16,2024-12-27 18:42:00,66.7,250.0,16.04,14.9,Delivered
SHP00985,P008,S003,R019,2024-01-05,2024-01-06 14:35:31,2024-01-06 15:03:00,35.5,250.0,19.33,8.8,In Transit
SHP00986,P014,S003,R006,2024-09-22,2024-09-25 21:30:35,2024-09-29 06:04:12,133.9,100.0,16.04,14.8,Delivered
SHP00987,P010,S007,R021,2024-07-10,2024-07-13 05:36:05,2024-07-14 22:12:00,118.2,50.0,3.9,-9.7,Delivered
SHP00988,P002,S009,R013,2024-11-02,2024-11-08 03:24:42,2024-11-10 14:30:00,206.5,400.0,6.75,2.4,Delivered
SHP00989,P015,S007,R028,2024-10-01,2024-10-04 04:04:01,2024-10-05 05:39:36,78.2,250.0,6.02,1.9,delivered
SHP00990,P020,S002,R016,2024-09-09,2024-09-13 03:40:39,2024-09-14 04:30:00,124.5,150.0,23.51,0.5,Delivered
SHP00991,P013,S005,R020,2024-02-23,2024-02-28 14:48:05,,134.8,500.0,3.35,2.8,Cancelled
SHP00992,P009,S003,R011,2024-08-04,2024-08-06 10:03:26,2024-08-06 23:43:12,65.2,400.0,8.03,14.7,Delivered
SHP00993,P001,S003,R021,2024-01-18,2024-01-21 05:10:42,,113.6,300.0,16.53,3.0,Cancelled
SHP00994,P007,S008,R020,2024-05-14,2024-05-19 11:13:12,2024-05-20 22:42:00,166.7,150.0,12.06,-4.0,In Transit
SHP00995,P015,S002,R022,2024-06-24,2024-06-29 00:50:36,2024-07-03 05:00:00,170.0,150.0,6.02,0.1,In Transit
SHP00996,P004,S009,R023,2024-05-31,2024-06-02 13:05:11,,54.0,150.0,11.42,5.8,Cancelled
SHP00997,P008,S001,R007,2024-06-30,2024-07-05 22:32:36,2024-07-07 05:01:48,157.3,300.0,19.33,0.2,delivered
SHP00998,P017,S003,R012,2024-03-22,2024-03-24 00:16:17,,43.2,150.0,21.86,3.4,Cancelled
SHP00999,P007,S005,R002,24/07/2024,2024-07-25 01:14:27,2024-07-26 03:02:24,23.2,150.0,12.06,14.2,Delivered
SHP01000,P009,S009,R022,2024-06-08,2024-06-13 12:11:16,2024-06-13 08:15:36,116.6,150.0,8.03,1.3,Delivered
SHP01001,P008,S007,R026,2024-03-22,2024-03-24 20:13:15,2024-03-25 15:24:00,87.4,250.0,19.33,9.8,In Transit
SHP01002,P019,S003,R007,2024-08-15,2024-08-20 09:32:23,,117.8,100.0,9.85,10.1,Cancelled
SHP01003,P015,S005,R027,2024-03-04,2024-03-04 11:30:22,2024-03-04 13:12:00,13.2,300.0,6.02,16.8,Delivered
SHP01004,P009,S002,R021,2024-08-26,2024-08-29 04:06:17,2024-08-30 01:07:48,88.3,250.0,8.03,12.4,Delivered
SHP01005,P020,S010,R028,2024-07-04,2024-07-07 03:58:22,2024-07-06 19:24:00,67.4,100.0,23.51,4.3,Delivered
SHP01006,P009,S005,R021,2024-09-17,2024-09-20 11:49:07,2024-09-20 10:12:00,82.2,500.0,8.03,-1.0,In Transit
SHP01007,P014,S005,R004,2024-12-28,2024-12-28 08:42:48,2024-12-28 10:40:12,9.7,400.0,16.04,14.7,Delivered
SHP01008,P004,S010,R004,2024-03-01,2024-03-01 08:06:53,2024-03-01 14:04:48,12.8,50.0,11.42,0.9,In Transit
SHP01009,P019,S009,R002,2024-07-23,2024-07-24 00:01:20,2024-07-24 18:07:12,32.4,50.0,9.85,15.4,Delivered
SHP01010,P014,S001,R024,2024-08-21,2024-08-25 11:02:30,2024-08-29 13:47:24,158.3,200.0,16.04,14.9,Delivered
SHP01011,P009,S003,R007,2024-10-12,2024-10-17 16:32:46,2024-10-19 14:36:00,182.6,150.0,8.03,0.0,Delivered
SHP01012,P020,S009,R024,2024-04-26,2024-04-30 12:09:40,2024-05-03 12:19:12,112.7,500.0,23.51,1.6,In Transit
SHP01013,P016,S006,R011,2024-08-12,2024-08-14 17:17:11,2024-08-20 05:46:48,89.9,250.0,19.67,0.4,delivered
SHP01014,P010,S009,R018,2024-04-01,2024-04-02 06:54:47,2024-04-02 07:42:00,31.7,400.0,3.9,-16.2,Delivered
SHP01015,P018,S006,R013,2024-03-09,2024-03-15 01:25:50,2024-03-30 02:39:36,230.3,100.0,16.44,-4.2,Delivered
SHP01016,P002,S004,R018,2024-03-20,2024-03-21 04:31:06,2024-03-21 13:54:00,37.9,200.0,6.75,-2.5,Delivered
SHP01017,P010,S004,R001,2024-11-09,2024-11-11 02:31:23,,57.8,400.0,3.9,-999.0,Cancelled
SHP01018,P019,S007,R024,2024-05-13,2024-05-18 02:37:29,2024-05-20 21:55:48,146.1,200.0,9.85,9.5,Delivered
SHP01019,P005,S006,R028,2024-12-25,2024-12-27 23:44:39,2024-12-27 19:42:00,67.7,500.0,13.38,,Delivered
SHP01020,P020,S004,R024,2024-06-27,2024-07-01 19:24:58,2024-07-03 17:42:00,147.0,250.0,23.51,999.0,Delivered
SHP01021,P015,S008,R019,2024-08-11,2024-08-12 21:12:00,2024-08-12 09:30:00,33.5,300.0,6.02,2.6,delivered
SHP01022,P012,S002,R024,2024-05-21,2024-05-26 01:53:07,2024-05-27 03:43:48,134.3,150.0,18.65,8.2,Delivered
SHP01023,P010,S009,R023,2024-12-11,2024-12-13 11:42:27,,62.5,300.0,3.9,-16.8,Cancelled
SHP01024,P012,S010,R004,2024-02-06,2024-02-06 08:35:18,2024-02-06 11:33:00,10.5,150.0,18.65,7.6,Delivered
SHP01025,P016,S002,R011,2024-02-15,2024-02-17 13:07:16,2024-02-17 09:05:24,51.9,500.0,19.67,-3.7,Delivered
SHP01026,P010,S006,R006,2024-12-28,2024-12-31 13:10:03,2025-01-01 01:24:00,97.4,300.0,3.9,-17.4,delivered
SHP01027,P015,S002,R017,2024-05-11,2024-05-14 03:48:27,2024-05-16 07:09:36,57.8,-50.0,6.02,1.5,Delivered
SHP01028,P010,S001,R026,2024-10-17,2024-10-20 02:26:10,2024-10-24 14:36:00,83.0,150.0,3.9,-16.1,Delivered
SHP01029,P005,S010,R012,2024-10-20,2024-10-22 02:58:21,2024-10-22 12:03:36,46.2,500.0,13.38,-1.1,Delivered
SHP01030,P004,S005,R010,2024-02-25,2024-02-28 13:16:47,2024-02-28 21:18:00,93.3,150.0,11.42,16.5,Delivered
SHP01031,P018,S007,R026,17/08/2024,2024-08-19 23:54:22,2024-08-21 07:12:00,103.2,500.0,16.44,0.6,In Transit
SHP01032,P002,S008,R026,2024-12-03,2024-12-06 02:10:00,,90.6,300.0,6.75,3.3,Cancelled
SHP01033,P018,S009,R013,2024-10-06,2024-10-12 06:47:32,2024-10-14 04:54:00,196.9,400.0,16.44,7.8,Delivered
SHP01034,P016,S002,R011,2024-10-14,2024-10-16 12:56:46,2024-10-16 22:24:00,70.4,50.0,19.67,8.1,Delivered
SHP01035,P003,S005,R019,2024-10-19,2024-10-20 18:24:31,2024-10-21 05:21:00,48.5,250.0,18.91,2.2,Delivered
SHP01036,P002,S007,R024,2024-09-17,2024-09-21 09:25:57,2024-09-22 10:24:00,130.4,150.0,6.75,-3.4,delivered
SHP01037,P007,S008,R007,2024-10-19,2024-10-24 02:50:27,2024-10-30 06:33:36,169.1,-50.0,12.06,2.8,delivered
SHP01038,P011,S003,R013,2024-04-26,2024-05-02 23:25:43,2024-05-02 20:24:00,164.4,250.0,21.42,-0.3,In Transit
SHP01039,P010,S004,R021,2024-05-19,2024-05-22 01:39:23,2024-05-23 17:21:36,,,,-15.5,In Transit
SHP01040,P001,S007,R002,2024-12-22,2024-12-22 21:47:32,2024-12-23 10:45:36,31.6,150.0,16.53,2.2,In Transit
SHP01041,P018,S006,R006,2024-05-11,2024-05-14 21:03:04,2024-05-17 02:31:12,133.2,250.0,16.44,1.1,Delivered
SHP01042,P007,S002,R018,2024-09-11,2024-09-12 05:54:21,2024-09-12 03:18:00,27.3,50.0,12.06,0.4,Delivered
SHP01043,P003,S004,R014,2024-11-11,2024-11-15 06:37:55,2024-11-15 06:30:00,102.5,200.0,18.91,-1.0,delivered
SHP01044,P019,S001,R005,2024-06-23,2024-06-26 05:51:44,2024-06-27 19:48:00,115.8,50.0,9.85,11.6,Delivered
SHP01045,P017,S002,R008,2024-04-04,2024-04-07 06:14:16,2024-04-08 14:06:36,100.1,200.0,21.86,1.8,Delivered
SHP01046,P005,S009,R011,2024-01-30,2024-02-01 09:06:26,2024-02-01 04:42:00,52.7,300.0,13.38,2.9,Delivered
SHP01047,P008,S001,R013,02/01/2024,2024-01-08 22:42:25,2024-01-12 03:29:24,187.3,50.0,19.33,0.9,Delivered
SHP01048,P016,S010,R021,2024-07-16,2024-07-19 11:01:50,2024-07-19 07:24:00,79.4,300.0,19.67,-2.3,delivered
SHP01049,P005,S008,R018,2024-07-03,2024-07-04 04:35:33,2024-07-04 06:34:48,27.8,250.0,13.38,13.5,Delivered
SHP01050,P014,S005,R005,2024-01-22,2024-01-25 13:01:22,2024-01-25 18:54:00,90.9,300.0,16.04,13.8,In Transit
SHP01051,P014,S008,R024,2024-08-19,2024-08-23 13:55:42,2024-08-24 03:36:00,123.6,200.0,16.04,13.8,delivered
SHP01052,P007,S010,R012,2024-08-25,2024-08-27 06:08:50,,60.8,150.0,12.06,0.9,Cancelled
SHP01053,P010,S010,R014,2024-01-27,2024-01-30 23:08:22,2024-02-01 23:31:12,89.7,500.0,3.9,-21.4,Delivered
SHP01054,P006,S005,R024,2024-12-14,2024-12-18 08:57:09,2024-12-19 13:48:00,133.8,500.0,16.77,6.5,delivered
SHP01055,P016,S006,R020,2024-11-09,2024-11-15 00:58:30,2024-11-15 21:00:00,165.0,-50.0,19.67,0.3,Delivered
SHP01056,P011,S006,R007,2024-03-18,2024-03-23 10:22:01,2024-03-26 09:54:00,201.9,500.0,21.42,-0.1,delivered
SHP01057,P010,S002,R026,2024-10-14,2024-10-17 02:43:03,,61.6,400.0,3.9,-15.3,Cancelled
SHP01058,P009,S004,R004,2024-12-05,2024-12-05 09:12:20,2024-12-05 12:42:00,12.7,500.0,8.03,1.6,Delivered
SHP01059,P019,S006,R015,2024-10-26,2024-10-27 12:56:08,2024-10-27 20:42:00,44.7,300.0,9.85,10.7,Delivered
SHP01060,P003,S003,R005,2024-11-15,2024-11-18 08:05:09,2024-11-18 09:00:00,81.0,200.0,18.91,,Delivered
SHP01061,P003,S006,R020,2024-09-10,2024-09-16 08:03:49,,109.5,200.0,18.91,5.4,Cancelled
SHP01062,P001,S008,R011,2024-03-26,2024-03-28 11:10:01,2024-03-28 01:54:00,49.9,50.0,16.53,2.9,delivered
SHP01063,P003,S006,R018,2024-01-17,2024-01-18 08:31:02,2024-01-18 04:16:12,25.7,500.0,18.91,8.3,Delivered
SHP01064,P009,S007,R011,2024-07-06,2024-07-08 18:27:32,,85.5,300.0,8.03,0.0,Cancelled
SHP01065,P010,S005,R003,2024-08-18,2024-08-23 08:24:43,2024-08-27 08:17:24,203.9,100.0,3.9,-16.5,Delivered
SHP01066,P004,S004,R003,2024-03-31,2024-04-05 10:15:01,2024-04-07 21:40:12,145.9,50.0,11.42,-3.9,Delivered
SHP01067,P020,S002,R005,2024-10-25,2024-10-28 15:31:27,2024-10-29 05:18:00,101.3,100.0,23.51,17.1,Delivered
SHP01068,P007,S002,R006,2024-02-16,2024-02-19 10:26:09,,117.0,400.0,12.06,8.3,Cancelled
SHP01069,P007,S008,R020,2024-12-27,2025-01-01 15:48:33,2025-01-01 20:41:24,127.9,150.0,12.06,10.6,Delivered
SHP01070,P007,S005,R005,2024-10-04,2024-10-07 04:54:20,2024-10-08 02:06:00,98.1,200.0,12.06,9.1,delivered
SHP01071,P010,S010,R014,2024-09-16,2024-09-19 20:54:23,2024-09-21 02:42:00,122.7,50.0,3.9,-17.3,delivered
SHP01072,P006,S002,R002,2024-02-02,2024-02-03 01:14:55,2024-02-03 02:42:00,26.7,-50.0,16.77,8.0,Delivered
SHP01073,P012,S010,R022,2024-02-03,2024-02-08 12:02:08,2024-02-09 07:18:00,151.3,300.0,18.65,3.2,In Transit
SHP01074,P007,S004,R019,2024-03-28,2024-03-29 16:08:33,2024-03-29 08:48:00,32.8,400.0,12.06,3.7,In Transit
SHP01075,P005,S007,R014,2024-01-13,2024-01-17 07:33:56,2024-01-18 20:06:00,140.1,-50.0,13.38,11.3,Delivered
SHP01076,P006,S004,R004,2024-01-09,2024-01-09 07:58:13,,9.1,250.0,16.77,1.6,Cancelled
SHP01077,P007,S008,R020,2024-09-12,2024-09-18 09:34:51,2024-09-18 10:30:00,154.5,100.0,12.06,10.5,Delivered
SHP01078,P020,S005,R005,2024-04-30,2024-05-03 09:39:09,2024-05-03 22:36:00,94.6,150.0,23.51,3.8,Delivered
SHP01079,P014,S010,R004,2024-11-02,2024-11-02 08:11:06,2024-11-02 08:01:48,7.3,500.0,16.04,9.2,In Transit
SHP01080,P008,S004,R011,2024-12-18,2024-12-20 18:40:31,,58.5,250.0,19.33,18.8,Cancelled
SHP01081,P007,S003,R011,2024-11-19,2024-11-21 19:08:38,2024-11-22 10:03:36,74.6,200.0,12.06,3.3,In Transit
SHP01082,P011,S009,R004,2024-07-15,2024-07-15 08:44:27,2024-07-15 11:24:00,11.4,250.0,21.42,0.8,In Transit
SHP01083,P009,S003,R012,2024-01-31,2024-02-02 00:50:17,2024-02-02 09:54:00,57.9,150.0,8.03,0.9,Delivered
SHP01084,P011,S010,R018,2024-04-12,2024-04-13 06:37:49,2024-04-15 19:04:48,41.4,50.0,21.42,-0.6,Delivered
SHP01085,P017,S005,R008,2024-07-11,2024-07-14 13:39:48,2024-07-14 15:36:00,87.6,50.0,21.86,0.6,delivered
SHP01086,P003,S006,R015,2024-03-16,2024-03-17 12:28:17,2024-03-17 17:06:00,41.1,250.0,18.91,3.3,Delivered
SHP01087,P015,S005,R006,2024-10-27,2024-10-31 01:09:21,2024-10-30 04:54:00,76.9,300.0,6.02,15.0,delivered
SHP01088,P001,S007,R021,2024-06-14,2024-06-17 06:33:07,2024-06-18 16:19:12,86.4,50.0,16.53,2.6,Delivered
SHP01089,P005,S008,R003,2024-02-04,2024-02-09 08:52:33,2024-02-09 01:06:00,121.1,300.0,13.38,6.2,In Transit
SHP01090,P003,S008,R013,2024-10-06,2024-10-12 10:48:04,2024-10-12 21:29:24,127.3,200.0,18.91,-3.5,Delivered
SHP01091,P009,S004,R008,2024-01-29,2024-02-01 09:38:59,2024-02-02 05:12:00,101.2,200.0,8.03,2.3,Delivered
SHP01092,P005,S009,R011,2024-06-14,2024-06-16 15:51:29,2024-06-16 17:48:00,65.8,50.0,13.38,1.2,delivered
SHP01093,P003,S001,R007,2024-10-28,2024-11-02 08:21:18,2024-11-01 10:48:00,106.8,300.0,18.91,2.3,Delivered
SHP01094,P005,S009,R001,2024-11-17,2024-11-19 00:59:21,2024-11-20 02:41:24,67.9,200.0,13.38,0.6,Delivered
SHP01095,P011,S005,R013,02/03/2024,2024-03-08 11:51:31,2024-03-10 05:48:00,197.8,400.0,21.42,14.0,Delivered
SHP01096,P004,S004,R007,2024-10-18,2024-10-23 10:08:10,2024-10-26 04:54:00,179.0,250.0,11.42,4.4,Delivered
SHP01097,P008,S010,R027,2024-05-09,2024-05-09 10:14:52,2024-05-09 10:24:00,10.4,400.0,19.33,-4.8,In Transit
SHP01098,P020,S003,R016,2024-09-02,2024-09-05 17:35:43,2024-09-12 04:25:12,111.1,100.0,23.51,12.2,Delivered
SHP01099,P001,S005,R001,2024-06-04,2024-06-06 05:20:41,2024-06-09 03:51:36,56.3,200.0,16.53,2.7,delivered
SHP01100,P003,S005,R014,2024-11-30,2024-12-04 07:13:56,2024-12-05 02:24:00,76.5,200.0,18.91,3.1,delivered
SHP01101,P001,S008,R006,2024-01-08,2024-01-11 21:13:03,2024-01-11 03:48:00,75.8,250.0,16.53,16.3,delivered
SHP01102,P003,S003,R007,2024-02-03,2024-02-08 12:10:04,,144.1,150.0,18.91,3.9,Cancelled
SHP01103,P003,S005,R023,24/05/2024,2024-05-26 11:20:59,2024-05-27 10:24:00,82.4,500.0,18.91,-2.9,delivered
SHP01104,P019,S007,R018,2024-12-25,2024-12-26 04:16:42,2024-12-26 19:56:24,33.8,300.0,9.85,9.5,In Transit
SHP01105,P012,S006,R024,2024-10-09,2024-10-13 12:28:45,2024-10-15 00:58:48,131.8,300.0,18.65,2.3,Delivered
SHP01106,P005,S008,R022,2024-10-04,2024-10-09 17:40:56,2024-10-09 15:48:00,135.8,300.0,13.38,0.6,In Transit
SHP01107,P006,S001,R011,2024-09-16,2024-09-18 19:59:23,,91.0,150.0,16.77,2.5,Cancelled
SHP01108,P007,S007,R003,2024-08-02,2024-08-08 08:28:04,2024-08-10 07:48:00,199.8,250.0,12.06,2.3,delivered
SHP01109,P008,S006,R016,2024-02-29,2024-03-04 03:24:06,2024-03-03 22:18:00,94.3,400.0,19.33,14.7,Delivered
SHP01110,P004,S004,R021,2024-11-25,2024-11-28 14:24:30,2024-12-01 00:00:00,90.0,100.0,11.42,2.0,Delivered
SHP01111,P010,S004,R025,2024-07-26,2024-07-31 07:14:15,2024-08-01 03:04:12,133.7,50.0,3.9,-7.3,Delivered
SHP01112,P003,S002,R009,2024-08-19,2024-08-21 07:37:57,2024-08-22 11:54:00,83.9,250.0,18.91,4.8,Delivered
SHP01113,P014,S010,R019,2024-09-01,2024-09-02 18:02:03,2024-09-03 08:39:00,51.5,300.0,16.04,999.0,Delivered
SHP01114,P013,S009,R025,2024-02-20,2024-02-25 16:55:58,2024-02-29 17:36:00,146.0,50.0,3.35,16.2,In Transit
SHP01115,P003,S008,R009,2024-10-05,2024-10-07 05:44:01,2024-10-07 13:06:00,47.0,400.0,18.91,2.4,Delivered
SHP01116,P016,S001,R011,2024-06-07,2024-06-09 16:41:05,2024-06-10 01:42:00,73.7,150.0,19.67,0.4,delivered
SHP01117,P017,S008,R003,2024-09-14,2024-09-19 13:27:25,2024-09-19 18:03:00,125.5,250.0,21.86,-1.7,delivered
SHP01118,P006,S008,R010,2024-03-24,2024-03-27 20:33:23,2024-03-26 23:54:00,71.9,500.0,16.77,-5.5,Delivered
SHP01119,P006,S007,R002,2024-06-03,2024-06-03 22:44:08,2024-06-03 23:12:36,21.1,100.0,16.77,6.7,Delivered
SHP01120,P020,S010,R001,2024-08-12,2024-08-14 05:59:00,2024-08-14 10:18:00,58.3,100.0,23.51,-3.8,Delivered
SHP01121,P018,S007,R003,2024-02-03,2024-02-09 05:28:25,2024-02-08 07:03:00,115.5,200.0,16.44,2.0,Delivered
SHP01122,P006,S002,R019,2024-04-05,2024-04-06 16:52:33,2024-04-09 19:16:48,52.4,100.0,16.77,1.1,delivered
SHP01123,P014,S002,R018,2024-01-21,2024-01-22 03:48:03,2024-01-22 04:00:00,28.0,50.0,16.04,15.4,delivered
SHP01124,P017,S001,R010,2024-03-11,2024-03-14 14:22:26,2024-03-14 19:18:00,91.3,500.0,21.86,2.7,Delivered
SHP01125,P018,S009,R028,2024-02-06,2024-02-08 18:09:50,2024-02-08 14:12:00,62.2,100.0,16.44,10.6,Delivered
SHP01126,P014,S006,R008,2024-05-14,2024-05-17 12:38:41,2024-05-17 14:30:00,86.5,200.0,16.04,13.8,Delivered
SHP01127,P020,S004,R024,2024-03-06,2024-03-11 01:55:44,,126.6,150.0,23.51,3.5,Cancelled
SHP01128,P003,S007,R020,2024-01-16,2024-01-21 23:11:07,2024-01-23 00:04:48,152.8,250.0,18.91,-3.8,In Transit
SHP01129,P011,S005,R027,2024-10-01,2024-10-01 12:10:12,2024-10-01 17:56:24,13.8,150.0,21.42,0.5,Delivered
SHP01130,P011,S009,R017,2024-11-11,2024-11-13 22:47:21,2024-11-14 20:24:00,92.4,200.0,21.42,-0.1,Delivered
SHP01131,P019,S004,R012,2024-06-05,2024-06-07 01:56:04,2024-06-07 03:28:48,46.8,200.0,9.85,10.4,Delivered
SHP01132,P010,S004,R022,2024-12-17,2024-12-22 07:35:28,2024-12-22 11:18:00,131.3,250.0,3.9,-23.0,Delivered
SHP01133,P011,S003,R021,2024-09-11,2024-09-14 07:33:29,,85.1,300.0,21.42,12.1,Cancelled
SHP01134,P004,S007,R027,2024-10-08,2024-10-08 10:12:13,,17.0,500.0,11.42,20.4,Cancelled
SHP01135,P009,S009,R019,2024-08-03,2024-08-04 13:46:04,2024-08-04 13:42:00,37.7,100.0,8.03,,In Transit
SHP01136,P005,S003,R004,2024-07-04,2024-07-04 09:20:37,2024-07-04 11:30:00,11.5,250.0,13.38,0.4,Delivered
SHP01137,P014,S004,R002,2024-12-04,2024-12-04 21:15:38,2024-12-05 04:00:00,28.0,400.0,16.04,13.6,Delivered
SHP01138,P019,S005,R018,30/06/2024,2024-07-01 03:49:31,,41.8,400.0,9.85,8.9,Cancelled
SHP01139,P006,S002,R019,2024-11-10,2024-11-11 15:29:18,,62.3,200.0,16.77,3.4,Cancelled
SHP01140,P006,S004,R009,2024-02-24,2024-02-26 10:18:49,2024-02-25 19:12:00,43.2,500.0,16.77,17.6,Delivered
SHP01141,P014,S008,R015,2024-03-17,2024-03-18 12:29:20,2024-03-19 06:20:24,49.4,250.0,16.04,14.1,delivered
SHP01142,P017,S006,R011,2024-01-11,2024-01-13 15:38:11,2024-01-14 20:25:48,71.1,100.0,21.86,1.5,delivered
SHP01143,P006,S007,R007,2024-04-21,2024-04-26 12:52:52,2024-04-26 15:30:00,135.5,500.0,16.77,0.9,delivered
SHP01144,P008,S002,R015,2024-12-31,2025-01-01 12:31:12,2025-01-02 03:12:00,51.2,500.0,19.33,2.0,Delivered
SHP01145,P012,S004,R009,2024-07-06,2024-07-08 05:53:21,2024-07-09 10:12:00,82.2,200.0,18.65,2.3,In Transit
SHP01146,P008,S002,R023,2024-03-22,2024-03-24 17:15:10,2024-03-24 04:24:00,52.4,500.0,19.33,3.7,Delivered
SHP01147,P009,S003,R008,2024-07-28,2024-07-31 09:04:40,2024-07-31 08:42:00,80.7,150.0,8.03,-0.8,In Transit
SHP01148,P006,S004,R001,2024-04-10,2024-04-11 22:59:57,,62.4,100.0,16.77,3.1,Cancelled
SHP01149,P006,S003,R018,05/04/2024,2024-04-06 03:00:49,2024-04-06 12:47:24,28.3,50.0,16.77,-5.9,Delivered
SHP01150,P005,S003,R008,2024-11-07,2024-11-10 09:53:55,2024-11-11 16:54:00,112.9,100.0,13.38,0.7,Delivered
SHP01151,P002,S002,R013,2024-03-10,2024-03-16 12:07:55,2024-03-16 11:52:12,119.9,400.0,6.75,7.2,In Transit
SHP01152,P017,S006,R026,2024-11-06,2024-11-09 02:08:52,2024-11-09 11:42:00,83.7,150.0,21.86,3.7,In Transit
SHP01153,P002,S004,R003,2024-11-03,2024-11-09 04:31:19,2024-11-11 19:54:00,211.9,250.0,6.75,13.4,Delivered
SHP01154,P001,S004,R014,2024-11-22,2024-11-26 01:14:19,2024-11-27 23:59:24,130.9,400.0,16.53,8.8,Delivered
SHP01155,P015,S005,R016,2024-07-23,2024-07-26 20:47:45,2024-07-29 23:02:24,104.4,50.0,6.02,1.7,Delivered
SHP01156,P004,S005,R012,2024-01-28,2024-01-30 07:34:30,,53.0,250.0,11.42,12.7,Cancelled
SHP01157,P002,S008,R003,2024-06-29,2024-07-04 14:24:09,,141.5,250.0,6.75,2.2,Cancelled
SHP01158,P017,S006,R001,2024-08-17,2024-08-19 06:01:26,,54.7,50.0,21.86,1.1,Cancelled
SHP01159,P015,S008,R014,2024-09-20,2024-09-24 07:23:53,2024-09-23 13:15:00,77.5,150.0,6.02,0.3,In Transit
SHP01160,P015,S005,R005,2024-03-13,2024-03-16 05:00:51,2024-03-18 00:40:12,109.7,50.0,6.02,0.9,Delivered
SHP01161,P019,S004,R014,2024-03-18,2024-03-22 03:27:00,2024-03-27 18:44:24,106.7,150.0,9.85,12.0,Delivered
SHP01162,P003,S004,R015,2024-03-25,2024-03-26 13:15:49,2024-03-27 06:42:00,54.7,300.0,18.91,5.6,Delivered
SHP01163,P018,S006,R021,2024-12-06,2024-12-09 03:54:21,2024-12-09 18:18:36,82.1,200.0,16.44,-4.3,Delivered
SHP01164,P009,S006,R017,2024-06-02,2024-06-05 05:28:45,2024-06-05 12:54:00,84.9,250.0,8.03,10.7,Delivered
SHP01165,P008,S004,R015,2024-03-19,2024-03-20 14:42:45,2024-03-21 06:48:00,54.8,300.0,19.33,1.6,Delivered
SHP01166,P016,S002,R025,2024-06-09,2024-06-14 03:19:44,2024-06-17 05:42:00,,50.0,,1.7,Delivered
SHP01167,P008,S008,R016,2024-07-21,2024-07-24 19:43:49,,113.1,150.0,19.33,2.4,Cancelled
SHP01168,P013,S002,R004,2024-02-12,2024-02-12 08:55:34,2024-02-12 07:00:00,7.0,150.0,3.35,3.6,Delivered
SHP01169,P002,S003,R010,2024-07-06,2024-07-10 02:02:20,2024-07-11 07:42:36,116.1,250.0,6.75,5.0,Delivered
SHP01170,P003,S001,R020,2024-01-01,2024-01-06 13:13:35,2024-01-09 04:24:00,196.4,100.0,18.91,6.0,Delivered
SHP01171,P017,S002,R027,2024-11-09,2024-11-09 10:20:09,2024-11-09 12:06:00,11.0,100.0,21.86,2.6,Delivered
SHP01172,P002,S007,R028,2024-06-22,2024-06-25 01:52:09,2024-06-26 21:31:12,90.4,250.0,6.75,3.0,In Transit
SHP01173,P008,S005,R022,2024-06-16,2024-06-21 05:37:36,2024-06-21 08:22:12,116.7,100.0,19.33,0.2,In Transit
SHP01174,P003,S005,R025,2024-06-19,2024-06-24 16:43:52,2024-06-26 22:31:12,173.2,250.0,18.91,2.5,Delivered
SHP01175,P002,S006,R006,2024-07-19,2024-07-22 10:00:04,2024-07-22 09:06:00,81.1,150.0,6.75,12.3,In Transit
SHP01176,P013,S006,R015,2024-03-09,2024-03-10 15:03:11,2024-03-11 08:45:36,51.6,-50.0,3.35,-1.5,Delivered
SHP01177,P016,S006,R005,2024-01-22,2024-01-25 05:41:40,2024-01-27 09:01:48,117.3,150.0,19.67,18.2,Delivered
SHP01178,P011,S010,R012,2024-06-21,2024-06-23 03:23:09,2024-06-23 03:13:12,39.4,300.0,21.42,-0.4,delivered
SHP01179,P009,S009,R013,2024-09-27,2024-10-03 16:40:38,2024-10-07 22:47:24,238.9,50.0,8.03,1.8,delivered
SHP01180,P010,S009,R025,2024-08-21,2024-08-26 10:24:09,2024-08-25 11:12:00,107.2,500.0,3.9,-15.6,In Transit
SHP01181,P020,S010,R008,2024-06-10,2024-06-13 04:29:59,,112.9,200.0,23.51,17.7,Cancelled
SHP01182,P009,S001,R017,2024-04-27,2024-04-30 08:42:08,2024-04-29 10:54:00,58.9,100.0,8.03,0.3,Delivered
SHP01183,P018,S007,R001,2024-09-13,2024-09-15 05:23:01,2024-09-16 22:38:24,72.8,500.0,16.44,-2.0,Delivered
SHP01184,P018,S005,R025,2024-02-29,2024-03-06 01:37:03,2024-03-07 22:24:00,190.4,50.0,16.44,7.9,Delivered
SHP01185,P008,S008,R001,2024-02-20,2024-02-22 05:32:45,2024-02-21 20:00:00,44.0,400.0,19.33,-3.5,Delivered
SHP01186,P010,S005,R018,2024-12-20,2024-12-21 03:21:12,2024-12-23 05:26:24,35.2,50.0,3.9,-1.3,Delivered
SHP01187,P009,S003,R004,2024-08-19,2024-08-19 08:32:26,2024-08-19 11:18:36,8.7,500.0,8.03,0.5,Delivered
SHP01188,P012,S002,R012,2024-03-31,2024-04-02 00:30:14,2024-04-03 15:12:00,54.5,100.0,18.65,-2.3,Delivered
SHP01189,P006,S009,R027,2024-12-19,2024-12-19 11:13:27,2024-12-19 21:07:12,13.2,400.0,16.77,0.1,In Transit
SHP01190,P017,S007,R007,2024-03-26,2024-03-31 18:52:17,2024-04-01 15:30:36,122.7,200.0,21.86,10.0,In Transit
SHP01191,P015,S007,R011,2024-11-24,2024-11-26 19:00:31,2024-11-26 16:54:00,64.9,50.0,6.02,2.3,Delivered
SHP01192,P014,S001,R011,2024-08-25,2024-08-27 18:19:59,,51.5,150.0,16.04,13.2,Cancelled
SHP01193,P011,S002,R020,2024-01-17,2024-01-23 01:14:40,2024-01-25 00:36:00,192.6,50.0,21.42,0.3,Delivered
SHP01194,P005,S005,R027,2024-07-13,2024-07-13 10:47:57,2024-07-13 22:21:36,17.2,300.0,13.38,,Delivered
SHP01195,P014,S001,R001,2024-05-25,2024-05-27 05:10:47,2024-05-27 19:12:36,51.7,100.0,16.04,26.4,Delivered
SHP01196,P011,S006,R004,2024-04-03,2024-04-03 08:40:25,,10.3,100.0,21.42,-0.1,Cancelled
SHP01197,P018,S005,R018,2024-12-02,2024-12-03 08:02:47,2024-12-03 14:21:00,29.5,400.0,16.44,3.7,Delivered
SHP01198,P002,S003,R003,2024-02-18,2024-02-23 21:47:07,2024-02-26 15:06:00,207.1,300.0,6.75,2.9,Delivered
SHP01199,P019,S009,R026,2024-05-06,2024-05-08 17:16:00,2024-05-08 15:08:24,57.4,50.0,9.85,11.5,delivered
SHP01200,P006,S009,R008,2024-07-27,2024-07-30 09:06:57,2024-07-29 13:54:00,61.9,200.0,16.77,-4.9,Delivered
SHP01201,P013,S004,R027,2024-09-27,2024-09-27 10:29:20,2024-09-28 00:25:12,11.1,250.0,3.35,2.3,Delivered
SHP01202,P009,S010,R016,2024-01-01,2024-01-04 19:44:03,,140.8,150.0,8.03,-0.6,Cancelled
SHP01203,P008,S003,R023,2024-01-21,2024-01-23 11:54:59,2024-01-23 11:00:00,59.0,200.0,19.33,1.6,Delivered
SHP01204,P007,S002,R027,2024-12-22,2024-12-22 10:25:34,2024-12-22 08:42:00,8.7,100.0,12.06,2.9,Delivered
SHP01205,P013,S009,R022,2024-05-20,2024-05-24 23:21:55,2024-05-26 09:07:12,139.2,200.0,3.35,1.4,Delivered
SHP01206,P009,S001,R014,2024-08-25,2024-08-29 07:26:13,2024-08-29 16:42:36,86.7,100.0,8.03,-5.8,Delivered
SHP01207,P006,S007,R025,2024-01-08,2024-01-13 21:26:08,2024-01-14 07:12:00,151.2,200.0,16.77,1.2,delivered
SHP01208,P016,S007,R009,2024-03-23,2024-03-25 07:48:25,2024-03-25 15:42:00,63.7,150.0,19.67,-3.7,delivered
SHP01209,P009,S002,R009,2024-12-03,2024-12-05 06:25:51,2024-12-05 17:12:00,65.2,100.0,8.03,1.9,Delivered
SHP01210,P008,S009,R028,2024-11-10,2024-11-13 04:58:59,2024-11-15 16:38:24,85.4,50.0,19.33,3.9,Delivered
SHP01211,P018,S007,R019,2024-06-23,2024-06-24 14:53:17,2024-06-24 07:30:00,31.5,250.0,16.44,3.1,Delivered
SHP01212,P013,S010,R019,2024-10-15,2024-10-16 16:21:19,2024-10-16 22:58:12,42.7,300.0,3.35,12.9,Delivered
SHP01213,P016,S004,R014,2024-10-14,2024-10-17 18:15:04,2024-10-17 11:36:00,76.0,50.0,19.67,1.6,In Transit
SHP01214,P003,S002,R022,2024-10-07,2024-10-11 21:46:42,2024-10-13 08:54:00,139.0,0.0,18.91,2.4,Delivered
SHP01215,P019,S008,R007,2024-02-17,2024-02-22 08:32:26,2024-02-22 18:12:00,138.2,200.0,9.85,5.2,delivered
SHP01216,P006,S001,R027,07/09/2024,2024-09-07 10:39:40,2024-09-07 15:36:00,15.6,200.0,16.77,0.4,Delivered
SHP01217,P012,S006,R025,2024-08-19,2024-08-24 06:05:03,2024-08-26 07:40:12,159.7,50.0,18.65,,Delivered
SHP01218,P006,S004,R024,24/01/2024,2024-01-28 09:48:30,2024-01-30 04:18:00,148.3,500.0,16.77,1.8,Delivered
SHP01219,P007,S006,R021,2024-06-02,2024-06-05 08:10:48,,113.6,150.0,12.06,6.3,Cancelled
SHP01220,P014,S002,R003,2024-03-21,2024-03-26 10:14:35,2024-03-26 08:42:00,128.7,250.0,16.04,14.6,delivered
SHP01221,P017,S010,R019,2024-06-17,2024-06-18 14:36:17,,,500.0,,2.3,Cancelled
SHP01222,P015,S005,R011,2024-05-13,2024-05-15 19:19:11,,76.2,500.0,6.02,5.8,Cancelled
SHP01223,P005,S001,R008,2024-12-24,2024-12-27 14:15:25,2024-12-28 07:50:24,94.4,150.0,13.38,2.6,Delivered
SHP01224,P008,S003,R008,2024-01-26,2024-01-29 10:24:25,2024-02-01 04:28:48,92.8,300.0,19.33,2.2,Delivered
SHP01225,P011,S009,R005,2024-04-01,2024-04-04 09:35:40,,65.0,100.0,21.42,1.4,Cancelled
SHP01226,P014,S009,R003,2024-06-13,2024-06-19 00:15:22,2024-06-27 05:26:24,155.2,50.0,16.04,13.1,delivered
SHP01227,P001,S002,R011,2024-03-25,2024-03-27 17:55:03,,83.4,100.0,16.53,2.4,Cancelled
SHP01228,P002,S010,R001,2024-03-17,2024-03-19 01:17:42,2024-03-20 13:08:24,77.4,250.0,6.75,-2.3,Delivered
SHP01229,P005,S010,R022,2024-10-22,2024-10-27 01:25:46,2024-10-28 04:30:00,148.5,250.0,13.38,8.9,Delivered
SHP01230,P016,S001,R017,2024-08-10,2024-08-12 19:51:11,2024-08-13 11:06:00,83.1,300.0,19.67,-3.7,delivered
SHP01231,P017,S003,R013,2024-07-12,2024-07-18 05:23:28,2024-07-19 19:18:00,187.3,300.0,21.86,0.9,Delivered
SHP01232,P006,S010,R013,2024-01-22,2024-01-27 23:30:20,2024-01-29 18:06:00,186.1,500.0,16.77,1.0,Delivered
SHP01233,P017,S003,R005,2024-02-03,2024-02-06 14:26:40,,66.1,100.0,21.86,12.3,Cancelled
SHP01234,P009,S005,R028,2024-11-25,2024-11-28 05:18:32,2024-11-27 15:54:00,63.9,400.0,8.03,12.6,Delivered
SHP01235,P003,S007,R009,2024-05-04,2024-05-06 03:47:56,2024-05-06 06:40:12,49.7,150.0,18.91,3.2,delivered
SHP01236,P010,S007,R010,2024-03-22,2024-03-26 01:22:14,2024-03-25 19:46:48,70.6,400.0,3.9,-15.8,Delivered
SHP01237,P009,S002,R015,2024-01-21,2024-01-22 11:49:44,2024-01-25 17:57:36,51.8,300.0,8.03,0.1,Delivered
SHP01238,P008,S006,R011,2024-10-05,2024-10-07 11:49:11,2024-10-12 07:46:48,79.9,100.0,19.33,10.2,Delivered
SHP01239,P009,S005,R017,2024-10-21,2024-10-24 02:44:04,,111.0,100.0,8.03,-0.3,Cancelled
SHP01240,P017,S003,R027,2024-05-21,2024-05-21 12:17:03,2024-05-21 11:24:00,11.4,50.0,21.86,8.1,delivered
SHP01241,P010,S004,R007,2024-04-20,2024-04-25 22:09:34,2024-04-25 04:36:00,124.6,100.0,3.9,-13.1,Delivered
SHP01242,P004,S002,R004,2024-12-30,2024-12-30 08:34:57,2024-12-30 11:26:24,10.4,200.0,11.42,-0.4,Delivered
SHP01243,P007,S008,R007,2024-03-09,2024-03-14 10:45:55,,144.9,100.0,12.06,17.7,Cancelled
SHP01244,P016,S006,R013,2024-02-18,2024-02-24 13:19:40,2024-02-25 07:12:00,175.2,-50.0,19.67,3.5,Delivered
SHP01245,P001,S010,R004,2024-06-20,2024-06-20 07:54:31,2024-06-20 11:36:00,11.6,200.0,16.53,3.8,Delivered
SHP01246,P016,S005,R024,2024-05-25,2024-05-29 18:22:13,,156.0,200.0,19.67,18.3,Cancelled
SHP01247,P005,S001,R003,2024-06-08,2024-06-14 03:38:02,2024-06-19 08:38:24,170.4,100.0,13.38,2.3,Delivered
SHP01248,P017,S008,R011,2024-01-14,2024-01-16 17:18:26,,75.3,200.0,21.86,2.9,Cancelled
SHP01249,P008,S008,R009,2024-06-20,2024-06-22 03:55:10,,57.6,250.0,19.33,3.0,Cancelled
SHP01250,P002,S006,R021,2024-01-11,2024-01-14 06:43:13,2024-01-15 14:00:00,110.0,50.0,6.75,2.9,Delivered
SHP01251,P005,S007,R025,2024-01-10,2024-01-16 02:05:06,,199.0,300.0,13.38,3.5,Cancelled
SHP01252,P001,S007,R005,2024-12-16,2024-12-19 06:56:44,2024-12-20 03:46:12,90.7,200.0,16.53,2.4,Delivered
SHP01253,P014,S009,R018,2024-04-03,2024-04-04 03:34:53,,32.6,150.0,16.04,14.5,Cancelled
SHP01254,P010,S001,R004,2024-05-03,2024-05-03 08:37:43,2024-05-03 11:03:00,8.5,300.0,3.9,-999.0,In Transit
SHP01255,P018,S009,R005,2024-07-27,2024-07-30 05:35:49,2024-07-29 17:12:00,65.2,500.0,16.44,8.0,Delivered
SHP01256,P002,S009,R012,2024-10-16,2024-10-17 23:16:54,,62.1,500.0,6.75,3.9,Cancelled
SHP01257,P013,S010,R023,2024-10-20,2024-10-22 16:25:19,2024-10-24 05:08:24,77.8,250.0,3.35,1.5,delivered
SHP01258,P020,S008,R003,2024-09-24,2024-09-29 20:22:35,,137.6,200.0,23.51,3.8,Cancelled
SHP01259,P001,S009,R010,2024-10-18,2024-10-22 03:01:15,2024-10-22 16:00:00,112.0,150.0,16.53,2.4,Delivered
SHP01260,P005,S007,R013,2024-10-15,2024-10-22 02:25:02,2024-10-22 19:00:00,187.0,400.0,13.38,-3.2,In Transit
SHP01261,P001,S008,R006,2024-04-20,2024-04-24 00:56:00,,89.2,300.0,16.53,2.4,Cancelled
SHP01262,P018,S001,R027,2024-05-25,2024-05-25 12:07:21,,15.7,150.0,16.44,11.1,Cancelled
SHP01263,P011,S001,R018,2024-03-16,2024-03-17 07:17:45,2024-03-17 07:54:00,31.9,100.0,21.42,1.0,In Transit
SHP01264,P012,S007,R021,2024-02-07,2024-02-10 04:51:01,,119.0,150.0,18.65,9.0,Cancelled
SHP01265,P011,S002,R009,2024-04-08,2024-04-10 07:22:57,2024-04-11 04:30:00,,,,1.3,Delivered
SHP01266,P006,S008,R025,2024-04-24,2024-04-29 19:00:01,2024-04-28 06:42:00,102.7,400.0,16.77,3.6,Delivered
SHP01267,P013,S009,R007,2024-02-08,2024-02-13 07:25:21,2024-02-13 02:39:00,111.5,100.0,3.35,-5.8,Delivered
SHP01268,P009,S002,R010,2024-11-18,2024-11-22 00:59:48,2024-11-22 15:12:00,111.2,200.0,8.03,1.3,In Transit
SHP01269,P005,S001,R024,2024-07-07,2024-07-11 11:36:15,2024-07-11 08:24:00,104.4,250.0,13.38,1.8,Delivered
SHP01270,P015,S003,R024,2024-07-25,2024-07-29 14:25:29,2024-07-31 06:54:00,150.9,100.0,6.02,0.1,In Transit
SHP01271,P016,S007,R002,2024-03-23,2024-03-24 01:22:54,2024-03-24 04:00:00,28.0,250.0,19.67,9.6,Delivered
SHP01272,P015,S004,R003,2024-03-08,2024-03-13 14:30:18,,207.6,400.0,6.02,1.4,Cancelled
SHP01273,P015,S001,R007,2024-03-25,2024-03-30 04:27:54,,173.0,400.0,6.02,0.9,Cancelled
SHP01274,P011,S003,R015,10/09/2024,2024-09-11 16:41:45,,44.0,250.0,21.42,0.3,Cancelled
SHP01275,P006,S010,R011,2024-01-25,2024-01-27 13:01:36,2024-01-27 06:06:00,54.1,400.0,16.77,-999.0,Delivered
SHP01276,P007,S005,R027,2024-02-22,2024-02-22 11:20:36,2024-02-22 19:12:00,12.0,500.0,12.06,16.7,Delivered
SHP01277,P003,S001,R027,2024-03-23,2024-03-23 12:04:54,2024-03-23 22:33:36,14.1,100.0,18.91,5.3,Delivered
SHP01278,P014,S003,R019,2024-10-06,2024-10-07 19:53:38,,42.2,200.0,16.04,19.5,Cancelled
SHP01279,P004,S009,R006,2024-10-05,2024-10-08 14:17:55,2024-10-09 18:30:00,114.5,50.0,11.42,5.0,delivered
SHP01280,P014,S007,R022,2024-03-01,2024-03-06 11:23:02,2024-03-06 20:12:00,140.2,400.0,16.04,23.1,Delivered
SHP01281,P001,S006,R025,2024-01-02,2024-01-07 05:33:15,2024-01-08 11:19:12,141.2,300.0,16.53,2.4,Delivered
SHP01282,P013,S006,R001,2024-06-20,2024-06-22 02:36:15,2024-06-22 11:54:00,59.9,100.0,3.35,2.3,Delivered
SHP01283,P019,S003,R011,2024-10-17,2024-10-19 13:45:06,,66.3,250.0,9.85,10.4,Cancelled
SHP01284,P010,S009,R028,2024-01-09,2024-01-11 18:09:46,,106.0,200.0,3.9,-1.8,Cancelled
SHP01285,P020,S005,R017,2024-05-29,2024-05-31 23:26:52,2024-06-02 06:37:48,93.3,100.0,23.51,-2.7,Delivered
SHP01286,P018,S009,R015,2024-01-19,2024-01-20 12:53:36,2024-01-21 00:12:00,,,,3.6,In Transit
SHP01287,P006,S001,R020,2024-08-19,2024-08-25 05:04:37,,137.5,500.0,16.77,2.5,Cancelled
SHP01288,P018,S003,R028,15/11/2024,2024-11-17 22:21:46,2024-11-18 13:24:00,85.4,200.0,16.44,-5.2,delivered
SHP01289,P018,S006,R022,2024-09-25,2024-09-30 10:01:13,2024-09-29 10:09:00,96.5,50.0,16.44,8.2,Delivered
SHP01290,P013,S007,R024,2024-11-13,2024-11-17 15:23:14,2024-11-17 18:00:00,114.0,150.0,3.35,9.4,Delivered
SHP01291,P009,S005,R006,2024-09-25,2024-09-28 18:59:00,2024-09-28 22:54:00,94.9,250.0,8.03,1.4,Delivered
SHP01292,P005,S009,R024,2024-10-21,2024-10-25 22:30:32,2024-10-29 13:24:00,158.0,100.0,13.38,3.8,Delivered
SHP01293,P011,S003,R018,2024-06-21,2024-06-22 08:15:20,,39.1,150.0,21.42,11.5,Cancelled
SHP01294,P008,S006,R017,2024-11-07,2024-11-10 00:27:56,2024-11-11 04:54:00,100.9,100.0,19.33,,In Transit
SHP01295,P001,S008,R017,2024-05-14,2024-05-17 08:40:04,2024-05-19 01:52:48,110.8,500.0,16.53,2.6,Delivered
SHP01296,P008,S001,R007,2024-06-05,2024-06-10 05:31:54,,167.9,100.0,19.33,2.3,Cancelled
SHP01297,P002,S004,R017,2024-12-26,2024-12-28 22:34:07,2024-12-30 02:09:00,75.5,400.0,6.75,2.7,Delivered
SHP01298,P004,S006,R027,2024-06-16,2024-06-16 10:39:41,,10.3,400.0,11.42,2.9,Cancelled
SHP01299,P014,S008,R028,11/06/2024,2024-06-14 05:27:46,2024-06-13 08:48:00,56.8,100.0,16.04,10.9,Delivered
SHP01300,P012,S003,R015,2024-07-15,2024-07-16 16:29:36,2024-07-16 21:54:00,45.9,50.0,18.65,1.9,Delivered
SHP01301,P001,S005,R012,2024-03-07,2024-03-09 03:41:41,2024-03-09 05:21:00,48.5,300.0,16.53,9.3,In Transit
SHP01302,P011,S010,R017,2024-07-31,2024-08-03 01:35:39,,101.5,500.0,21.42,-0.5,Cancelled
SHP01303,P009,S009,R021,2024-06-22,2024-06-25 08:01:39,2024-06-26 11:18:00,107.3,250.0,8.03,15.1,Delivered
SHP01304,P020,S002,R003,2024-12-20,2024-12-25 14:59:08,2024-12-26 07:42:00,151.7,50.0,23.51,17.9,Delivered
SHP01305,P008,S010,R021,2024-04-28,2024-05-01 05:09:23,2024-05-01 01:02:24,66.4,300.0,19.33,-5.3,Delivered
SHP01306,P011,S006,R016,2024-01-18,2024-01-21 23:47:20,,108.3,250.0,21.42,-5.3,Cancelled
SHP01307,P013,S010,R020,2024-09-08,2024-09-14 10:00:21,2024-09-13 15:44:24,123.4,500.0,3.35,13.8,Delivered
SHP01308,P005,S001,R005,2024-07-06,2024-07-09 17:17:26,2024-07-11 06:30:00,115.0,100.0,13.38,12.6,Delivered
SHP01309,P004,S003,R007,02/02/2024,2024-02-07 18:04:29,2024-02-09 17:45:36,116.1,100.0,11.42,4.5,delivered
SHP01310,P003,S009,R008,2024-07-31,2024-08-03 03:32:04,2024-08-03 13:28:12,77.7,150.0,18.91,2.1,In Transit
SHP01311,P003,S008,R006,2024-04-02,2024-04-05 17:03:02,2024-04-07 09:24:00,129.4,500.0,18.91,9.8,Delivered
SHP01312,P002,S006,R005,2024-11-12,2024-11-15 14:40:22,2024-11-15 16:16:12,67.9,200.0,6.75,7.9,In Transit
SHP01313,P006,S008,R004,2024-11-26,2024-11-26 07:49:46,2024-11-26 10:33:36,9.6,200.0,16.77,3.1,delivered
SHP01314,P006,S001,R011,2024-04-03,2024-04-05 15:10:26,2024-04-05 13:09:36,55.6,150.0,16.77,3.0,delivered
SHP01315,P011,S010,R003,2024-11-23,2024-11-28 20:51:04,2024-11-28 18:30:00,138.5,300.0,21.42,10.9,Delivered
SHP01316,P018,S004,R011,2024-10-11,2024-10-13 11:29:56,2024-10-14 20:00:00,92.0,500.0,16.44,8.5,In Transit
SHP01317,P001,S010,R011,2024-05-13,2024-05-15 15:11:07,2024-05-21 02:42:00,88.5,100.0,16.53,3.4,In Transit
SHP01318,P019,S008,R001,2024-04-05,2024-04-07 02:32:04,2024-04-07 13:12:00,61.2,500.0,9.85,10.7,In Transit
SHP01319,P007,S008,R023,2024-06-16,2024-06-18 20:19:11,2024-06-19 15:21:36,54.6,50.0,12.06,0.5,Delivered
SHP01320,P012,S007,R024,2024-01-28,2024-02-01 09:19:30,,132.5,500.0,18.65,2.2,Cancelled
SHP01321,P015,S006,R022,2024-04-17,2024-04-22 11:54:45,2024-04-27 21:16:48,163.3,400.0,6.02,5.4,Delivered
SHP01322,P009,S005,R008,2024-07-17,2024-07-20 13:36:11,2024-07-22 11:33:36,101.2,100.0,8.03,-0.7,Delivered
SHP01323,P019,S002,R001,2024-03-17,2024-03-18 23:52:47,2024-03-21 06:24:00,64.0,50.0,9.85,24.7,Delivered
SHP01324,P017,S004,R002,2024-11-09,2024-11-10 01:17:19,2024-11-10 11:51:36,32.6,200.0,21.86,-999.0,In Transit
SHP01325,P004,S003,R013,2024-01-25,2024-01-31 20:15:05,2024-02-02 03:48:00,195.8,500.0,11.42,5.5,delivered
SHP01326,P004,S010,R025,2024-12-10,2024-12-15 04:45:39,2024-12-14 15:48:00,111.8,100.0,11.42,2.7,Delivered
SHP01327,P011,S009,R025,2024-08-12,2024-08-17 06:56:52,2024-08-21 02:07:48,198.3,400.0,21.42,5.4,Delivered
SHP01328,P006,S008,R021,2024-12-06,2024-12-09 13:30:56,,112.1,250.0,16.77,4.6,Cancelled
SHP01329,P017,S003,R011,2024-01-05,2024-01-07 12:12:32,,74.8,50.0,21.86,1.5,Cancelled
SHP01330,P012,S006,R024,2024-07-13,2024-07-17 07:01:50,2024-07-20 05:08:24,157.4,300.0,18.65,-4.7,delivered
SHP01331,P001,S002,R008,2024-08-20,2024-08-23 05:18:30,2024-08-22 20:48:00,68.8,300.0,16.53,2.7,Delivered
SHP01332,P001,S005,R003,2024-03-20,2024-03-26 08:27:25,,109.0,150.0,16.53,2.7,Cancelled
SHP01333,P002,S003,R020,2024-11-13,2024-11-19 03:25:18,2024-11-23 11:54:00,114.5,50.0,6.75,3.7,Delivered
SHP01334,P010,S009,R021,24/02/2024,2024-02-27 05:32:16,2024-02-28 12:01:48,83.1,200.0,3.9,-20.1,Delivered
SHP01335,P002,S002,R001,2024-11-11,2024-11-13 07:03:42,2024-11-15 20:49:12,53.1,500.0,6.75,3.5,Delivered
SHP01336,P012,S008,R019,2024-12-12,2024-12-13 16:06:16,2024-12-14 08:00:00,56.0,100.0,18.65,-4.5,Delivered
SHP01337,P001,S002,R002,2024-10-11,2024-10-11 21:44:45,2024-10-12 00:34:12,18.9,400.0,16.53,2.4,Delivered
SHP01338,P009,S002,R016,2024-03-23,2024-03-26 13:16:36,2024-03-27 05:18:00,101.3,300.0,8.03,1.2,Delivered
SHP01339,P004,S006,R023,2024-02-01,2024-02-03 11:15:48,2024-02-03 22:06:00,70.1,500.0,11.42,3.0,Delivered
SHP01340,P002,S005,R012,2024-09-28,2024-09-30 03:28:36,,76.7,200.0,6.75,2.2,Cancelled
SHP01341,P012,S009,R028,2024-09-27,2024-09-29 22:30:12,2024-10-01 04:06:00,91.0,200.0,18.65,2.0,Delivered
SHP01342,P007,S010,R013,2024-03-21,2024-03-28 01:52:32,2024-03-30 02:24:00,218.4,400.0,12.06,1.7,Delivered
SHP01343,P019,S002,R017,2024-05-03,2024-05-06 05:07:41,2024-05-07 07:36:00,103.6,400.0,9.85,11.9,Delivered
SHP01344,P011,S010,R001,2024-02-04,2024-02-05 22:44:29,2024-02-07 04:53:24,69.9,50.0,21.42,3.5,Delivered
SHP01345,P018,S009,R003,2024-10-15,2024-10-21 04:56:46,2024-10-23 13:22:12,186.7,200.0,16.44,0.0,delivered
SHP01346,P006,S001,R009,2024-11-08,2024-11-10 03:30:06,2024-11-11 04:07:12,69.2,500.0,16.77,2.4,In Transit
SHP01347,P017,S008,R021,2024-04-24,2024-04-27 04:34:20,2024-04-28 16:12:00,102.0,250.0,21.86,-3.7,In Transit
SHP01348,P005,S004,R016,2024-05-26,2024-05-29 21:08:54,2024-06-01 08:54:00,139.0,300.0,13.38,3.3,Delivered
SHP01349,P017,S010,R020,2024-05-28,2024-06-03 08:37:40,2024-06-12 15:32:24,170.7,250.0,21.86,0.1,In Transit
SHP01350,P005,S001,R007,27/08/2024,2024-09-01 14:18:55,2024-09-03 05:26:24,,,,6.5,delivered
SHP01351,P009,S002,R028,2024-10-06,2024-10-09 03:17:02,2024-10-10 09:30:00,105.5,500.0,8.03,-3.6,Delivered
SHP01352,P015,S001,R024,2024-10-02,2024-10-06 18:11:24,2024-10-07 08:42:00,128.7,100.0,6.02,8.9,In Transit
SHP01353,P010,S009,R005,2024-03-23,2024-03-26 08:59:02,2024-03-30 07:12:00,109.5,200.0,3.9,-16.5,In Transit
SHP01354,P012,S008,R001,2024-10-03,2024-10-05 06:09:14,2024-10-04 21:42:00,45.7,500.0,18.65,1.9,Delivered
SHP01355,P013,S010,R003,2024-06-02,2024-06-07 08:35:25,,169.5,500.0,3.35,0.6,Cancelled
SHP01356,P006,S010,R022,2024-08-04,2024-08-09 06:40:22,2024-08-10 06:24:00,150.4,500.0,16.77,-0.0,Delivered
SHP01357,P019,S006,R008,2024-12-31,2025-01-03 14:59:18,,68.8,400.0,9.85,8.4,Cancelled
SHP01358,P006,S008,R010,2024-12-11,2024-12-14 22:06:35,2024-12-17 00:06:00,131.0,100.0,16.77,1.5,In Transit
SHP01359,P013,S003,R010,2024-11-23,2024-11-26 20:37:09,2024-11-26 00:18:00,72.3,400.0,3.35,3.3,Delivered
SHP01360,P020,S007,R001,2024-05-16,2024-05-18 01:17:27,2024-05-18 08:36:00,56.6,100.0,23.51,2.2,Delivered
SHP01361,P012,S010,R025,2024-05-04,2024-05-09 12:18:07,2024-05-11 19:18:00,187.3,200.0,18.65,2.0,In Transit
SHP01362,P017,S004,R020,2024-01-22,2024-01-27 11:44:58,2024-01-30 10:48:00,202.8,500.0,21.86,4.0,Delivered
SHP01363,P020,S002,R003,2024-06-02,2024-06-08 08:41:08,,114.1,200.0,23.51,18.9,Cancelled
SHP01364,P006,S004,R023,2024-07-27,2024-07-29 11:28:38,2024-07-29 10:24:36,53.1,200.0,16.77,13.1,Delivered
SHP01365,P017,S002,R013,2024-06-19,2024-06-25 19:18:36,2024-07-03 05:16:48,213.3,250.0,21.86,3.8,Delivered
SHP01366,P004,S007,R011,2024-11-28,2024-11-30 10:37:36,2024-11-30 00:54:00,48.9,400.0,11.42,4.3,In Transit
SHP01367,P016,S002,R025,2024-09-21,2024-09-26 08:30:22,2024-09-25 19:36:00,115.6,50.0,19.67,-2.7,In Transit
SHP01368,P005,S002,R009,2024-02-10,2024-02-12 07:32:39,2024-02-13 08:43:48,62.1,300.0,13.38,0.9,In Transit
SHP01369,P009,S009,R014,2024-11-11,2024-11-15 04:22:13,,124.4,500.0,8.03,-2.8,Cancelled
SHP01370,P010,S002,R011,2024-06-23,2024-06-25 19:56:40,2024-06-27 02:01:12,75.4,150.0,3.9,-17.6,delivered
SHP01371,P016,S006,R008,2024-12-22,2024-12-25 14:44:56,2024-12-26 22:42:00,118.7,400.0,19.67,1.9,Delivered
SHP01372,P020,S009,R025,2024-10-11,2024-10-16 07:11:01,,185.5,150.0,23.51,2.8,Cancelled
SHP01373,P012,S010,R002,2024-07-13,2024-07-13 21:26:10,2024-07-14 05:09:00,26.5,250.0,18.65,4.8,Delivered
SHP01374,P013,S005,R026,2024-10-12,2024-10-14 20:45:22,2024-10-15 13:36:00,85.6,0.0,3.35,1.7,Delivered
SHP01375,P012,S008,R025,2024-08-14,2024-08-20 00:46:00,,137.5,200.0,18.65,5.9,Cancelled
SHP01376,P001,S007,R005,2024-05-04,2024-05-07 07:42:39,2024-05-10 06:24:36,115.7,150.0,16.53,17.0,Delivered
SHP01377,P002,S002,R013,2024-11-19,2024-11-25 16:33:02,2024-11-25 15:54:00,159.9,400.0,6.75,3.4,Delivered
SHP01378,P005,S005,R006,19/08/2024,2024-08-22 23:52:59,2024-08-23 11:01:48,97.3,300.0,13.38,1.6,In Transit
SHP01379,P003,S003,R009,2024-12-29,2024-12-31 04:05:13,,85.3,250.0,18.91,19.3,Cancelled
SHP01380,P002,S001,R025,2024-10-01,2024-10-06 14:02:43,2024-10-05 08:12:00,104.2,150.0,6.75,3.4,Delivered
SHP01381,P020,S006,R015,2024-01-07,2024-01-08 11:41:53,2024-01-09 06:54:00,54.9,400.0,23.51,-0.9,delivered
SHP01382,P006,S001,R007,27/09/2024,2024-10-02 21:23:44,,129.0,400.0,16.77,1.7,Cancelled
SHP01383,P018,S006,R027,2024-11-21,2024-11-21 12:18:27,2024-11-21 16:00:00,10.0,200.0,16.44,0.5,Delivered
SHP01384,P009,S001,R002,2024-12-12,2024-12-12 22:21:11,2024-12-13 14:10:12,34.7,150.0,8.03,0.4,Delivered
SHP01385,P007,S003,R023,2024-08-17,2024-08-19 15:21:32,2024-08-20 08:04:48,61.6,100.0,12.06,9.6,In Transit
SHP01386,P008,S005,R021,2024-11-24,2024-11-27 04:04:20,2024-11-28 07:54:00,103.9,400.0,19.33,3.3,Delivered
SHP01387,P012,S001,R021,2024-10-04,2024-10-07 14:36:03,2024-10-07 00:16:12,65.7,50.0,18.65,1.0,delivered
SHP01388,P002,S007,R020,27/04/2024,2024-05-02 22:44:38,2024-05-04 17:46:12,142.9,300.0,6.75,3.8,Delivered
SHP01389,P004,S009,R003,2024-07-21,2024-07-26 19:34:37,2024-07-27 09:00:00,153.0,150.0,11.42,3.7,Delivered
SHP01390,P012,S005,R009,2024-08-06,2024-08-08 08:48:49,2024-08-08 10:53:24,45.3,500.0,18.65,16.2,Delivered
SHP01391,P018,S002,R001,2024-11-24,2024-11-26 05:36:24,,65.7,150.0,16.44,7.6,Cancelled
SHP01392,P009,S009,R024,2024-07-16,2024-07-20 17:46:03,2024-07-22 10:24:00,154.4,150.0,8.03,0.5,delivered
SHP01393,P010,S006,R016,2024-10-23,2024-10-27 03:25:13,2024-10-28 01:12:00,121.2,200.0,3.9,-22.5,Delivered
SHP01394,P020,S009,R024,2024-07-14,2024-07-18 09:21:46,2024-07-20 02:24:00,146.4,200.0,23.51,2.2,Delivered
SHP01395,P008,S010,R026,2024-02-22,2024-02-24 16:31:42,,61.1,150.0,19.33,0.1,Cancelled
SHP01396,P006,S009,R028,2024-09-20,2024-09-23 02:05:48,2024-09-24 18:50:24,104.4,50.0,16.77,0.6,Delivered
SHP01397,P006,S001,R001,02/02/2024,2024-02-04 02:00:24,2024-02-04 17:54:00,65.9,500.0,16.77,3.6,Delivered
SHP01398,P003,S005,R007,2024-07-09,2024-07-14 04:50:05,2024-07-14 22:42:00,142.7,300.0,18.91,-2.3,delivered
SHP01399,P019,S009,R025,2024-01-25,2024-01-30 08:57:35,,183.3,300.0,9.85,2.8,Cancelled
SHP01400,P004,S001,R001,2024-04-11,2024-04-13 07:55:59,2024-04-13 19:30:00,67.5,250.0,11.42,-4.0,delivered
SHP01401,P015,S002,R011,2024-01-11,2024-01-13 08:52:53,2024-01-14 18:18:00,90.3,250.0,6.02,13.5,Delivered
SHP01402,P013,S006,R010,2024-02-14,2024-02-17 22:20:14,,118.2,50.0,3.35,18.9,Cancelled
SHP01403,P013,S010,R027,2024-10-29,2024-10-29 11:31:28,,10.9,200.0,3.35,1.5,Cancelled
SHP01404,P018,S003,R013,2024-09-30,2024-10-06 15:14:35,,206.8,50.0,16.44,1.8,Cancelled
SHP01405,P018,S009,R021,2024-10-16,2024-10-19 09:41:09,2024-10-19 04:07:12,69.2,100.0,16.44,3.1,Delivered
SHP01406,P014,S003,R012,2024-08-20,2024-08-22 04:14:09,2024-08-24 19:50:24,72.4,150.0,16.04,14.2,Delivered
SHP01407,P012,S008,R028,2024-11-19,2024-11-22 00:01:34,2024-11-24 12:09:36,82.6,100.0,18.65,1.2,Delivered
SHP01408,P019,S006,R005,2024-02-07,2024-02-10 07:34:53,2024-02-11 15:06:00,111.1,500.0,9.85,-999.0,Delivered
SHP01409,P005,S008,R010,2024-07-16,2024-07-19 23:43:14,2024-07-20 14:48:00,110.8,250.0,13.38,-2.7,delivered
SHP01410,P005,S007,R009,2024-03-31,2024-04-02 09:34:55,2024-04-02 02:00:00,50.0,50.0,13.38,0.3,Delivered
SHP01411,P012,S005,R005,2024-02-23,2024-02-26 07:21:15,,113.6,300.0,18.65,3.3,Cancelled
SHP01412,P019,S003,R005,2024-07-06,2024-07-09 01:57:30,2024-07-10 06:31:12,93.2,400.0,9.85,18.4,delivered
SHP01413,P014,S005,R002,2024-08-23,2024-08-24 00:54:42,,20.9,150.0,16.04,29.9,Cancelled
SHP01414,P009,S001,R002,2024-02-15,2024-02-16 00:07:43,2024-02-16 18:24:00,26.5,250.0,8.03,-0.5,Delivered
SHP01415,P014,S002,R013,2024-10-04,2024-10-10 22:08:30,2024-10-13 14:36:00,230.6,300.0,16.04,13.1,delivered
SHP01416,P002,S002,R004,2024-10-21,2024-10-21 07:43:42,2024-10-21 08:54:00,8.9,100.0,6.75,3.6,In Transit
SHP01417,P002,S006,R008,13/08/2024,2024-08-16 09:49:54,2024-08-15 16:48:00,64.8,400.0,6.75,2.1,delivered
SHP01418,P016,S005,R023,2024-11-30,2024-12-02 14:57:45,2024-12-02 19:43:48,52.1,250.0,19.67,1.3,delivered
SHP01419,P019,S009,R015,2024-07-30,2024-07-31 13:49:45,2024-08-01 10:53:24,45.3,250.0,9.85,8.5,In Transit
SHP01420,P014,S002,R020,2024-09-20,2024-09-26 10:23:30,2024-09-28 15:36:00,207.6,200.0,16.04,14.1,delivered
SHP01421,P002,S005,R011,2024-01-24,2024-01-26 17:31:21,2024-01-26 12:10:12,54.7,100.0,6.75,3.4,Delivered
SHP01422,P012,S008,R009,2024-09-25,2024-09-27 11:57:22,2024-09-28 03:54:00,75.9,50.0,18.65,13.8,Delivered
SHP01423,P014,S001,R024,2024-08-07,2024-08-11 18:12:13,2024-08-12 03:54:00,123.9,200.0,16.04,16.8,Delivered
SHP01424,P008,S007,R026,2024-11-18,2024-11-20 18:59:09,2024-11-24 23:12:00,104.5,50.0,19.33,1.3,In Transit
SHP01425,P002,S007,R012,2024-08-17,2024-08-19 02:06:21,2024-08-19 15:36:00,63.6,150.0,6.75,2.4,Delivered
SHP01426,P018,S006,R025,2024-06-15,2024-06-20 14:31:39,2024-06-20 04:57:36,113.6,200.0,16.44,-2.4,Delivered
SHP01427,P015,S009,R013,2024-02-18,2024-02-24 18:54:03,2024-02-25 23:54:00,191.9,400.0,6.02,-3.3,delivered
SHP01428,P001,S007,R023,2024-11-13,2024-11-15 11:43:21,2024-11-16 13:24:36,65.7,100.0,16.53,16.3,Delivered
SHP01429,P005,S003,R015,2024-06-09,2024-06-10 16:09:12,2024-06-11 02:42:00,50.7,400.0,13.38,10.1,delivered
SHP01430,P003,S006,R004,2024-06-21,2024-06-21 08:53:49,,7.9,250.0,18.91,20.7,Cancelled
SHP01431,P015,S005,R002,2024-09-09,2024-09-09 23:11:42,2024-09-09 19:42:00,19.7,50.0,6.02,2.4,delivered
SHP01432,P012,S001,R008,07/12/2024,2024-12-10 02:04:56,2024-12-11 11:42:00,107.7,200.0,18.65,3.8,delivered
SHP01433,P019,S002,R001,2024-05-22,2024-05-24 07:22:44,,52.5,250.0,9.85,10.0,Cancelled
SHP01434,P020,S002,R008,2024-11-30,2024-12-03 10:32:14,2024-12-05 11:40:48,82.3,200.0,23.51,13.2,delivered
SHP01435,P005,S001,R012,2024-07-17,2024-07-18 23:13:39,2024-07-20 20:37:12,42.1,50.0,13.38,2.3,In Transit
SHP01436,P018,S001,R003,2024-10-06,2024-10-11 17:49:33,2024-10-12 03:18:00,147.3,250.0,16.44,-0.0,Delivered
SHP01437,P007,S004,R019,2024-05-27,2024-05-28 18:51:52,2024-05-30 18:25:12,41.1,400.0,12.06,10.2,In Transit
SHP01438,P006,S006,R011,2024-01-05,2024-01-07 15:50:27,2024-01-08 03:08:24,57.8,400.0,16.77,0.9,Delivered
SHP01439,P006,S005,R004,2024-08-23,2024-08-23 08:01:32,2024-08-23 10:00:00,10.0,150.0,16.77,3.8,Delivered
SHP01440,P004,S002,R001,17/01/2024,2024-01-19 04:30:40,2024-01-21 01:55:12,61.2,400.0,11.42,7.5,Delivered
SHP01441,P004,S002,R013,2024-07-20,2024-07-26 22:08:02,2024-07-27 22:24:36,173.1,300.0,11.42,5.6,In Transit
SHP01442,P019,S009,R026,05/10/2024,2024-10-08 02:24:27,2024-10-09 04:06:00,77.0,400.0,9.85,10.4,In Transit
SHP01443,P008,S007,R022,2024-04-01,2024-04-06 15:50:05,2024-04-08 05:18:00,173.3,100.0,19.33,2.1,In Transit
SHP01444,P020,S003,R001,2024-08-15,2024-08-17 06:02:59,2024-08-17 08:25:12,43.4,50.0,23.51,3.0,In Transit
SHP01445,P006,S002,R021,2024-11-07,2024-11-10 04:08:34,2024-11-11 10:48:00,106.8,500.0,16.77,17.1,delivered
SHP01446,P004,S007,R004,2024-02-27,2024-02-27 08:04:14,2024-02-27 09:48:00,9.8,300.0,11.42,2.3,In Transit
SHP01447,P016,S003,R023,2024-12-19,2024-12-21 15:35:01,2024-12-21 04:24:00,52.4,300.0,19.67,4.0,In Transit
SHP01448,P020,S004,R003,2024-10-07,2024-10-12 22:19:33,2024-10-15 18:18:00,210.3,150.0,23.51,14.3,Delivered
SHP01449,P010,S001,R022,2024-02-19,2024-02-23 21:50:09,,192.4,150.0,3.9,-18.0,Cancelled
SHP01450,P005,S004,R005,2024-12-05,2024-12-08 02:52:43,2024-12-10 01:12:00,121.2,200.0,13.38,3.9,delivered
SHP01451,P004,S002,R014,2024-07-03,2024-07-07 06:06:43,2024-07-08 09:48:00,118.0,150.0,11.42,0.4,Delivered
SHP01452,P009,S003,R008,2024-03-08,2024-03-11 07:49:21,2024-03-10 21:36:00,69.6,100.0,8.03,14.3,delivered
SHP01453,P005,S009,R003,2024-08-01,2024-08-06 07:24:33,,141.9,50.0,13.38,2.7,Cancelled
SHP01454,P015,S008,R015,2024-07-01,2024-07-02 13:54:39,,39.7,50.0,6.02,3.1,Cancelled
SHP01455,P003,S008,R010,2024-07-12,2024-07-15 10:51:58,2024-07-20 14:24:00,129.0,200.0,18.91,5.8,Delivered
SHP01456,P018,S005,R003,2024-11-13,2024-11-18 10:28:05,2024-11-19 18:08:24,147.4,-50.0,16.44,4.7,Delivered
SHP01457,P012,S007,R027,2024-07-20,2024-07-20 11:48:48,,12.5,150.0,18.65,2.8,Cancelled
SHP01458,P012,S006,R002,2024-06-04,2024-06-05 00:41:43,2024-06-05 12:47:24,28.3,400.0,18.65,0.1,Delivered
SHP01459,P020,S004,R023,2024-04-25,2024-04-27 13:02:26,2024-04-28 03:06:00,75.1,200.0,23.51,0.7,Delivered
SHP01460,P014,S002,R003,2024-05-31,2024-06-05 12:57:07,2024-06-11 07:57:36,209.2,300.0,16.04,11.4,Delivered
SHP01461,P017,S009,R021,2024-01-21,2024-01-24 09:07:35,2024-01-29 16:46:48,94.9,400.0,21.86,15.6,Delivered
SHP01462,P003,S010,R019,2024-12-15,2024-12-16 15:06:07,2024-12-16 23:44:24,43.4,250.0,18.91,0.3,Delivered
SHP01463,P002,S006,R018,2024-04-30,2024-05-01 04:26:39,2024-05-01 03:48:00,27.8,100.0,6.75,-2.6,Delivered
SHP01464,P017,S008,R013,2024-01-15,2024-01-21 19:51:45,2024-01-21 20:42:00,164.7,250.0,21.86,2.9,In Transit
SHP01465,P009,S006,R007,2024-07-03,2024-07-08 13:41:34,2024-07-12 07:04:48,202.8,400.0,8.03,999.0,delivered
SHP01466,P017,S007,R026,2024-02-02,2024-02-05 03:03:15,2024-02-05 04:00:00,76.0,50.0,21.86,1.1,Delivered
SHP01467,P020,S005,R017,2024-02-14,2024-02-16 21:51:06,2024-02-18 06:42:00,102.7,300.0,23.51,3.1,In Transit
SHP01468,P015,S003,R004,2024-05-02,2024-05-02 09:08:31,2024-05-02 06:36:00,6.6,100.0,6.02,3.1,In Transit
SHP01469,P010,S001,R022,2024-05-15,2024-05-20 08:34:24,2024-05-21 15:12:00,159.2,100.0,3.9,-0.5,Delivered
SHP01470,P007,S001,R015,2024-10-17,2024-10-18 14:25:52,2024-10-18 16:12:00,40.2,50.0,12.06,3.6,delivered
SHP01471,P004,S008,R017,2024-07-01,2024-07-03 21:14:21,,108.7,100.0,11.42,4.2,Cancelled
SHP01472,P006,S004,R012,2024-12-02,2024-12-04 07:26:46,2024-12-04 02:18:00,50.3,250.0,16.77,17.2,delivered
SHP01473,P016,S001,R004,2024-09-11,2024-09-11 09:17:46,2024-09-11 10:08:24,7.8,400.0,19.67,16.1,delivered
SHP01474,P008,S008,R015,2024-08-19,2024-08-20 12:48:44,2024-08-20 11:25:12,32.2,50.0,19.33,0.8,Delivered
SHP01475,P002,S006,R027,2024-03-19,2024-03-19 12:11:53,2024-03-19 15:36:00,15.6,50.0,6.75,13.3,Delivered
SHP01476,P006,S003,R003,2024-06-07,2024-06-12 18:27:37,,126.0,250.0,16.77,1.7,Cancelled
SHP01477,P004,S004,R025,2024-07-22,2024-07-27 17:58:11,2024-07-28 12:54:00,156.9,200.0,11.42,-999.0,In Transit
SHP01478,P012,S003,R017,2024-07-19,2024-07-22 05:25:50,2024-07-22 01:15:36,66.6,500.0,18.65,2.9,Delivered
SHP01479,P012,S010,R012,2024-12-03,2024-12-05 07:34:36,,66.1,500.0,18.65,2.8,Cancelled
SHP01480,P017,S010,R020,2024-03-30,2024-04-04 17:50:43,2024-04-03 12:00:00,108.0,300.0,21.86,-1.0,Delivered
SHP01481,P003,S009,R012,2024-01-18,2024-01-19 23:32:41,2024-01-20 09:42:00,57.7,150.0,18.91,-999.0,In Transit
SHP01482,P004,S009,R026,2024-03-22,2024-03-24 17:41:06,2024-03-26 01:06:00,97.1,400.0,11.42,2.5,delivered
SHP01483,P018,S004,R018,2024-12-13,2024-12-14 08:25:28,2024-12-14 14:56:24,35.4,400.0,16.44,14.4,Delivered
SHP01484,P009,S007,R016,2024-04-12,2024-04-16 01:55:48,2024-04-15 22:18:00,94.3,200.0,8.03,1.9,Delivered
SHP01485,P006,S009,R001,2024-11-20,2024-11-22 04:09:48,2024-11-21 19:06:00,43.1,150.0,16.77,2.2,delivered
SHP01486,P006,S003,R024,2024-06-30,2024-07-04 13:41:03,2024-07-06 12:15:36,120.2,200.0,16.77,4.0,Delivered
SHP01487,P008,S008,R028,05/05/2024,2024-05-08 01:13:46,2024-05-07 09:54:00,57.9,500.0,19.33,2.7,Delivered
SHP01488,P011,S004,R028,2024-10-13,2024-10-16 02:55:02,2024-10-17 20:22:48,105.8,100.0,21.42,-1.0,In Transit
SHP01489,P002,S009,R026,2024-05-26,2024-05-28 18:04:28,2024-05-30 18:47:24,88.3,100.0,6.75,2.7,Delivered
SHP01490,P002,S006,R011,2024-05-08,2024-05-10 17:48:52,,74.4,250.0,6.75,6.6,Cancelled
SHP01491,P011,S006,R014,2024-05-19,2024-05-23 10:16:42,2024-05-22 04:06:00,76.1,300.0,21.42,-5.7,In Transit
SHP01492,P006,S001,R016,2024-01-01,2024-01-04 12:50:29,2024-01-06 08:54:00,128.9,50.0,16.77,,delivered
SHP01493,P005,S002,R005,2024-06-06,2024-06-09 05:05:57,2024-06-08 18:48:00,66.8,500.0,13.38,-2.3,delivered
SHP01494,P002,S010,R017,2024-08-30,2024-09-01 21:33:47,2024-09-01 20:48:00,68.8,150.0,6.75,2.2,delivered
SHP01495,P001,S008,R011,2024-12-22,2024-12-24 14:37:32,2024-12-25 10:16:48,74.8,200.0,16.53,2.8,Delivered
SHP01496,P019,S005,R007,2024-02-29,2024-03-05 18:40:39,2024-03-06 21:12:00,165.2,300.0,9.85,8.1,Delivered
SHP01497,P006,S002,R019,2024-02-05,2024-02-06 13:33:06,2024-02-06 18:30:00,42.5,500.0,16.77,5.7,Delivered
SHP01498,P002,S001,R005,2024-08-03,2024-08-06 09:11:10,,122.6,500.0,6.75,3.5,Cancelled
SHP01499,P015,S005,R003,2024-08-02,2024-08-07 16:24:10,2024-08-10 01:00:00,193.0,50.0,6.02,9.1,Delivered
SHP01500,P008,S008,R007,2024-01-20,2024-01-25 12:23:31,2024-01-26 19:48:00,163.8,500.0,19.33,0.7,Delivered
SHP00720,P004,S003,R021,2024-11-04,2024-11-07 10:34:27,,69.3,100.0,11.42,10.2,Cancelled
SHP01437,P007,S004,R019,2024-05-27,2024-05-28 18:51:52,2024-05-30 18:25:12,41.1,400.0,12.06,10.2,In Transit
SHP01277,P003,S001,R027,2024-03-23,2024-03-23 12:04:54,2024-03-23 22:33:36,14.1,100.0,18.91,5.3,Delivered
SHP00070,P015,S005,R021,2024-07-28,2024-07-31 02:11:59,,69.1,100.0,6.02,-999.0,Cancelled
SHP00273,P002,S007,R021,2024-05-10,2024-05-13 11:08:25,2024-05-15 00:33:36,109.6,50.0,6.75,2.2,Delivered
SHP00364,P011,S003,R021,2024-01-22,2024-01-25 10:00:07,2024-01-26 12:00:00,108.0,300.0,21.42,-0.1,delivered
SHP01477,P004,S004,R025,2024-07-22,2024-07-27 17:58:11,2024-07-28 12:54:00,156.9,200.0,11.42,-999.0,In Transit
SHP00780,P011,S008,R026,2024-03-23,2024-03-25 15:10:01,2024-03-25 14:36:00,62.6,50.0,21.42,0.8,Delivered
SHP00488,P004,S005,R001,2024-07-24,2024-07-26 00:23:41,2024-07-26 15:00:00,63.0,200.0,11.42,4.4,Delivered
SHP01115,P003,S008,R009,2024-10-05,2024-10-07 05:44:01,2024-10-07 13:06:00,47.0,400.0,18.91,2.4,Delivered
SHP01067,P020,S002,R005,2024-10-25,2024-10-28 15:31:27,2024-10-29 05:18:00,101.3,100.0,23.51,17.1,Delivered
SHP00046,P010,S008,R003,2024-12-17,2024-12-22 13:11:11,,131.0,200.0,3.9,-15.6,Cancelled
SHP01090,P003,S008,R013,2024-10-06,2024-10-12 10:48:04,2024-10-12 21:29:24,127.3,200.0,18.91,-3.5,Delivered
SHP00800,P015,S006,R009,2024-03-01,2024-03-03 03:59:54,2024-03-04 10:54:00,82.9,300.0,6.02,2.0,Delivered
SHP00904,P001,S008,R020,2024-11-19,2024-11-24 12:43:42,2024-11-26 04:28:48,156.8,100.0,16.53,3.1,Delivered
