reading_id,shipment_id,reading_timestamp,sensor_temperature,sensor_id
T000001,SHP00001,2024-12-29 09:24:19,0.5,SEN128
T000002,SHP00001,2024-12-28 17:48:22,0.2,SEN159
T000003,SHP00001,2024-12-28 16:47:19,0.7,SEN120
T000004,SHP00001,2024-12-29 08:22:19,1.9,SEN154
T000005,SHP00001,2024-12-29 16:57:34,3.9,SEN178
T000006,SHP00001,2024-12-29 16:47:49,2.1,SEN172
T000007,SHP00002,2024-08-30 13:31:16,1.4,SEN184
T000008,SHP00002,2024-08-30 15:51:34,1.2,SEN133
T000009,SHP00002,2024-08-30 14:01:25,11.5,SEN128
T000010,SHP00002,2024-08-30 03:30:13,1.0,SEN139
T000011,SHP00003,2024-07-26 04:58:01,3.1,SEN131
T000012,SHP00003,2024-07-26 09:52:22,5.9,SEN133
T000013,SHP00003,2024-07-25 10:52:04,2.9,SEN134
T000014,SHP00003,2024-07-26 01:14:22,6.1,SEN186
T000015,SHP00003,2024-07-25 08:13:27,9.6,SEN128
T000016,SHP00003,2024-07-25 20:09:58,2.7,SEN177
T000017,SHP00004,2024-10-09 03:37:47,2.9,SEN168
T000018,SHP00004,2024-10-09 03:57:59,5.5,SEN134
T000019,SHP00004,2024-10-09 22:25:56,2.6,SEN197
T000020,SHP00004,2024-10-09 09:10:51,2.5,SEN114
T000021,SHP00004,2024-10-08 22:59:19,12.1,SEN138
T000022,SHP00005,2024-07-14 10:04:05,1.1,SEN152
T000023,SHP00005,2024-07-14 04:06:32,1.9,SEN199
T000024,SHP00005,2024-07-13 02:03:34,1.0,SEN135
T000025,SHP00005,2024-07-13 18:18:43,3.4,SEN108
T000026,SHP00005,2024-07-14 03:11:43,2.4,SEN103
T000027,SHP00005,2024-07-13 17:04:37,2.9,SEN117
T000028,SHP00006,2024-10-04 15:59:57,3.7,SEN150
T000029,SHP00006,2024-10-05 04:33:19,8.2,SEN124
T000030,SHP00007,2024-02-05 16:17:59,2.5,SEN100
T000031,SHP00007,2024-02-05 14:41:45,1.7,SEN173
T000032,SHP00007,2024-02-04 12:31:56,3.8,SEN146
T000033,SHP00007,2024-02-05 09:23:47,0.8,SEN150
T000034,SHP00008,2024-05-14 20:51:30,8.3,SEN170
T000035,SHP00008,2024-05-13 14:14:16,11.5,SEN123
T000036,SHP00008,2024-05-14 20:46:25,9.6,SEN194
T000037,SHP00008,2024-05-13 09:21:19,11.4,SEN158
T000038,SHP00008,2024-05-13 09:58:47,9.1,SEN113
T000039,SHP00009,2024-02-08 10:16:54,2.7,SEN153
T000040,SHP00009,2024-02-08 14:26:52,2.8,SEN150
T000041,SHP00010,2024-12-01 13:59:25,4.3,SEN183
T000042,SHP00010,2024-11-30 06:45:42,2.8,SEN135
T000043,SHP00010,2024-11-30 02:24:21,2.3,SEN183
T000044,SHP00010,2024-11-30 23:23:24,2.7,SEN136
T000045,SHP00010,2024-12-01 23:41:24,1.1,SEN138
T000046,SHP00010,2024-11-30 07:26:52,1.3,SEN168
T000048,SHP00011,2024-11-05 18:45:37,1.1,SEN123
T000049,SHP00011,2024-11-06 17:51:45,1.3,SEN197
T000050,SHP00011,2024-11-06 00:58:30,0.8,SEN119
T000051,SHP00012,2024-01-02 00:46:46,15.1,SEN142
T000052,SHP00012,2024-01-02 10:20:42,15.0,SEN101
T000053,SHP00012,2024-01-02 12:10:28,13.4,SEN159
T000054,SHP00012,2024-01-02 05:53:49,14.5,SEN154
T000055,SHP00012,2024-01-03 15:09:27,17.9,SEN156
T000056,SHP00012,2024-01-02 22:57:45,16.1,SEN178
T000057,SHP00013,2024-07-09 19:08:05,6.5,SEN107
T000058,SHP00013,2024-07-08 10:06:33,2.6,SEN110
T000060,SHP00013,2024-07-09 15:10:15,3.1,SEN121
T000061,SHP00014,2024-10-14 20:03:33,3.1,SEN116
T000062,SHP00014,2024-10-13 22:00:20,4.2,SEN174
T000063,SHP00014,2024-10-14 20:01:44,12.4,SEN102
T000064,SHP00015,2024-06-19 07:50:36,2.3,SEN116
T000065,SHP00015,2024-06-19 02:48:27,3.8,SEN192
T000066,SHP00016,2024-08-24 18:23:19,6.1,SEN159
T000067,SHP00016,2024-08-24 15:55:17,3.8,SEN160
T000068,SHP00016,2024-08-23 15:24:48,2.8,SEN133
T000069,SHP00016,2024-08-24 15:57:19,2.5,SEN123
T000070,SHP00016,2024-08-23 17:16:06,4.4,SEN169
T000071,SHP00017,2024-09-17 07:23:46,1.8,SEN186
T000072,SHP00017,2024-09-18 00:16:40,-0.6,SEN108
T000073,SHP00017,2024-09-17 01:55:29,-0.1,SEN174
T000074,SHP00018,2024-06-09 13:31:25,3.0,SEN132
T000075,SHP00018,2024-06-09 07:04:36,9.8,SEN131
T000076,SHP00018,2024-06-09 21:39:56,2.5,SEN198
T000079,SHP00019,2024-08-09 23:09:39,2.8,SEN170
T000080,SHP00020,2024-03-06 02:23:59,9.9,SEN109
T000081,SHP00020,2024-03-07 15:34:12,0.2,SEN137
T000082,SHP00020,2024-03-07 20:45:41,3.2,SEN176
T000083,SHP00020,2024-03-07 22:38:16,0.4,SEN179
T000084,SHP00020,2024-03-07 04:42:45,1.4,SEN194
T000085,SHP00021,2024-10-23 06:49:15,0.7,SEN163
T000087,SHP00022,2024-04-30 17:18:51,0.7,SEN137
T000088,SHP00022,2024-04-30 08:27:18,0.5,SEN186
T000089,SHP00022,2024-05-01 04:22:22,3.2,SEN182
T000090,SHP00022,2024-05-01 19:37:15,3.8,SEN194
T000091,SHP00022,2024-05-01 15:11:23,2.8,SEN125
T000093,SHP00023,2024-12-23 00:24:41,10.1,SEN174
T000094,SHP00023,2024-12-22 22:18:07,12.1,SEN121
T000095,SHP00023,2024-12-23 08:47:22,9.5,SEN198
T000096,SHP00023,2024-12-23 05:22:46,9.4,SEN140
T000097,SHP00024,2024-10-12 12:21:15,7.6,SEN189
T000098,SHP00024,2024-10-13 06:27:49,7.2,SEN126
T000099,SHP00024,2024-10-13 11:34:18,3.5,SEN153
T000100,SHP00025,2024-10-07 23:54:15,1.8,SEN140
T000101,SHP00025,2024-10-07 17:13:02,5.3,SEN119
T000102,SHP00025,2024-10-07 19:10:10,0.3,SEN169
T000103,SHP00026,2024-02-09 01:19:59,2.4,SEN147
T000104,SHP00026,2024-02-09 07:14:37,3.7,SEN136
T000105,SHP00027,2024-07-28 21:50:32,3.7,SEN198
T000106,SHP00027,2024-07-28 04:23:16,0.2,SEN140
T000107,SHP00028,2024-07-18 22:14:13,2.9,SEN192
T000108,SHP00028,2024-07-18 08:16:23,9.2,SEN179
T000109,SHP00028,2024-07-19 21:47:23,3.3,SEN105
T000110,SHP00028,2024-07-19 07:50:08,2.2,SEN179
T000111,SHP00028,2024-07-19 02:27:31,3.3,SEN112
T000112,SHP00028,2024-07-18 10:42:20,3.4,SEN168
T000113,SHP00029,2024-12-09 16:52:48,3.1,SEN128
T000114,SHP00029,2024-12-09 15:18:29,2.3,SEN110
T000115,SHP00030,2024-08-08 15:47:02,4.8,SEN109
T000116,SHP00030,2024-08-08 07:48:42,2.6,SEN114
T000117,SHP00030,2024-08-08 17:44:49,3.1,SEN169
T000118,SHP00031,2024-02-11 14:18:06,15.0,SEN101
T000119,SHP00031,2024-02-12 01:28:48,14.2,SEN133
T000120,SHP00031,2024-02-11 14:50:47,13.1,SEN139
T000121,SHP00031,2024-02-12 08:20:18,21.7,SEN105
T000122,SHP00031,2024-02-12 20:32:50,16.4,SEN163
T000123,SHP00032,2024-01-12 15:55:53,3.0,SEN166
T000124,SHP00032,2024-01-11 18:36:37,3.5,SEN151
T000125,SHP00032,2024-01-12 11:56:55,3.7,SEN199
T000126,SHP00032,2024-01-12 10:45:45,3.2,SEN127
T000127,SHP00032,2024-01-12 05:18:16,2.4,SEN191
T000128,SHP00033,2024-03-24 09:16:43,5.4,SEN102
T000129,SHP00033,2024-03-24 13:38:50,0.3,SEN178
T000130,SHP00033,2024-03-25 22:41:01,0.9,SEN136
T000131,SHP00033,2024-03-25 20:01:03,3.8,SEN172
T000132,SHP00033,2024-03-24 05:22:19,9.6,SEN160
T000133,SHP00034,2024-12-22 19:30:00,11.3,SEN178
T000134,SHP00034,2024-12-23 03:37:03,10.5,SEN167
T000135,SHP00034,2024-12-23 09:31:07,8.6,SEN114
T000136,SHP00034,2024-12-22 10:31:41,8.1,SEN155
T000137,SHP00034,2024-12-23 09:01:59,8.1,SEN121
T000138,SHP00034,2024-12-22 16:41:45,8.2,SEN125
T000139,SHP00035,2024-06-23 19:00:33,2.8,SEN112
T000140,SHP00035,2024-06-23 15:40:42,4.5,SEN122
T000141,SHP00035,2024-06-24 19:09:32,5.5,SEN170
T000143,SHP00036,2024-10-03 07:40:45,8.9,SEN172
T000144,SHP00037,2024-08-26 01:37:52,1.8,SEN155
T000145,SHP00037,2024-08-25 20:56:06,1.8,SEN131
T000146,SHP00037,2024-08-26 02:40:43,5.4,SEN126
T000147,SHP00037,2024-08-26 18:51:42,8.0,SEN186
T000148,SHP00037,2024-08-25 10:17:43,11.7,SEN161
T000149,SHP00037,2024-08-26 00:16:17,3.0,SEN181
T000150,SHP00038,2024-01-07 19:49:35,11.7,SEN196
T000151,SHP00038,2024-01-06 19:05:13,7.2,SEN113
T000152,SHP00039,2024-05-31 13:17:40,1.2,SEN100
T000154,SHP00039,2024-05-30 10:49:45,5.6,SEN177
T000155,SHP00040,2024-06-06 00:23:19,2.2,SEN128
T000156,SHP00040,2024-06-06 11:23:03,0.7,SEN193
T000157,SHP00040,2024-06-05 15:37:03,8.2,SEN197
T000158,SHP00041,2024-05-24 23:39:51,11.6,SEN112
T000159,SHP00041,2024-05-25 06:11:57,9.7,SEN147
T000160,SHP00042,2024-01-08 20:50:52,2.5,SEN166
T000161,SHP00042,2024-01-07 12:47:14,2.6,SEN198
T000162,SHP00042,2024-01-08 05:07:17,0.5,SEN152
T000163,SHP00042,2024-01-08 09:21:00,3.7,SEN145
T000165,SHP00042,2024-01-07 14:20:51,2.2,SEN184
T000166,SHP00043,2024-12-18 23:33:08,4.7,SEN193
T000167,SHP00043,2024-12-17 17:41:40,3.6,SEN151
T000168,SHP00043,2024-12-18 05:21:30,5.1,SEN145
T000169,SHP00043,2024-12-17 15:32:10,2.4,SEN126
T000170,SHP00043,2024-12-18 03:08:39,4.0,SEN120
T000171,SHP00044,2024-09-25 08:12:56,2.4,SEN180
T000172,SHP00044,2024-09-25 11:25:56,3.1,SEN117
T000173,SHP00044,2024-09-24 21:21:44,2.4,SEN180
T000174,SHP00044,2024-09-24 19:46:34,3.1,SEN175
T000175,SHP00045,2024-12-05 05:41:57,1.8,SEN162
T000176,SHP00045,2024-12-05 13:31:43,0.0,SEN158
T000177,SHP00045,2024-12-04 12:14:08,2.7,SEN145
T000178,SHP00045,2024-12-04 13:38:34,3.4,SEN135
T000180,SHP00046,2024-12-17 22:10:41,-14.1,SEN136
T000181,SHP00047,2024-03-13 09:54:01,2.5,SEN193
T000182,SHP00047,2024-03-13 05:07:38,3.2,SEN148
T000183,SHP00047,2024-03-13 01:20:30,2.3,SEN137
T000184,SHP00047,2024-03-13 07:59:59,3.2,SEN181
T000185,SHP00047,2024-03-13 00:28:32,1.6,SEN121
T000186,SHP00048,2024-09-09 07:52:23,9.9,SEN117
T000188,SHP00049,2024-01-22 16:18:49,2.1,SEN122
T000189,SHP00049,2024-01-21 17:12:40,3.7,SEN113
T000190,SHP00049,2024-01-22 18:06:30,4.0,SEN173
T000191,SHP00049,2024-01-22 14:36:57,3.7,SEN142
T000192,SHP00049,2024-01-22 01:57:40,3.3,SEN130
T000193,SHP00049,2024-01-21 12:34:18,3.5,SEN195
T000194,SHP00050,2024-06-20 17:32:37,1.7,SEN101
T000195,SHP00050,2024-06-20 13:50:18,3.8,SEN101
T000196,SHP00051,2024-06-14 16:33:21,2.2,SEN149
T000197,SHP00051,2024-06-15 04:25:27,9.2,SEN199
T000198,SHP00052,2024-08-15 19:44:08,0.8,SEN145
T000199,SHP00052,2024-08-14 12:31:51,0.4,SEN172
T000200,SHP00052,2024-08-15 01:59:07,1.8,SEN137
T000201,SHP00052,2024-08-15 00:07:38,2.3,SEN161
T000202,SHP00052,2024-08-15 07:22:26,11.3,SEN167
T000203,SHP00052,2024-08-15 06:51:05,1.7,SEN104
T000204,SHP00053,2024-10-09 20:31:51,3.0,SEN188
T000205,SHP00053,2024-10-10 20:06:31,0.9,SEN138
T000206,SHP00054,2024-09-04 02:04:36,0.8,SEN161
T000207,SHP00054,2024-09-04 20:15:11,0.0,SEN151
T000208,SHP00054,2024-09-04 14:26:32,5.0,SEN104
T000209,SHP00054,2024-09-04 06:03:00,1.4,SEN141
T000210,SHP00055,2024-09-16 22:55:44,13.9,SEN140
T000212,SHP00055,2024-09-16 11:19:25,13.0,SEN181
T000213,SHP00055,2024-09-17 14:04:12,13.6,SEN133
T000214,SHP00056,2024-08-21 14:34:17,3.6,SEN136
T000215,SHP00056,2024-08-22 04:40:11,1.3,SEN176
T000216,SHP00056,2024-08-22 16:42:32,0.7,SEN129
T000217,SHP00056,2024-08-21 23:28:36,1.3,SEN110
T000219,SHP00057,2024-11-30 17:22:08,2.8,SEN176
T000220,SHP00057,2024-11-29 18:55:49,3.0,SEN184
T000221,SHP00057,2024-11-30 17:42:29,0.4,SEN191
T000222,SHP00058,2024-03-14 06:52:22,3.1,SEN159
T000223,SHP00058,2024-03-14 12:59:36,1.7,SEN182
T000224,SHP00058,2024-03-14 16:37:56,1.0,SEN141
T000225,SHP00058,2024-03-14 15:35:12,1.3,SEN123
T000226,SHP00058,2024-03-15 08:42:03,1.2,SEN144
T000227,SHP00059,2024-06-11 19:29:30,-0.1,SEN164
T000228,SHP00059,2024-06-11 04:02:00,0.1,SEN108
T000229,SHP00059,2024-06-12 01:23:47,1.7,SEN181
T000230,SHP00060,2024-11-20 12:23:58,4.4,SEN158
T000231,SHP00060,2024-11-21 12:42:17,3.9,SEN181
T000232,SHP00061,2024-09-28 21:02:28,13.3,SEN167
T000233,SHP00061,2024-09-28 14:11:53,14.7,SEN159
T000234,SHP00061,2024-09-29 09:42:42,14.2,SEN173
T000235,SHP00062,2024-08-25 19:15:44,9.2,SEN126
T000236,SHP00062,2024-08-25 00:30:22,8.9,SEN103
T000237,SHP00062,2024-08-24 10:27:11,8.5,SEN110
T000238,SHP00062,2024-08-24 09:38:59,12.5,SEN182
T000239,SHP00062,2024-08-24 08:44:47,10.4,SEN104
T000240,SHP00063,2024-11-23 08:24:14,2.1,SEN171
T000241,SHP00063,2024-11-23 23:02:10,3.2,SEN160
T000242,SHP00063,2024-11-24 02:37:58,1.1,SEN123
T000243,SHP00063,2024-11-23 08:42:49,0.3,SEN156
T000244,SHP00063,2024-11-24 15:55:23,1.6,SEN127
T000245,SHP00063,2024-11-23 23:09:58,9.8,SEN165
T000246,SHP00064,2024-05-31 05:09:15,10.3,SEN154
T000247,SHP00064,2024-05-31 13:24:08,8.8,SEN148
T000248,SHP00065,2024-06-30 11:37:50,-16.6,SEN120
T000249,SHP00065,2024-06-30 20:44:34,-16.8,SEN139
T000250,SHP00065,2024-06-29 06:33:16,-15.6,SEN177
T000251,SHP00065,2024-06-30 06:11:49,-15.3,SEN155
T000252,SHP00065,2024-06-29 02:31:39,-15.3,SEN175
T000253,SHP00066,2024-10-23 01:46:21,-17.9,SEN106
T000254,SHP00066,2024-10-23 23:01:30,-16.3,SEN173
T000255,SHP00066,2024-10-24 15:58:03,-15.3,SEN187
T000256,SHP00066,2024-10-24 09:48:18,-17.5,SEN169
T000257,SHP00066,2024-10-23 13:56:40,-16.0,SEN136
T000258,SHP00066,2024-10-23 13:17:34,-17.1,SEN165
T000259,SHP00067,2024-05-20 19:14:43,3.0,SEN185
T000260,SHP00067,2024-05-19 17:47:39,1.8,SEN121
T000261,SHP00067,2024-05-20 15:32:47,3.5,SEN162
T000262,SHP00067,2024-05-19 16:43:45,2.8,SEN166
T000263,SHP00067,2024-05-19 05:20:08,2.1,SEN175
T000264,SHP00067,2024-05-19 21:10:23,0.6,SEN174
T000265,SHP00068,2024-12-13 19:03:55,2.4,SEN180
T000266,SHP00068,2024-12-12 14:21:48,10.6,SEN169
T000267,SHP00068,2024-12-13 17:16:27,2.4,SEN110
T000268,SHP00068,2024-12-13 12:01:45,3.7,SEN167
T000269,SHP00068,2024-12-13 20:25:16,3.9,SEN112
T000270,SHP00069,2024-11-22 23:49:27,3.6,SEN120
T000271,SHP00069,2024-11-23 01:07:18,0.2,SEN110
T000272,SHP00069,2024-11-22 01:25:29,-0.3,SEN167
T000273,SHP00069,2024-11-23 16:44:53,1.3,SEN114
T000274,SHP00070,2024-07-29 23:19:13,2.4,SEN168
T000275,SHP00070,2024-07-28 16:09:17,3.8,SEN101
T000276,SHP00071,2024-12-23 20:00:43,2.5,SEN192
T000277,SHP00071,2024-12-23 16:00:10,3.4,SEN156
T000278,SHP00072,2024-07-08 07:05:41,0.1,SEN154
T000279,SHP00072,2024-07-08 10:36:30,6.7,SEN147
T000280,SHP00072,2024-07-08 15:01:40,1.5,SEN164
T000281,SHP00072,2024-07-09 10:39:06,-0.9,SEN195
T000282,SHP00072,2024-07-08 15:17:02,1.5,SEN116
T000283,SHP00073,2024-03-03 05:50:57,3.0,SEN130
T000284,SHP00073,2024-03-03 11:56:01,4.6,SEN168
T000285,SHP00073,2024-03-03 22:46:00,2.3,SEN117
T000286,SHP00073,2024-03-03 05:49:14,1.3,SEN192
T000287,SHP00073,2024-03-04 09:07:26,2.3,SEN141
T000288,SHP00074,2024-02-06 10:25:28,10.8,SEN105
T000289,SHP00074,2024-02-05 06:30:36,0.2,SEN127
T000290,SHP00074,2024-02-05 03:20:40,0.8,SEN143
T000292,SHP00074,2024-02-05 21:06:49,5.1,SEN127
T000293,SHP00074,2024-02-06 04:46:48,2.0,SEN172
T000294,SHP00075,2024-03-31 05:41:48,1.0,SEN190
T000295,SHP00075,2024-03-30 15:26:39,1.3,SEN196
T000296,SHP00075,2024-03-30 17:36:08,7.4,SEN137
T000297,SHP00076,2024-02-02 16:02:49,13.2,SEN149
T000298,SHP00076,2024-02-02 23:23:32,16.9,SEN123
T000299,SHP00076,2024-02-02 05:33:11,14.6,SEN148
T000300,SHP00076,2024-02-03 08:35:04,13.8,SEN105
T000301,SHP00076,2024-02-03 19:43:43,14.7,SEN160
T000302,SHP00077,2024-09-02 07:36:12,0.1,SEN176
T000303,SHP00077,2024-09-02 18:09:14,3.1,SEN100
T000304,SHP00077,2024-09-02 08:30:01,1.0,SEN110
T000305,SHP00077,2024-09-02 03:17:49,1.0,SEN190
T000306,SHP00077,2024-09-03 18:52:42,0.3,SEN179
T000308,SHP00078,2024-12-31 06:28:15,3.5,SEN138
T000309,SHP00078,2024-12-31 22:48:54,1.1,SEN115
T000310,SHP00078,2024-12-31 02:14:57,2.7,SEN117
T000311,SHP00078,2024-12-30 12:40:29,0.9,SEN162
T000312,SHP00079,2024-08-20 17:08:46,0.5,SEN113
T000313,SHP00079,2024-08-19 12:59:17,1.0,SEN114
T000314,SHP00079,2024-08-20 04:24:53,2.3,SEN127
T000315,SHP00079,2024-08-20 03:36:22,8.6,SEN105
T000316,SHP00079,2024-08-20 09:22:05,1.6,SEN184
T000317,SHP00080,2024-02-16 00:10:21,2.8,SEN122
T000318,SHP00080,2024-02-17 17:11:36,2.1,SEN178
T000319,SHP00080,2024-02-17 17:48:57,3.1,SEN196
T000321,SHP00080,2024-02-17 01:48:23,10.1,SEN158
T000322,SHP00080,2024-02-16 21:46:07,2.0,SEN125
T000323,SHP00081,2024-11-04 02:32:03,13.8,SEN171
T000325,SHP00082,2024-08-08 04:21:03,1.8,SEN197
T000326,SHP00082,2024-08-07 23:41:02,-0.8,SEN170
T000327,SHP00083,2024-05-20 22:09:59,1.2,SEN128
T000328,SHP00083,2024-05-19 13:37:49,-0.4,SEN160
T000329,SHP00083,2024-05-19 04:31:33,1.5,SEN191
T000330,SHP00083,2024-05-20 19:49:51,-1.0,SEN144
T000331,SHP00083,2024-05-20 17:55:14,1.5,SEN102
T000332,SHP00084,2024-09-28 16:44:12,2.8,SEN121
T000334,SHP00084,2024-09-28 04:04:46,5.9,SEN104
T000335,SHP00085,2024-02-11 12:53:22,0.5,SEN135
T000336,SHP00085,2024-02-12 09:07:36,0.2,SEN188
T000337,SHP00085,2024-02-11 04:47:08,2.8,SEN127
T000338,SHP00085,2024-02-12 13:28:39,1.5,SEN170
T000339,SHP00086,2024-12-08 05:34:26,9.9,SEN112
T000342,SHP00087,2024-08-08 18:42:33,2.6,SEN132
T000343,SHP00087,2024-08-08 09:49:29,10.6,SEN122
T000344,SHP00087,2024-08-09 16:24:54,6.0,SEN118
T000345,SHP00087,2024-08-09 15:57:15,2.1,SEN188
T000346,SHP00087,2024-08-08 20:07:20,2.9,SEN113
T000347,SHP00088,2024-06-09 09:14:09,4.4,SEN148
T000348,SHP00088,2024-06-09 18:18:40,2.2,SEN106
T000349,SHP00088,2024-06-09 19:10:08,2.3,SEN188
T000350,SHP00088,2024-06-10 20:38:18,2.1,SEN199
T000351,SHP00088,2024-06-10 13:24:45,3.2,SEN130
T000352,SHP00088,2024-06-10 10:37:45,3.6,SEN108
T000353,SHP00089,2024-12-20 02:05:51,1.6,SEN103
T000354,SHP00089,2024-12-20 05:02:09,1.9,SEN103
T000355,SHP00089,2024-12-19 06:33:17,2.0,SEN172
T000357,SHP00089,2024-12-20 12:07:35,0.4,SEN104
T000358,SHP00089,2024-12-19 04:29:20,0.7,SEN126
T000359,SHP00090,2024-03-28 11:40:32,8.5,SEN160
T000360,SHP00090,2024-03-27 23:47:22,9.2,SEN123
T000361,SHP00090,2024-03-27 12:11:11,3.2,SEN190
T000362,SHP00090,2024-03-28 14:01:57,9.9,SEN163
T000363,SHP00090,2024-03-28 14:46:18,0.7,SEN108
T000364,SHP00090,2024-03-27 12:19:41,0.0,SEN131
T000365,SHP00091,2024-05-12 15:36:09,3.9,SEN197
T000366,SHP00091,2024-05-12 20:40:20,3.4,SEN116
T000367,SHP00091,2024-05-12 07:06:05,0.6,SEN101
T000368,SHP00091,2024-05-12 19:44:44,0.7,SEN134
T000369,SHP00091,2024-05-12 11:09:47,5.1,SEN185
T000370,SHP00092,2024-11-22 15:31:05,1.2,SEN160
T000371,SHP00092,2024-11-21 01:05:05,7.0,SEN186
T000372,SHP00093,2024-09-16 15:09:31,10.5,SEN128
T000373,SHP00093,2024-09-16 03:47:14,15.8,SEN159
T000374,SHP00093,2024-09-17 02:44:42,9.2,SEN186
T000375,SHP00094,2024-01-23 09:13:04,9.4,SEN174
T000376,SHP00094,2024-01-22 01:46:43,8.4,SEN113
T000377,SHP00094,2024-01-22 15:20:38,10.7,SEN168
T000378,SHP00095,2024-11-27 14:39:37,2.7,SEN169
T000379,SHP00095,2024-11-27 09:44:58,9.9,SEN193
T000380,SHP00095,2024-11-26 19:51:14,0.6,SEN161
T000381,SHP00095,2024-11-27 19:35:54,1.4,SEN165
T000382,SHP00095,2024-11-26 22:15:11,-0.6,SEN107
T000383,SHP00095,2024-11-26 12:55:23,6.0,SEN158
T000384,SHP00096,2024-11-19 21:02:22,1.2,SEN184
T000385,SHP00096,2024-11-20 03:05:55,-0.7,SEN173
T000386,SHP00096,2024-11-20 16:37:32,-0.1,SEN116
T000387,SHP00096,2024-11-19 02:25:00,-0.1,SEN173
T000389,SHP00097,2024-12-24 13:42:01,3.3,SEN129
T000390,SHP00097,2024-12-23 20:58:41,1.1,SEN157
T000392,SHP00097,2024-12-23 19:41:25,3.9,SEN135
T000393,SHP00097,2024-12-24 17:04:22,0.6,SEN121
T000395,SHP00098,2024-12-10 17:34:42,3.0,SEN145
T000396,SHP00099,2024-10-03 10:27:16,-17.4,SEN107
T000397,SHP00099,2024-10-03 18:05:28,-16.4,SEN137
T000398,SHP00099,2024-10-03 21:45:53,-15.0,SEN175
T000399,SHP00099,2024-10-04 00:46:32,-18.0,SEN173
T000401,SHP00100,2024-08-13 21:50:14,4.2,SEN111
T000402,SHP00100,2024-08-13 06:07:59,3.0,SEN130
T000403,SHP00100,2024-08-13 20:49:23,2.0,SEN194
T000404,SHP00100,2024-08-13 21:21:48,9.4,SEN173
T000405,SHP00100,2024-08-13 05:39:11,3.0,SEN149
T000406,SHP00101,2024-12-13 14:24:34,2.9,SEN110
T000408,SHP00102,2024-11-25 20:13:30,0.2,SEN175
T000409,SHP00102,2024-11-24 11:57:14,2.7,SEN115
T000410,SHP00102,2024-11-24 11:43:38,9.8,SEN157
T000411,SHP00102,2024-11-25 18:21:15,0.4,SEN140
T000412,SHP00102,2024-11-25 06:59:47,2.4,SEN188
T000413,SHP00103,2024-08-12 03:31:11,0.6,SEN139
T000414,SHP00103,2024-08-12 06:31:27,0.1,SEN185
T000415,SHP00103,2024-08-11 15:32:57,1.5,SEN130
T000416,SHP00103,2024-08-11 21:25:51,1.6,SEN148
T000417,SHP00104,2024-04-25 03:56:10,1.0,SEN190
T000418,SHP00104,2024-04-24 21:11:51,1.6,SEN191
T000419,SHP00104,2024-04-24 06:37:17,0.2,SEN182
T000420,SHP00104,2024-04-25 09:54:15,3.2,SEN169
T000421,SHP00104,2024-04-24 07:18:21,9.5,SEN117
T000422,SHP00104,2024-04-25 04:37:48,2.1,SEN198
T000424,SHP00105,2024-11-12 00:02:17,2.1,SEN108
T000425,SHP00105,2024-11-12 19:25:55,2.8,SEN159
T000426,SHP00105,2024-11-12 06:35:03,3.7,SEN124
T000427,SHP00106,2024-08-02 10:40:08,5.8,SEN158
T000428,SHP00106,2024-08-02 07:39:16,3.2,SEN112
T000430,SHP00106,2024-08-02 05:34:38,2.4,SEN153
T000432,SHP00107,2024-10-20 07:56:48,0.1,SEN150
T000433,SHP00107,2024-10-19 22:18:11,0.1,SEN122
T000434,SHP00107,2024-10-19 19:36:11,1.1,SEN106
T000435,SHP00107,2024-10-20 01:04:25,2.2,SEN158
T000436,SHP00108,2024-01-10 11:47:26,2.9,SEN122
T000437,SHP00108,2024-01-10 03:15:15,3.6,SEN180
T000438,SHP00109,2024-09-02 01:24:34,0.4,SEN133
T000440,SHP00109,2024-09-02 15:36:17,1.7,SEN198
T000441,SHP00109,2024-09-03 12:11:17,11.3,SEN139
T000442,SHP00109,2024-09-03 18:00:55,0.2,SEN183
T000443,SHP00110,2024-10-05 20:06:36,-7.2,SEN128
T000444,SHP00110,2024-10-06 15:36:37,-12.6,SEN103
T000445,SHP00110,2024-10-05 11:21:24,-17.7,SEN146
T000446,SHP00111,2024-08-14 23:11:08,3.2,SEN193
T000447,SHP00111,2024-08-13 12:27:16,3.4,SEN144
T000448,SHP00111,2024-08-13 23:34:34,1.7,SEN152
T000449,SHP00111,2024-08-13 15:15:24,0.7,SEN112
T000450,SHP00111,2024-08-13 22:01:28,0.5,SEN123
T000451,SHP00112,2024-04-02 18:48:54,13.0,SEN153
T000452,SHP00112,2024-04-02 16:51:07,13.8,SEN189
T000453,SHP00112,2024-04-03 17:05:03,22.6,SEN135
T000455,SHP00112,2024-04-03 17:06:01,18.5,SEN134
T000456,SHP00113,2024-08-10 03:51:53,2.9,SEN120
T000457,SHP00113,2024-08-10 17:21:25,3.3,SEN104
T000458,SHP00113,2024-08-11 14:42:04,3.9,SEN138
T000459,SHP00113,2024-08-10 14:27:51,3.0,SEN118
T000460,SHP00113,2024-08-10 13:03:00,2.6,SEN126
T000461,SHP00113,2024-08-10 20:07:30,2.6,SEN194
T000462,SHP00114,2024-11-07 07:14:20,3.9,SEN143
T000463,SHP00114,2024-11-07 12:08:00,7.5,SEN194
T000464,SHP00114,2024-11-07 12:19:31,5.3,SEN122
T000465,SHP00114,2024-11-08 09:09:57,2.8,SEN136
T000466,SHP00114,2024-11-07 05:56:19,2.2,SEN185
T000467,SHP00115,2024-07-10 02:25:14,0.8,SEN167
T000468,SHP00115,2024-07-10 17:08:39,1.0,SEN154
T000469,SHP00115,2024-07-10 08:30:14,0.9,SEN136
T000470,SHP00115,2024-07-10 14:42:07,3.5,SEN192
T000471,SHP00115,2024-07-10 04:09:39,2.1,SEN153
T000472,SHP00115,2024-07-09 19:26:50,4.0,SEN199
T000473,SHP00116,2024-07-17 04:50:10,0.4,SEN105
T000474,SHP00116,2024-07-18 18:09:06,0.6,SEN139
T000475,SHP00117,2024-08-16 14:30:11,1.1,SEN123
T000476,SHP00117,2024-08-16 09:59:42,0.1,SEN106
T000477,SHP00117,2024-08-16 01:20:19,3.0,SEN100
T000478,SHP00118,2024-12-30 11:02:20,-17.7,SEN164
T000479,SHP00118,2024-12-29 09:43:35,-15.0,SEN107
T000481,SHP00119,2024-10-21 19:47:46,9.0,SEN106
T000482,SHP00119,2024-10-20 01:33:24,3.6,SEN101
T000483,SHP00119,2024-10-20 22:47:33,3.8,SEN114
T000484,SHP00119,2024-10-20 23:49:34,3.5,SEN112
T000485,SHP00119,2024-10-21 07:18:25,2.9,SEN153
T000486,SHP00119,2024-10-21 18:27:43,3.5,SEN196
T000487,SHP00120,2024-07-29 23:24:33,5.2,SEN145
T000488,SHP00120,2024-07-29 12:03:37,2.5,SEN106
T000489,SHP00120,2024-07-29 03:55:40,1.0,SEN136
T000490,SHP00120,2024-07-29 15:25:50,9.1,SEN142
T000491,SHP00120,2024-07-29 06:10:36,11.4,SEN109
T000493,SHP00121,2024-09-14 22:40:56,0.5,SEN121
T000494,SHP00121,2024-09-15 16:10:54,2.7,SEN166
T000495,SHP00122,2024-02-11 04:44:23,3.1,SEN107
T000496,SHP00122,2024-02-11 21:23:01,1.9,SEN113
T000497,SHP00123,2024-12-03 05:19:52,10.8,SEN178
T000498,SHP00123,2024-12-03 06:13:45,11.3,SEN125
T000499,SHP00123,2024-12-04 04:13:39,11.5,SEN149
T000500,SHP00123,2024-12-03 05:47:22,10.0,SEN125
T000501,SHP00123,2024-12-03 01:56:07,11.4,SEN153
T000502,SHP00124,2024-10-19 00:20:05,9.2,SEN136
T000503,SHP00124,2024-10-20 10:22:59,1.0,SEN146
T000504,SHP00124,2024-10-20 22:34:24,5.7,SEN104
T000505,SHP00124,2024-10-20 08:07:05,1.0,SEN137
T000506,SHP00124,2024-10-19 10:14:16,1.3,SEN150
T000508,SHP00125,2024-01-31 18:27:13,3.2,SEN185
T000509,SHP00125,2024-02-01 16:39:07,8.4,SEN133
T000510,SHP00125,2024-01-31 18:40:07,1.9,SEN156
T000511,SHP00125,2024-01-31 20:58:21,1.4,SEN188
T000512,SHP00125,2024-02-01 23:09:43,2.3,SEN146
T000513,SHP00126,2024-10-14 05:32:28,0.2,SEN152
T000514,SHP00126,2024-10-14 18:38:34,10.6,SEN100
T000515,SHP00126,2024-10-14 09:29:09,0.0,SEN105
T000516,SHP00127,2024-03-22 07:30:50,22.1,SEN127
T000517,SHP00127,2024-03-23 05:45:36,14.4,SEN128
T000518,SHP00127,2024-03-23 17:03:12,13.6,SEN164
T000519,SHP00127,2024-03-22 14:28:06,13.0,SEN113
T000520,SHP00127,2024-03-23 14:51:19,14.2,SEN101
T000521,SHP00127,2024-03-22 07:04:23,13.5,SEN147
T000522,SHP00128,2024-08-23 12:39:18,4.9,SEN191
T000523,SHP00128,2024-08-22 13:57:30,3.6,SEN191
T000524,SHP00129,2024-07-07 05:29:39,14.7,SEN142
T000525,SHP00129,2024-07-06 04:29:12,14.1,SEN141
T000526,SHP00129,2024-07-07 12:31:50,13.2,SEN163
T000527,SHP00130,2024-11-15 23:32:52,4.0,SEN174
T000528,SHP00130,2024-11-15 05:52:09,10.8,SEN160
T000529,SHP00130,2024-11-16 11:44:02,1.3,SEN114
T000530,SHP00130,2024-11-16 19:28:47,3.1,SEN163
T000531,SHP00130,2024-11-15 11:14:31,0.4,SEN147
T000532,SHP00131,2024-07-24 17:23:22,0.4,SEN119
T000533,SHP00131,2024-07-24 02:11:22,3.8,SEN185
T000534,SHP00131,2024-07-24 10:53:59,7.7,SEN149
T000535,SHP00131,2024-07-24 14:03:01,1.2,SEN197
T000536,SHP00131,2024-07-25 13:02:30,4.0,SEN154
T000537,SHP00131,2024-07-24 01:45:38,7.7,SEN108
T000538,SHP00132,2024-07-20 02:56:06,1.8,SEN164
T000539,SHP00132,2024-07-21 14:39:51,1.4,SEN196
T000540,SHP00132,2024-07-21 06:46:42,2.1,SEN129
T000541,SHP00132,2024-07-20 10:23:33,2.9,SEN162
T000542,SHP00132,2024-07-21 01:26:37,3.9,SEN199
T000543,SHP00133,2024-12-10 03:29:56,6.4,SEN138
T000544,SHP00133,2024-12-10 22:01:58,2.6,SEN123
T000545,SHP00133,2024-12-10 08:17:32,2.3,SEN133
T000546,SHP00134,2024-01-27 07:04:48,9.6,SEN157
T000547,SHP00134,2024-01-27 14:24:44,10.1,SEN105
T000548,SHP00134,2024-01-27 06:31:59,9.7,SEN157
T000549,SHP00134,2024-01-27 09:55:47,9.5,SEN161
T000551,SHP00135,2024-08-13 19:14:33,5.9,SEN153
T000552,SHP00135,2024-08-13 06:01:05,3.4,SEN167
T000553,SHP00135,2024-08-13 22:48:31,4.0,SEN106
T000554,SHP00136,2024-10-15 14:16:18,9.6,SEN166
T000555,SHP00136,2024-10-14 18:52:56,8.2,SEN186
T000556,SHP00136,2024-10-14 16:03:40,0.2,SEN147
T000557,SHP00136,2024-10-14 16:38:56,6.1,SEN103
T000558,SHP00136,2024-10-15 04:59:28,3.8,SEN118
T000559,SHP00137,2024-04-08 04:01:22,0.3,SEN141
T000560,SHP00137,2024-04-09 21:40:26,0.3,SEN199
T000561,SHP00137,2024-04-09 07:29:57,-0.4,SEN141
T000562,SHP00137,2024-04-08 22:44:13,-0.8,SEN176
T000563,SHP00137,2024-04-08 16:16:19,6.0,SEN132
T000564,SHP00138,2024-10-14 09:48:51,-0.8,SEN103
T000565,SHP00138,2024-10-13 12:27:51,1.3,SEN123
T000566,SHP00138,2024-10-14 11:58:47,1.6,SEN116
T000567,SHP00139,2024-05-28 09:53:45,0.7,SEN122
T000569,SHP00139,2024-05-28 15:50:46,10.7,SEN183
T000570,SHP00139,2024-05-27 05:47:35,7.4,SEN162
T000571,SHP00139,2024-05-28 13:24:46,0.7,SEN120
T000572,SHP00140,2024-10-27 13:52:10,9.0,SEN170
T000573,SHP00140,2024-10-27 01:33:15,4.2,SEN122
T000575,SHP00140,2024-10-27 08:36:00,5.4,SEN103
T000576,SHP00140,2024-10-28 23:45:19,12.0,SEN172
T000577,SHP00140,2024-10-28 23:51:01,6.1,SEN134
T000578,SHP00141,2024-03-22 15:47:01,1.1,SEN107
T000579,SHP00141,2024-03-21 03:25:47,0.1,SEN159
T000580,SHP00141,2024-03-22 20:14:10,10.1,SEN110
T000581,SHP00142,2024-10-01 13:22:10,9.6,SEN143
T000582,SHP00142,2024-09-30 13:58:40,5.8,SEN125
T000583,SHP00142,2024-09-30 22:01:27,3.7,SEN132
T000584,SHP00142,2024-09-30 10:44:45,9.0,SEN114
T000585,SHP00142,2024-10-01 03:02:01,9.5,SEN156
T000588,SHP00143,2024-05-28 07:30:04,6.1,SEN144
T000589,SHP00143,2024-05-29 23:21:31,2.5,SEN141
T000590,SHP00143,2024-05-29 11:25:54,2.4,SEN128
T000591,SHP00144,2024-09-16 12:23:21,0.6,SEN123
T000592,SHP00144,2024-09-16 18:57:02,0.3,SEN115
T000593,SHP00144,2024-09-16 07:18:23,5.8,SEN138
T000594,SHP00145,2024-04-09 15:51:40,-14.5,SEN191
T000595,SHP00145,2024-04-08 15:53:38,-16.8,SEN121
T000596,SHP00145,2024-04-09 06:56:13,-17.5,SEN145
T000598,SHP00145,2024-04-08 01:07:22,-16.2,SEN192
T000599,SHP00145,2024-04-08 20:52:21,-15.4,SEN100
T000600,SHP00146,2024-07-16 12:10:11,4.0,SEN102
T000601,SHP00146,2024-07-16 07:55:30,2.2,SEN113
T000602,SHP00146,2024-07-15 08:14:39,3.4,SEN105
T000603,SHP00146,2024-07-16 19:23:51,3.1,SEN199
T000604,SHP00146,2024-07-16 15:03:52,6.4,SEN179
T000605,SHP00147,2024-06-07 19:51:56,3.1,SEN174
T000606,SHP00147,2024-06-06 16:43:40,3.8,SEN124
T000607,SHP00148,2024-09-01 08:03:11,0.0,SEN145
T000608,SHP00148,2024-09-01 17:57:48,0.6,SEN183
T000609,SHP00148,2024-09-02 22:43:27,6.8,SEN114
T000610,SHP00149,2024-02-11 16:12:24,5.8,SEN142
T000611,SHP00149,2024-02-11 01:36:09,9.5,SEN151
T000612,SHP00149,2024-02-12 14:48:35,3.3,SEN136
T000613,SHP00149,2024-02-11 09:17:41,0.8,SEN199
T000614,SHP00149,2024-02-11 14:08:17,3.5,SEN131
T000615,SHP00149,2024-02-11 20:29:03,0.7,SEN100
T000616,SHP00150,2024-12-15 11:32:24,2.3,SEN182
T000617,SHP00150,2024-12-15 22:21:50,0.5,SEN134
T000618,SHP00150,2024-12-15 18:13:32,4.7,SEN107
T000619,SHP00150,2024-12-15 04:43:31,1.3,SEN140
T000620,SHP00150,2024-12-15 05:30:35,8.9,SEN107
T000621,SHP00150,2024-12-14 23:49:40,1.0,SEN125
T000622,SHP00151,2024-12-10 17:50:28,2.6,SEN120
T000623,SHP00151,2024-12-10 08:44:53,2.0,SEN199
T000624,SHP00152,2024-01-18 19:16:51,3.1,SEN143
T000625,SHP00152,2024-01-18 04:07:33,3.6,SEN123
T000626,SHP00152,2024-01-17 10:59:45,2.2,SEN161
T000627,SHP00152,2024-01-17 06:08:57,3.4,SEN154
T000628,SHP00153,2024-12-16 16:56:46,0.6,SEN180
T000629,SHP00153,2024-12-15 04:56:18,6.0,SEN118
T000630,SHP00153,2024-12-15 20:26:05,3.6,SEN157
T000631,SHP00153,2024-12-15 00:12:59,5.8,SEN175
T000632,SHP00154,2024-08-26 19:18:52,3.8,SEN140
T000633,SHP00154,2024-08-25 09:10:13,6.2,SEN190
T000634,SHP00154,2024-08-25 11:03:10,2.7,SEN142
T000635,SHP00155,2024-01-09 10:04:27,2.2,SEN198
T000636,SHP00155,2024-01-09 05:02:35,3.2,SEN130
T000637,SHP00155,2024-01-10 16:51:53,2.1,SEN162
T000638,SHP00155,2024-01-09 06:42:12,7.7,SEN159
T000640,SHP00156,2024-01-29 04:29:03,5.2,SEN169
T000641,SHP00156,2024-01-30 06:09:27,3.3,SEN186
T000642,SHP00156,2024-01-30 13:58:42,3.7,SEN175
T000643,SHP00156,2024-01-29 00:21:22,3.7,SEN198
T000644,SHP00156,2024-01-29 20:42:29,2.0,SEN181
T000645,SHP00157,2024-06-02 10:01:49,5.6,SEN130
T000646,SHP00157,2024-06-03 23:20:11,8.7,SEN155
T000647,SHP00157,2024-06-03 05:38:25,1.4,SEN107
T000648,SHP00157,2024-06-03 02:03:33,1.9,SEN137
T000650,SHP00158,2024-12-22 17:14:43,3.1,SEN167
T000651,SHP00158,2024-12-23 01:59:28,3.3,SEN199
T000652,SHP00158,2024-12-23 14:05:57,1.7,SEN117
T000653,SHP00158,2024-12-23 11:30:12,0.7,SEN134
T000654,SHP00159,2024-08-02 13:23:17,3.3,SEN146
T000655,SHP00159,2024-08-02 13:26:48,2.4,SEN140
T000656,SHP00159,2024-08-02 04:06:32,2.2,SEN121
T000657,SHP00159,2024-08-02 17:44:22,2.3,SEN101
T000658,SHP00159,2024-08-01 16:55:41,8.3,SEN184
T000659,SHP00160,2024-07-12 14:23:38,3.5,SEN122
T000660,SHP00160,2024-07-13 12:30:10,0.8,SEN123
T000661,SHP00160,2024-07-13 21:23:48,0.4,SEN120
T000662,SHP00160,2024-07-12 13:47:55,1.1,SEN173
T000663,SHP00160,2024-07-12 00:38:43,0.0,SEN189
T000664,SHP00161,2024-03-01 21:16:56,3.7,SEN117
T000665,SHP00161,2024-03-02 20:05:27,2.0,SEN143
T000666,SHP00161,2024-03-02 03:52:27,4.4,SEN155
T000667,SHP00161,2024-03-02 16:07:32,2.1,SEN182
T000668,SHP00161,2024-03-02 05:29:49,3.4,SEN106
T000669,SHP00162,2024-05-14 12:37:29,1.0,SEN168
T000670,SHP00162,2024-05-13 14:17:53,0.5,SEN159
T000671,SHP00163,2024-04-23 18:21:05,3.2,SEN100
T000672,SHP00163,2024-04-23 01:01:15,2.8,SEN167
T000673,SHP00164,2024-10-08 15:22:40,10.6,SEN135
T000674,SHP00164,2024-10-09 11:55:17,11.7,SEN107
T000675,SHP00164,2024-10-08 06:13:49,9.7,SEN136
T000676,SHP00165,2024-10-06 16:59:29,2.9,SEN101
T000677,SHP00165,2024-10-06 08:19:34,0.9,SEN134
T000678,SHP00165,2024-10-06 20:25:45,1.8,SEN118
T000679,SHP00166,2024-03-12 17:37:57,2.4,SEN125
T000680,SHP00166,2024-03-12 06:51:35,4.9,SEN179
T000681,SHP00166,2024-03-12 22:19:11,3.4,SEN138
T000683,SHP00167,2024-09-06 05:34:57,3.3,SEN195
T000684,SHP00167,2024-09-06 22:33:13,0.7,SEN149
T000685,SHP00168,2024-05-04 18:55:34,5.8,SEN196
T000686,SHP00168,2024-05-03 10:00:16,5.4,SEN132
T000687,SHP00168,2024-05-04 22:47:04,2.7,SEN135
T000688,SHP00168,2024-05-03 22:43:20,12.5,SEN143
T000689,SHP00168,2024-05-03 00:56:56,4.2,SEN111
T000690,SHP00168,2024-05-04 05:32:37,10.0,SEN124
T000691,SHP00169,2024-02-12 18:20:44,0.7,SEN136
T000692,SHP00169,2024-02-11 12:47:49,1.8,SEN134
T000693,SHP00169,2024-02-11 10:30:47,2.0,SEN144
T000694,SHP00170,2024-08-11 00:02:49,12.4,SEN149
T000695,SHP00170,2024-08-11 12:31:15,3.8,SEN101
T000696,SHP00170,2024-08-11 13:05:24,5.5,SEN147
T000697,SHP00170,2024-08-11 12:31:52,3.5,SEN153
T000698,SHP00170,2024-08-11 09:02:03,2.2,SEN122
T000699,SHP00171,2024-02-08 12:46:42,2.9,SEN183
T000700,SHP00171,2024-02-09 04:35:23,3.8,SEN129
T000701,SHP00171,2024-02-09 18:30:37,1.3,SEN161
T000702,SHP00172,2024-03-24 13:22:09,1.6,SEN141
T000703,SHP00172,2024-03-25 16:05:27,8.8,SEN104
T000704,SHP00172,2024-03-25 01:36:51,0.9,SEN133
T000705,SHP00172,2024-03-24 23:27:32,0.2,SEN182
T000706,SHP00173,2024-02-20 21:52:09,1.2,SEN166
T000707,SHP00173,2024-02-20 02:27:32,0.8,SEN193
T000708,SHP00173,2024-02-20 21:39:57,2.2,SEN183
T000710,SHP00173,2024-02-20 06:18:21,10.8,SEN149
T000711,SHP00174,2024-07-02 19:15:49,3.7,SEN108
T000712,SHP00174,2024-07-02 09:18:44,1.2,SEN166
T000713,SHP00174,2024-07-02 05:13:42,2.1,SEN104
T000714,SHP00175,2024-12-31 09:23:50,0.4,SEN173
T000715,SHP00175,2024-12-31 00:49:01,2.1,SEN142
T000716,SHP00176,2024-08-18 16:12:22,4.6,SEN149
T000717,SHP00176,2024-08-17 17:26:25,5.9,SEN196
T000718,SHP00177,2024-10-13 10:56:20,3.6,SEN131
T000719,SHP00177,2024-10-14 04:25:21,3.7,SEN131
T000720,SHP00177,2024-10-14 06:56:28,1.6,SEN185
T000721,SHP00177,2024-10-13 22:36:29,3.3,SEN115
T000722,SHP00177,2024-10-14 11:16:29,0.5,SEN153
T000723,SHP00178,2024-05-22 03:34:57,9.8,SEN135
T000724,SHP00178,2024-05-22 13:00:45,10.9,SEN157
T000725,SHP00178,2024-05-21 15:47:47,4.0,SEN164
T000726,SHP00178,2024-05-22 14:48:00,11.4,SEN105
T000727,SHP00178,2024-05-22 03:29:12,5.0,SEN126
T000728,SHP00179,2024-07-22 00:43:18,0.7,SEN179
T000729,SHP00179,2024-07-21 23:06:56,8.0,SEN151
T000730,SHP00179,2024-07-22 14:20:36,3.4,SEN181
T000731,SHP00179,2024-07-22 08:11:44,0.1,SEN138
T000732,SHP00180,2024-04-01 09:20:04,3.3,SEN107
T000733,SHP00180,2024-03-31 20:17:03,3.4,SEN189
T000734,SHP00180,2024-03-31 19:16:14,8.4,SEN192
T000735,SHP00180,2024-03-31 09:53:05,1.6,SEN107
T000736,SHP00180,2024-03-31 07:49:02,7.2,SEN186
T000737,SHP00180,2024-03-31 09:11:58,4.1,SEN174
T000738,SHP00181,2024-10-16 16:17:11,3.3,SEN110
T000739,SHP00181,2024-10-16 01:45:08,2.3,SEN120
T000740,SHP00181,2024-10-15 20:05:47,2.2,SEN141
T000742,SHP00181,2024-10-16 19:53:31,1.8,SEN100
T000743,SHP00181,2024-10-15 14:46:55,3.3,SEN133
T000744,SHP00182,2024-09-12 01:26:59,3.2,SEN191
T000745,SHP00182,2024-09-13 21:46:36,4.1,SEN130
T000747,SHP00183,2024-12-21 04:52:19,4.0,SEN102
T000748,SHP00183,2024-12-21 03:08:52,1.4,SEN153
T000749,SHP00183,2024-12-21 04:44:35,4.0,SEN108
T000750,SHP00183,2024-12-20 21:04:51,3.3,SEN100
T000751,SHP00184,2024-11-09 07:47:43,2.4,SEN134
T000752,SHP00184,2024-11-10 11:38:23,3.6,SEN135
T000753,SHP00184,2024-11-09 02:36:23,1.0,SEN118
T000754,SHP00184,2024-11-10 15:27:26,9.5,SEN109
T000755,SHP00185,2024-10-24 22:37:51,0.4,SEN100
T000756,SHP00185,2024-10-25 06:45:46,1.5,SEN184
T000757,SHP00185,2024-10-25 18:23:07,0.5,SEN167
T000758,SHP00185,2024-10-25 19:20:26,3.0,SEN106
T000759,SHP00185,2024-10-24 12:07:28,2.6,SEN198
T000760,SHP00186,2024-03-01 19:15:36,-9.7,SEN183
T000761,SHP00186,2024-02-29 09:35:10,-17.0,SEN157
T000762,SHP00186,2024-02-29 02:36:40,-14.1,SEN176
T000764,SHP00186,2024-02-29 01:29:31,-17.9,SEN180
T000765,SHP00186,2024-03-01 19:06:58,-16.4,SEN108
T000766,SHP00187,2024-06-02 07:56:56,0.6,SEN153
T000767,SHP00187,2024-06-03 12:58:44,2.6,SEN138
T000768,SHP00187,2024-06-03 21:25:59,6.6,SEN184
T000769,SHP00187,2024-06-03 00:47:03,7.7,SEN184
T000770,SHP00187,2024-06-03 03:07:02,1.4,SEN182
T000771,SHP00188,2024-06-18 20:06:34,0.4,SEN100
T000772,SHP00188,2024-06-18 05:23:31,2.4,SEN176
T000773,SHP00188,2024-06-18 05:17:18,7.1,SEN160
T000774,SHP00188,2024-06-19 02:45:30,0.5,SEN167
T000775,SHP00188,2024-06-19 05:59:42,0.1,SEN158
T000776,SHP00189,2024-08-08 23:43:29,3.2,SEN153
T000777,SHP00189,2024-08-07 12:41:56,3.6,SEN134
T000778,SHP00190,2024-02-29 06:15:00,0.8,SEN123
T000779,SHP00190,2024-02-29 01:03:07,0.0,SEN162
T000780,SHP00190,2024-02-28 00:31:32,2.6,SEN195
T000781,SHP00191,2024-12-10 06:50:42,11.4,SEN120
T000782,SHP00191,2024-12-10 19:34:31,1.5,SEN102
T000783,SHP00191,2024-12-10 07:29:53,3.8,SEN128
T000784,SHP00191,2024-12-10 08:46:00,1.0,SEN134
T000785,SHP00192,2024-08-03 20:29:18,3.3,SEN107
T000786,SHP00192,2024-08-03 12:31:48,1.5,SEN100
T000787,SHP00192,2024-08-02 11:37:46,3.0,SEN140
T000788,SHP00192,2024-08-03 09:06:21,3.1,SEN105
T000789,SHP00192,2024-08-03 12:40:36,0.9,SEN132
T000790,SHP00192,2024-08-03 01:34:25,0.3,SEN156
T000791,SHP00193,2024-08-18 00:46:51,6.2,SEN131
T000792,SHP00193,2024-08-18 13:03:17,10.6,SEN165
T000793,SHP00193,2024-08-19 17:57:55,0.5,SEN172
T000794,SHP00193,2024-08-19 00:51:10,2.0,SEN135
T000795,SHP00194,2024-12-30 22:06:54,15.0,SEN129
T000796,SHP00194,2024-12-30 14:43:34,13.8,SEN177
T000797,SHP00194,2024-12-29 19:34:19,22.8,SEN174
T000798,SHP00194,2024-12-29 14:53:59,13.7,SEN162
T000801,SHP00195,2024-09-11 03:03:23,3.8,SEN116
T000802,SHP00196,2024-12-01 22:23:30,13.8,SEN172
T000803,SHP00196,2024-12-01 18:50:30,13.4,SEN148
T000805,SHP00197,2024-10-29 13:58:26,2.9,SEN193
T000806,SHP00197,2024-10-29 12:04:18,0.9,SEN194
T000807,SHP00197,2024-10-29 02:41:12,3.9,SEN159
T000808,SHP00197,2024-10-28 08:59:23,1.8,SEN199
T000809,SHP00197,2024-10-28 11:51:31,1.2,SEN167
T000810,SHP00198,2024-10-03 14:45:32,3.8,SEN177
T000811,SHP00198,2024-10-02 09:36:24,4.8,SEN167
T000812,SHP00198,2024-10-03 04:46:31,3.9,SEN119
T000813,SHP00199,2024-03-09 19:02:47,-0.9,SEN137
T000814,SHP00199,2024-03-09 07:35:41,1.0,SEN159
T000815,SHP00199,2024-03-09 05:36:47,3.2,SEN195
T000817,SHP00200,2024-05-22 13:38:37,2.1,SEN172
T000818,SHP00201,2024-09-30 09:47:52,0.5,SEN173
T000819,SHP00201,2024-10-01 06:30:26,0.6,SEN169
T000820,SHP00202,2024-01-26 01:55:37,2.4,SEN182
T000821,SHP00202,2024-01-25 14:15:42,2.7,SEN195
T000822,SHP00202,2024-01-25 06:30:02,11.5,SEN101
T000823,SHP00202,2024-01-26 07:09:01,3.9,SEN107
T000824,SHP00202,2024-01-26 15:55:09,0.9,SEN103
T000826,SHP00203,2024-03-09 19:28:32,13.5,SEN151
T000827,SHP00203,2024-03-09 21:07:40,14.9,SEN199
T000828,SHP00203,2024-03-09 15:11:23,14.9,SEN183
T000830,SHP00203,2024-03-09 07:37:34,15.7,SEN131
T000831,SHP00204,2024-11-16 04:49:27,1.6,SEN167
T000832,SHP00204,2024-11-16 23:03:14,1.3,SEN196
T000833,SHP00205,2024-12-22 11:53:58,4.1,SEN139
T000834,SHP00205,2024-12-22 07:50:29,0.5,SEN128
T000836,SHP00205,2024-12-22 04:39:10,3.4,SEN106
T000837,SHP00206,2024-07-14 08:08:19,0.8,SEN163
T000839,SHP00206,2024-07-15 07:50:08,2.3,SEN105
T000840,SHP00206,2024-07-15 05:51:23,1.3,SEN174
T000841,SHP00206,2024-07-14 09:31:02,0.3,SEN161
T000842,SHP00207,2024-04-19 14:19:01,0.2,SEN123
T000843,SHP00207,2024-04-19 14:54:15,10.8,SEN157
T000844,SHP00207,2024-04-20 13:25:37,2.4,SEN163
T000845,SHP00208,2024-06-11 01:39:29,3.0,SEN116
T000846,SHP00208,2024-06-10 03:09:11,6.5,SEN100
T000847,SHP00208,2024-06-10 15:25:29,1.9,SEN199
T000848,SHP00208,2024-06-10 22:37:06,4.6,SEN104
T000850,SHP00209,2024-11-07 22:07:43,-15.9,SEN121
T000851,SHP00209,2024-11-06 03:45:57,-10.3,SEN145
T000852,SHP00209,2024-11-06 01:46:40,-15.1,SEN109
T000853,SHP00209,2024-11-06 00:04:11,-16.9,SEN144
T000854,SHP00210,2024-01-08 14:46:21,2.9,SEN141
T000855,SHP00210,2024-01-07 13:01:11,7.6,SEN179
T000856,SHP00210,2024-01-08 04:54:33,1.5,SEN114
T000857,SHP00210,2024-01-07 23:36:39,4.4,SEN160
T000858,SHP00210,2024-01-08 04:12:57,1.1,SEN101
T000859,SHP00210,2024-01-07 14:57:51,1.3,SEN169
T000861,SHP00211,2024-02-05 14:36:18,2.7,SEN103
T000862,SHP00211,2024-02-04 18:53:43,4.4,SEN120
T000863,SHP00211,2024-02-04 01:54:55,11.9,SEN165
T000864,SHP00212,2024-11-23 19:10:05,19.4,SEN135
T000865,SHP00212,2024-11-23 01:00:36,14.4,SEN156
T000866,SHP00212,2024-11-23 18:48:13,13.0,SEN120
T000867,SHP00212,2024-11-24 22:35:58,13.7,SEN148
T000868,SHP00213,2024-11-28 09:55:08,2.8,SEN126
T000869,SHP00213,2024-11-28 20:02:28,1.4,SEN125
T000870,SHP00213,2024-11-29 23:18:06,0.8,SEN138
T000871,SHP00213,2024-11-29 19:34:42,0.1,SEN106
T000872,SHP00214,2024-12-08 22:19:04,2.0,SEN171
T000873,SHP00214,2024-12-08 04:38:09,3.9,SEN105
T000875,SHP00214,2024-12-08 10:41:54,2.2,SEN188
T000876,SHP00214,2024-12-08 17:33:04,3.9,SEN110
T000877,SHP00215,2024-05-17 06:58:20,3.4,SEN149
T000878,SHP00215,2024-05-18 01:46:53,0.4,SEN170
T000879,SHP00216,2024-07-04 14:24:59,1.4,SEN130
T000880,SHP00216,2024-07-04 04:30:43,0.5,SEN151
T000881,SHP00216,2024-07-04 14:20:18,4.0,SEN186
T000883,SHP00217,2024-08-29 22:51:01,9.4,SEN134
T000884,SHP00217,2024-08-29 23:03:06,2.6,SEN189
T000886,SHP00217,2024-08-30 20:05:22,10.2,SEN125
T000887,SHP00217,2024-08-29 13:53:06,3.5,SEN195
T000888,SHP00217,2024-08-29 16:16:12,3.2,SEN131
T000889,SHP00218,2024-02-09 23:19:26,1.6,SEN149
T000891,SHP00218,2024-02-10 03:39:30,1.1,SEN100
T000892,SHP00218,2024-02-09 06:37:03,1.9,SEN149
T000893,SHP00218,2024-02-09 00:47:21,0.6,SEN147
T000894,SHP00218,2024-02-09 21:31:27,0.7,SEN127
T000895,SHP00219,2024-02-15 20:33:00,-17.9,SEN106
T000896,SHP00219,2024-02-14 18:59:55,-17.9,SEN155
T000897,SHP00219,2024-02-14 06:12:17,-12.0,SEN167
T000898,SHP00219,2024-02-15 06:23:52,-14.3,SEN134
T000899,SHP00219,2024-02-15 04:12:46,-10.0,SEN101
T000900,SHP00220,2024-05-06 23:26:41,2.4,SEN107
T000901,SHP00220,2024-05-05 01:22:58,5.9,SEN146
T000902,SHP00220,2024-05-05 16:16:13,2.4,SEN188
T000903,SHP00221,2024-04-15 17:48:33,7.7,SEN159
T000904,SHP00221,2024-04-16 17:09:30,1.5,SEN173
T000905,SHP00221,2024-04-15 18:50:10,0.7,SEN106
T000906,SHP00222,2024-07-09 06:23:10,1.7,SEN159
T000907,SHP00222,2024-07-09 23:39:49,3.3,SEN137
T000908,SHP00222,2024-07-09 13:07:15,1.0,SEN180
T000909,SHP00222,2024-07-09 15:18:47,0.5,SEN195
T000910,SHP00222,2024-07-10 09:17:14,2.4,SEN142
T000911,SHP00222,2024-07-10 02:45:25,0.4,SEN180
T000912,SHP00223,2024-05-13 18:41:09,2.2,SEN180
T000913,SHP00223,2024-05-14 18:32:35,0.8,SEN136
T000914,SHP00223,2024-05-13 19:29:41,7.2,SEN121
T000915,SHP00223,2024-05-13 07:10:17,2.7,SEN163
T000916,SHP00223,2024-05-14 09:34:18,0.2,SEN148
T000917,SHP00223,2024-05-13 19:36:09,3.9,SEN153
T000918,SHP00224,2024-02-24 21:29:13,9.7,SEN137
T000919,SHP00224,2024-02-25 12:22:22,10.6,SEN151
T000920,SHP00224,2024-02-25 14:23:21,8.8,SEN108
T000921,SHP00225,2024-12-17 17:58:26,2.1,SEN125
T000922,SHP00225,2024-12-17 11:03:33,2.3,SEN192
T000923,SHP00225,2024-12-17 23:51:30,2.4,SEN112
T000924,SHP00225,2024-12-18 01:16:29,2.2,SEN173
T000925,SHP00226,2024-12-12 14:30:23,0.7,SEN126
T000926,SHP00226,2024-12-12 21:13:55,1.3,SEN133
T000927,SHP00227,2024-02-02 11:07:56,3.9,SEN146
T000928,SHP00227,2024-02-01 15:21:14,2.7,SEN159
T000929,SHP00228,2024-04-11 05:54:33,4.9,SEN194
T000930,SHP00228,2024-04-12 01:11:10,4.6,SEN173
T000931,SHP00228,2024-04-12 11:41:33,3.7,SEN138
T000932,SHP00228,2024-04-11 10:18:38,9.2,SEN142
T000933,SHP00228,2024-04-11 11:16:56,2.5,SEN141
T000934,SHP00228,2024-04-12 06:06:20,4.0,SEN171
T000935,SHP00229,2024-07-21 17:57:51,11.8,SEN159
T000936,SHP00229,2024-07-21 11:39:30,8.7,SEN195
T000937,SHP00229,2024-07-22 14:27:42,11.4,SEN111
T000938,SHP00229,2024-07-21 00:17:13,9.0,SEN182
T000939,SHP00229,2024-07-21 01:13:32,8.7,SEN146
T000940,SHP00230,2024-11-28 16:48:53,0.9,SEN118
T000941,SHP00230,2024-11-27 22:59:41,2.4,SEN187
T000942,SHP00230,2024-11-28 17:18:33,2.3,SEN137
T000943,SHP00230,2024-11-28 02:54:43,0.7,SEN117
T000944,SHP00230,2024-11-28 15:08:34,3.1,SEN158
T000945,SHP00231,2024-10-05 08:58:04,2.4,SEN121
T000946,SHP00231,2024-10-06 05:51:12,3.7,SEN190
T000947,SHP00231,2024-10-06 17:38:18,2.9,SEN183
T000948,SHP00231,2024-10-06 08:55:42,0.5,SEN102
T000949,SHP00231,2024-10-06 23:35:44,1.0,SEN108
T000950,SHP00232,2024-01-15 14:19:19,0.9,SEN166
T000951,SHP00232,2024-01-15 22:09:11,0.6,SEN163
T000952,SHP00232,2024-01-15 01:12:46,2.4,SEN177
T000953,SHP00232,2024-01-14 15:54:25,2.7,SEN141
T000954,SHP00232,2024-01-14 12:53:56,6.6,SEN143
T000955,SHP00233,2024-05-04 20:26:49,6.5,SEN141
T000956,SHP00233,2024-05-04 05:52:19,4.8,SEN125
T000957,SHP00233,2024-05-03 01:24:49,2.9,SEN191
T000958,SHP00234,2024-10-30 10:14:43,11.9,SEN119
T000959,SHP00234,2024-10-31 23:39:32,3.0,SEN192
T000960,SHP00234,2024-10-30 23:39:09,11.3,SEN159
T000961,SHP00234,2024-10-30 03:37:14,0.8,SEN192
T000962,SHP00234,2024-10-31 21:50:13,3.8,SEN151
T000963,SHP00235,2024-06-08 14:31:38,0.1,SEN100
T000964,SHP00235,2024-06-07 11:25:33,1.4,SEN104
T000965,SHP00235,2024-06-08 05:56:50,1.3,SEN138
T000966,SHP00235,2024-06-08 10:56:25,1.2,SEN104
T000967,SHP00236,2024-01-12 02:34:29,6.4,SEN163
T000968,SHP00236,2024-01-13 17:41:24,2.7,SEN160
T000969,SHP00236,2024-01-12 08:00:58,6.9,SEN158
T000970,SHP00236,2024-01-13 20:26:53,1.5,SEN155
T000971,SHP00236,2024-01-12 01:55:13,4.1,SEN190
T000972,SHP00237,2024-06-22 23:08:28,2.0,SEN181
T000973,SHP00237,2024-06-21 19:22:11,10.5,SEN133
T000975,SHP00237,2024-06-21 23:18:49,1.3,SEN175
T000976,SHP00237,2024-06-21 10:26:39,2.1,SEN175
T000977,SHP00238,2024-07-02 16:15:17,3.0,SEN190
T000978,SHP00238,2024-07-02 13:54:01,4.0,SEN132
T000979,SHP00238,2024-07-01 20:30:28,2.8,SEN175
T000980,SHP00238,2024-07-02 15:03:56,3.6,SEN101
T000981,SHP00238,2024-07-02 14:25:15,8.8,SEN126
T000982,SHP00238,2024-07-02 17:52:29,1.7,SEN137
T000983,SHP00239,2024-10-18 22:49:02,11.0,SEN132
T000984,SHP00239,2024-10-17 04:50:25,12.8,SEN191
T000985,SHP00239,2024-10-18 18:15:53,10.8,SEN183
T000986,SHP00240,2024-06-12 15:49:05,5.6,SEN136
T000987,SHP00240,2024-06-12 12:04:15,3.4,SEN100
T000988,SHP00241,2024-02-26 11:34:58,1.8,SEN120
T000989,SHP00241,2024-02-26 04:23:44,0.8,SEN167
T000991,SHP00242,2024-09-02 22:07:57,1.6,SEN164
T000992,SHP00242,2024-09-03 00:38:34,0.3,SEN164
T000993,SHP00242,2024-09-02 06:10:51,3.6,SEN157
T000994,SHP00243,2024-03-28 02:46:29,4.6,SEN184
T000995,SHP00243,2024-03-28 03:14:05,5.4,SEN166
T000996,SHP00243,2024-03-29 23:23:51,4.8,SEN125
T000997,SHP00243,2024-03-29 06:50:12,3.0,SEN151
T000998,SHP00243,2024-03-29 03:35:52,5.0,SEN168
T001000,SHP00244,2024-03-26 05:55:46,3.4,SEN172
T001001,SHP00244,2024-03-26 18:24:45,7.1,SEN169
T001002,SHP00244,2024-03-26 05:48:10,2.0,SEN156
T001003,SHP00244,2024-03-25 05:43:40,2.8,SEN169
T001004,SHP00245,2024-05-24 04:00:58,0.6,SEN151
T001005,SHP00245,2024-05-24 15:29:14,0.4,SEN140
T001006,SHP00246,2024-02-19 13:20:00,1.6,SEN163
T001007,SHP00246,2024-02-19 19:07:57,2.1,SEN141
T001008,SHP00246,2024-02-19 23:41:22,6.9,SEN112
T001010,SHP00246,2024-02-19 18:32:52,0.0,SEN157
T001011,SHP00247,2024-10-06 14:48:04,1.4,SEN116
T001012,SHP00247,2024-10-05 03:25:19,-0.8,SEN148
T001013,SHP00247,2024-10-05 07:23:14,-0.0,SEN132
T001014,SHP00247,2024-10-06 12:57:08,4.1,SEN175
T001015,SHP00248,2024-12-22 06:53:54,9.2,SEN125
T001016,SHP00248,2024-12-23 01:39:06,9.6,SEN154
T001017,SHP00248,2024-12-23 16:09:06,11.1,SEN160
T001018,SHP00248,2024-12-22 21:43:35,17.8,SEN131
T001019,SHP00248,2024-12-23 05:51:58,8.2,SEN134
T001020,SHP00248,2024-12-23 06:51:48,8.8,SEN107
T001021,SHP00249,2024-09-01 11:06:12,14.4,SEN169
T001022,SHP00249,2024-08-31 01:27:32,14.1,SEN177
T001023,SHP00249,2024-08-31 03:19:11,17.2,SEN134
T001024,SHP00250,2024-08-18 06:37:21,3.1,SEN177
T001025,SHP00250,2024-08-18 16:32:32,1.9,SEN173
T001026,SHP00250,2024-08-17 13:05:28,5.1,SEN119
T001027,SHP00250,2024-08-17 17:24:13,0.4,SEN178
T001028,SHP00250,2024-08-17 15:15:11,0.1,SEN105
T001029,SHP00250,2024-08-18 12:57:48,1.4,SEN196
T001030,SHP00251,2024-02-05 23:12:58,2.0,SEN173
T001031,SHP00251,2024-02-05 21:45:37,2.6,SEN173
T001032,SHP00251,2024-02-04 16:09:55,0.1,SEN180
T001033,SHP00251,2024-02-05 07:34:38,4.4,SEN155
T001034,SHP00251,2024-02-04 12:02:48,2.9,SEN118
T001035,SHP00252,2024-03-17 16:58:52,22.8,SEN167
T001036,SHP00252,2024-03-17 15:56:30,14.5,SEN135
T001037,SHP00253,2024-12-01 09:10:41,15.1,SEN139
T001038,SHP00253,2024-12-02 03:02:56,13.5,SEN156
T001039,SHP00253,2024-12-02 01:33:51,13.9,SEN158
T001040,SHP00253,2024-12-02 21:32:01,13.7,SEN184
T001041,SHP00253,2024-12-01 20:25:02,14.0,SEN134
T001043,SHP00254,2024-07-10 10:44:51,3.0,SEN177
T001044,SHP00254,2024-07-10 17:56:31,3.3,SEN189
T001045,SHP00254,2024-07-09 05:05:20,3.9,SEN153
T001046,SHP00255,2024-08-01 08:04:44,3.1,SEN154
T001047,SHP00255,2024-08-02 10:41:00,2.6,SEN148
T001048,SHP00255,2024-08-01 07:57:20,3.0,SEN153
T001049,SHP00256,2024-06-08 04:44:07,2.1,SEN156
T001050,SHP00256,2024-06-08 19:20:13,0.0,SEN175
T001051,SHP00256,2024-06-09 19:54:30,3.9,SEN111
T001052,SHP00256,2024-06-09 01:25:20,3.9,SEN197
T001053,SHP00256,2024-06-08 07:10:47,2.2,SEN199
T001054,SHP00257,2024-01-27 15:26:30,10.6,SEN172
T001055,SHP00257,2024-01-27 04:29:54,2.5,SEN102
T001057,SHP00258,2024-08-30 21:36:53,1.9,SEN164
T001059,SHP00258,2024-08-31 03:30:50,2.7,SEN104
T001060,SHP00259,2024-04-24 14:22:25,9.1,SEN169
T001061,SHP00259,2024-04-24 08:12:45,9.8,SEN170
T001062,SHP00259,2024-04-23 21:26:17,9.9,SEN141
T001063,SHP00259,2024-04-24 13:58:15,8.3,SEN153
T001064,SHP00259,2024-04-24 04:28:50,9.3,SEN109
T001065,SHP00260,2024-05-10 16:27:49,2.7,SEN195
T001066,SHP00260,2024-05-09 16:55:53,2.1,SEN108
T001067,SHP00260,2024-05-10 02:46:32,2.4,SEN138
T001068,SHP00260,2024-05-10 12:34:51,4.0,SEN180
T001069,SHP00260,2024-05-10 02:23:47,1.6,SEN164
T001070,SHP00260,2024-05-09 19:43:45,2.0,SEN167
T001071,SHP00261,2024-10-27 08:53:30,11.7,SEN151
T001072,SHP00261,2024-10-26 19:09:32,1.0,SEN113
T001073,SHP00262,2024-06-16 08:03:33,0.9,SEN103
T001074,SHP00262,2024-06-15 04:14:03,0.0,SEN169
T001075,SHP00262,2024-06-16 07:03:28,1.8,SEN169
T001076,SHP00263,2024-06-13 13:38:19,3.4,SEN112
T001077,SHP00263,2024-06-13 14:48:15,0.5,SEN183
T001078,SHP00263,2024-06-12 19:17:09,4.1,SEN191
T001079,SHP00263,2024-06-12 01:45:32,11.7,SEN115
T001080,SHP00263,2024-06-12 10:32:00,2.3,SEN199
T001081,SHP00263,2024-06-12 18:36:21,2.2,SEN177
T001082,SHP00264,2025-01-01 00:32:46,11.6,SEN155
T001083,SHP00264,2024-12-31 21:47:52,10.4,SEN105
T001084,SHP00264,2024-12-31 20:11:40,9.3,SEN141
T001085,SHP00265,2024-08-30 00:53:27,1.7,SEN193
T001086,SHP00265,2024-08-29 09:10:06,12.0,SEN145
T001087,SHP00265,2024-08-29 23:22:05,0.1,SEN130
T001088,SHP00265,2024-08-30 16:18:48,3.1,SEN184
T001089,SHP00265,2024-08-29 15:29:57,5.7,SEN143
T001090,SHP00266,2024-06-18 21:07:08,-15.7,SEN104
T001091,SHP00266,2024-06-19 01:11:25,-16.1,SEN179
T001092,SHP00267,2024-07-31 00:47:44,3.0,SEN190
T001093,SHP00267,2024-07-30 14:56:11,6.1,SEN165
T001094,SHP00267,2024-07-30 03:39:53,0.4,SEN108
T001095,SHP00267,2024-07-30 02:28:03,1.9,SEN189
T001096,SHP00267,2024-07-30 10:53:14,0.6,SEN182
T001097,SHP00267,2024-07-30 09:31:32,10.8,SEN168
T001098,SHP00268,2024-11-19 18:53:24,4.5,SEN199
T001099,SHP00268,2024-11-19 01:47:55,2.3,SEN181
T001100,SHP00268,2024-11-20 05:39:34,5.5,SEN168
T001101,SHP00268,2024-11-19 11:08:30,5.5,SEN138
T001102,SHP00268,2024-11-19 17:08:37,11.0,SEN165
T001103,SHP00269,2024-08-11 03:34:34,5.9,SEN137
T001104,SHP00269,2024-08-10 11:07:52,5.0,SEN198
T001105,SHP00269,2024-08-11 21:46:52,5.4,SEN102
T001106,SHP00269,2024-08-10 06:27:58,2.9,SEN140
T001107,SHP00270,2024-12-13 07:46:17,2.0,SEN115
T001108,SHP00270,2024-12-12 17:34:13,3.8,SEN190
T001109,SHP00270,2024-12-13 09:45:30,8.8,SEN118
T001110,SHP00270,2024-12-13 00:26:02,0.9,SEN171
T001111,SHP00270,2024-12-12 01:48:42,5.7,SEN172
T001112,SHP00271,2024-05-29 09:51:02,3.5,SEN138
T001113,SHP00271,2024-05-28 10:53:05,6.0,SEN122
T001114,SHP00272,2024-07-26 11:20:47,3.4,SEN108
T001115,SHP00272,2024-07-25 12:12:21,2.5,SEN131
T001116,SHP00272,2024-07-25 01:09:01,3.2,SEN159
T001117,SHP00272,2024-07-26 14:08:45,6.4,SEN160
T001118,SHP00273,2024-05-10 16:34:41,3.5,SEN180
T001119,SHP00273,2024-05-11 07:12:52,3.1,SEN180
T001120,SHP00273,2024-05-11 20:19:14,3.5,SEN178
T001121,SHP00273,2024-05-10 00:08:27,2.1,SEN101
T001122,SHP00274,2024-05-10 07:53:29,4.6,SEN151
T001123,SHP00274,2024-05-10 16:02:17,0.3,SEN136
T001124,SHP00274,2024-05-10 13:48:40,4.8,SEN138
T001125,SHP00275,2024-02-24 18:41:21,1.5,SEN190
T001126,SHP00275,2024-02-23 09:45:46,3.3,SEN162
T001127,SHP00275,2024-02-24 11:19:31,6.3,SEN116
T001128,SHP00275,2024-02-23 06:01:04,2.9,SEN151
T001129,SHP00276,2024-01-22 22:36:44,15.0,SEN198
T001131,SHP00276,2024-01-21 01:25:09,14.9,SEN192
T001132,SHP00276,2024-01-22 15:19:12,13.8,SEN114
T001133,SHP00277,2024-09-18 21:42:58,7.3,SEN115
T001134,SHP00277,2024-09-18 19:56:36,1.5,SEN155
T001136,SHP00277,2024-09-18 13:20:18,3.7,SEN104
T001137,SHP00277,2024-09-18 06:08:39,3.4,SEN187
T001138,SHP00277,2024-09-19 05:27:30,0.9,SEN169
T001139,SHP00278,2024-05-29 10:48:34,4.0,SEN154
T001140,SHP00278,2024-05-28 23:26:04,3.6,SEN179
T001141,SHP00279,2024-11-15 05:29:05,1.6,SEN141
T001142,SHP00279,2024-11-15 15:05:02,-0.1,SEN115
T001143,SHP00280,2024-03-26 10:08:30,2.5,SEN199
T001144,SHP00280,2024-03-26 14:35:39,4.5,SEN150
T001145,SHP00280,2024-03-26 14:44:38,7.5,SEN148
T001146,SHP00280,2024-03-26 18:25:08,4.9,SEN162
T001147,SHP00281,2024-07-14 04:03:31,0.3,SEN196
T001148,SHP00281,2024-07-13 18:18:24,3.6,SEN178
T001149,SHP00281,2024-07-14 12:22:50,1.4,SEN181
T001150,SHP00282,2024-02-03 16:50:19,13.9,SEN133
T001151,SHP00282,2024-02-02 02:09:32,17.4,SEN127
T001152,SHP00282,2024-02-03 20:07:25,22.7,SEN170
T001153,SHP00283,2024-12-25 14:28:33,0.7,SEN143
T001154,SHP00283,2024-12-24 09:59:51,2.9,SEN134
T001155,SHP00283,2024-12-24 12:16:45,11.4,SEN170
T001156,SHP00283,2024-12-25 01:36:19,0.6,SEN168
T001157,SHP00284,2024-11-26 12:14:28,1.2,SEN129
T001158,SHP00284,2024-11-25 13:14:51,3.7,SEN193
T001159,SHP00284,2024-11-26 08:57:31,0.3,SEN137
T001160,SHP00285,2024-10-08 04:27:14,5.2,SEN133
T001161,SHP00285,2024-10-09 01:14:49,3.2,SEN159
T001162,SHP00285,2024-10-08 03:02:57,2.6,SEN188
T001163,SHP00285,2024-10-08 15:28:01,2.0,SEN131
T001164,SHP00285,2024-10-08 20:23:47,3.3,SEN165
T001165,SHP00285,2024-10-09 14:36:38,3.4,SEN164
T001166,SHP00286,2024-12-01 01:43:25,4.9,SEN131
T001167,SHP00286,2024-11-30 04:02:48,2.8,SEN111
T001168,SHP00287,2024-01-29 01:40:23,1.7,SEN121
T001169,SHP00287,2024-01-28 00:42:34,3.8,SEN170
T001170,SHP00288,2024-07-01 05:31:36,0.4,SEN151
T001171,SHP00288,2024-06-30 14:27:26,1.3,SEN142
T001172,SHP00289,2024-11-09 02:17:59,18.3,SEN100
T001173,SHP00289,2024-11-09 03:45:10,13.9,SEN125
T001174,SHP00289,2024-11-08 03:27:39,14.6,SEN133
T001175,SHP00289,2024-11-08 00:35:14,14.5,SEN104
T001176,SHP00289,2024-11-08 08:52:51,13.4,SEN164
T001177,SHP00290,2024-08-19 09:11:10,11.8,SEN142
T001178,SHP00290,2024-08-18 15:40:08,4.2,SEN117
T001179,SHP00290,2024-08-18 04:36:00,3.5,SEN119
T001180,SHP00290,2024-08-18 01:45:36,2.8,SEN140
T001181,SHP00290,2024-08-19 04:15:48,2.6,SEN118
T001182,SHP00291,2024-03-31 20:22:18,3.4,SEN131
T001183,SHP00291,2024-03-31 06:45:04,3.0,SEN117
T001184,SHP00292,2024-07-22 15:20:12,0.1,SEN175
T001185,SHP00292,2024-07-22 02:15:54,2.7,SEN148
T001186,SHP00292,2024-07-23 22:07:20,0.1,SEN194
T001187,SHP00293,2024-04-17 05:27:57,10.8,SEN126
T001188,SHP00293,2024-04-17 10:44:02,1.2,SEN112
T001189,SHP00293,2024-04-17 17:27:13,2.6,SEN166
T001190,SHP00293,2024-04-18 14:14:13,3.9,SEN120
T001191,SHP00293,2024-04-17 16:06:20,2.4,SEN152
T001192,SHP00293,2024-04-17 10:23:44,1.3,SEN123
T001193,SHP00294,2024-09-02 14:18:05,5.1,SEN156
T001194,SHP00294,2024-09-02 12:39:28,2.0,SEN165
T001195,SHP00294,2024-09-02 08:20:44,2.8,SEN106
T001196,SHP00294,2024-09-02 17:07:02,4.3,SEN155
T001197,SHP00294,2024-09-02 22:43:50,11.1,SEN131
T001198,SHP00294,2024-09-03 06:34:29,4.3,SEN146
T001199,SHP00295,2024-12-09 17:05:53,3.3,SEN199
T001200,SHP00295,2024-12-10 23:52:09,2.8,SEN151
T001201,SHP00295,2024-12-10 16:39:32,1.3,SEN134
T001202,SHP00296,2024-10-04 07:34:11,-11.9,SEN131
T001203,SHP00296,2024-10-05 05:44:24,-10.9,SEN153
T001204,SHP00296,2024-10-04 22:41:28,-17.7,SEN147
T001205,SHP00296,2024-10-05 03:55:01,-16.8,SEN147
T001206,SHP00296,2024-10-05 13:19:04,-15.4,SEN134
T001207,SHP00297,2024-12-06 11:11:58,1.3,SEN126
T001208,SHP00297,2024-12-07 09:35:09,2.8,SEN152
T001209,SHP00297,2024-12-07 12:45:42,2.5,SEN170
T001210,SHP00297,2024-12-06 07:23:47,10.0,SEN125
T001211,SHP00297,2024-12-07 23:30:52,9.7,SEN163
T001212,SHP00298,2024-12-26 22:47:29,0.4,SEN120
T001213,SHP00298,2024-12-27 09:29:47,3.5,SEN153
T001215,SHP00298,2024-12-27 07:38:55,0.9,SEN152
T001216,SHP00298,2024-12-26 20:35:59,2.0,SEN185
T001217,SHP00298,2024-12-26 04:51:39,1.7,SEN193
T001218,SHP00299,2024-09-21 04:19:53,4.3,SEN130
T001219,SHP00299,2024-09-21 12:25:40,5.0,SEN184
T001220,SHP00299,2024-09-21 17:18:04,2.4,SEN186
T001222,SHP00299,2024-09-20 04:14:32,4.8,SEN131
T001223,SHP00299,2024-09-20 22:45:04,5.2,SEN148
T001224,SHP00300,2024-11-02 15:50:40,2.3,SEN100
T001227,SHP00301,2024-02-04 09:59:03,1.1,SEN116
T001229,SHP00301,2024-02-05 13:06:59,1.2,SEN150
T001230,SHP00301,2024-02-05 16:14:23,2.6,SEN195
T001232,SHP00302,2024-08-31 09:50:43,3.0,SEN124
T001233,SHP00302,2024-09-01 11:54:23,1.8,SEN174
T001234,SHP00302,2024-09-01 19:09:55,8.7,SEN101
T001235,SHP00302,2024-08-31 12:35:19,3.3,SEN185
T001236,SHP00302,2024-08-31 08:42:47,2.7,SEN152
T001237,SHP00303,2024-12-15 04:14:40,2.3,SEN152
T001238,SHP00303,2024-12-15 19:45:40,2.7,SEN170
T001239,SHP00303,2024-12-16 04:48:14,1.3,SEN104
T001240,SHP00303,2024-12-15 08:09:02,1.6,SEN198
T001241,SHP00303,2024-12-16 13:15:05,0.5,SEN131
T001242,SHP00304,2024-09-17 01:37:35,2.9,SEN196
T001243,SHP00304,2024-09-17 13:03:51,0.9,SEN134
T001244,SHP00304,2024-09-17 20:07:28,3.7,SEN161
T001245,SHP00304,2024-09-18 08:54:40,0.8,SEN168
T001246,SHP00304,2024-09-18 15:37:30,6.3,SEN169
T001247,SHP00304,2024-09-18 10:57:42,6.1,SEN109
T001248,SHP00305,2024-11-18 03:32:52,2.9,SEN132
T001249,SHP00305,2024-11-18 19:13:18,6.7,SEN136
T001250,SHP00305,2024-11-19 07:49:12,4.8,SEN110
T001251,SHP00305,2024-11-18 14:57:15,6.4,SEN120
T001252,SHP00305,2024-11-19 01:25:21,6.3,SEN153
T001253,SHP00306,2024-06-19 02:07:33,7.2,SEN104
T001254,SHP00306,2024-06-19 05:48:01,0.3,SEN105
T001255,SHP00306,2024-06-19 21:49:44,0.6,SEN198
T001256,SHP00306,2024-06-19 11:39:01,2.0,SEN142
T001257,SHP00306,2024-06-18 07:29:05,1.0,SEN107
T001258,SHP00307,2024-01-09 02:56:47,0.3,SEN161
T001259,SHP00307,2024-01-09 23:18:42,2.7,SEN175
T001260,SHP00307,2024-01-09 18:20:36,3.7,SEN110
T001261,SHP00308,2024-12-18 09:41:26,4.8,SEN111
T001262,SHP00308,2024-12-18 18:05:29,4.9,SEN190
T001263,SHP00308,2024-12-18 20:27:31,2.7,SEN102
T001265,SHP00309,2024-11-21 02:40:15,3.7,SEN183
T001266,SHP00309,2024-11-20 06:21:39,0.4,SEN168
T001267,SHP00310,2024-11-01 06:33:44,6.4,SEN162
T001269,SHP00310,2024-11-02 16:45:30,2.9,SEN147
T001270,SHP00310,2024-11-01 20:34:39,2.6,SEN177
T001271,SHP00310,2024-11-02 22:16:16,3.1,SEN104
T001272,SHP00311,2024-04-24 07:33:56,3.9,SEN148
T001273,SHP00311,2024-04-23 13:44:27,2.3,SEN131
T001274,SHP00311,2024-04-23 13:37:48,0.5,SEN106
T001275,SHP00311,2024-04-24 20:09:50,0.9,SEN127
T001276,SHP00311,2024-04-24 07:50:45,1.6,SEN184
T001277,SHP00312,2024-04-11 12:09:25,3.6,SEN144
T001278,SHP00312,2024-04-11 08:25:26,6.0,SEN183
T001279,SHP00312,2024-04-11 03:36:08,3.2,SEN117
T001280,SHP00313,2024-06-17 03:07:12,1.2,SEN190
T001281,SHP00313,2024-06-18 09:49:47,0.6,SEN135
T001282,SHP00313,2024-06-17 17:13:35,1.7,SEN149
T001283,SHP00313,2024-06-18 23:08:05,0.5,SEN176
T001286,SHP00314,2024-11-25 20:01:00,3.8,SEN126
T001287,SHP00315,2024-05-24 18:33:09,2.0,SEN123
T001288,SHP00315,2024-05-23 21:52:22,2.9,SEN149
T001289,SHP00315,2024-05-23 17:21:28,3.0,SEN146
T001290,SHP00315,2024-05-23 00:23:01,1.5,SEN102
T001291,SHP00316,2024-07-27 07:23:15,3.7,SEN135
T001292,SHP00316,2024-07-27 23:22:03,2.4,SEN148
T001293,SHP00317,2024-05-29 17:20:06,3.8,SEN133
T001294,SHP00317,2024-05-28 21:21:49,2.8,SEN113
T001295,SHP00317,2024-05-29 06:37:56,4.0,SEN152
T001296,SHP00317,2024-05-29 08:16:16,2.4,SEN197
T001297,SHP00317,2024-05-28 06:45:16,0.5,SEN160
T001298,SHP00317,2024-05-29 10:33:55,0.8,SEN115
T001299,SHP00318,2024-03-22 06:43:13,9.3,SEN118
T001300,SHP00318,2024-03-23 02:41:28,0.7,SEN136
T001301,SHP00318,2024-03-22 15:41:01,1.1,SEN119
T001302,SHP00318,2024-03-23 05:05:16,1.4,SEN176
T001303,SHP00319,2024-05-15 01:52:21,1.1,SEN196
T001304,SHP00319,2024-05-16 14:31:17,1.8,SEN129
T001305,SHP00319,2024-05-16 09:49:02,3.1,SEN131
T001306,SHP00319,2024-05-16 16:56:37,0.1,SEN199
T001307,SHP00320,2024-09-24 21:17:47,1.9,SEN118
T001308,SHP00320,2024-09-24 04:25:06,0.9,SEN100
T001309,SHP00320,2024-09-23 05:38:51,5.5,SEN189
T001311,SHP00321,2024-07-11 11:31:57,3.9,SEN116
T001312,SHP00321,2024-07-11 03:29:37,6.1,SEN138
T001313,SHP00322,2024-11-26 10:11:24,3.6,SEN142
T001314,SHP00322,2024-11-25 15:58:47,0.3,SEN197
T001315,SHP00323,2024-04-18 19:30:24,8.1,SEN183
T001316,SHP00323,2024-04-17 19:40:46,1.9,SEN158
T001317,SHP00323,2024-04-17 06:11:12,3.5,SEN104
T001318,SHP00324,2024-03-27 02:39:44,10.0,SEN178
T001319,SHP00324,2024-03-27 12:17:18,9.5,SEN163
T001321,SHP00325,2024-08-17 05:32:22,-16.2,SEN118
T001322,SHP00325,2024-08-18 05:47:13,-15.5,SEN191
T001323,SHP00325,2024-08-18 19:23:06,-15.2,SEN192
T001324,SHP00326,2024-12-18 15:05:14,0.1,SEN170
T001325,SHP00326,2024-12-17 23:39:48,1.4,SEN147
T001326,SHP00326,2024-12-18 12:52:17,1.2,SEN169
T001327,SHP00326,2024-12-18 18:57:00,5.5,SEN100
T001328,SHP00326,2024-12-17 20:38:11,8.8,SEN181
T001329,SHP00327,2024-11-03 07:21:17,1.4,SEN177
T001330,SHP00327,2024-11-03 18:06:30,7.4,SEN193
T001331,SHP00328,2024-07-08 11:32:54,13.8,SEN157
T001332,SHP00328,2024-07-09 18:53:47,18.0,SEN110
T001333,SHP00329,2024-03-09 04:28:30,9.8,SEN128
T001334,SHP00329,2024-03-09 14:20:39,10.2,SEN170
T001335,SHP00329,2024-03-10 06:28:51,9.4,SEN165
T001336,SHP00329,2024-03-09 19:07:35,9.9,SEN178
T001337,SHP00329,2024-03-09 19:05:34,10.5,SEN134
T001338,SHP00330,2024-03-02 17:15:52,3.7,SEN123
T001339,SHP00330,2024-03-01 00:26:21,3.8,SEN136
T001340,SHP00330,2024-03-01 06:45:36,2.5,SEN132
T001341,SHP00330,2024-03-01 00:13:43,2.6,SEN104
T001342,SHP00331,2024-07-06 14:46:30,2.8,SEN192
T001343,SHP00331,2024-07-07 17:54:32,1.0,SEN176
T001344,SHP00331,2024-07-06 15:08:08,2.1,SEN136
T001345,SHP00331,2024-07-06 01:22:55,8.7,SEN122
T001346,SHP00332,2024-06-25 07:46:59,0.1,SEN121
T001347,SHP00332,2024-06-26 23:50:38,-0.8,SEN127
T001348,SHP00332,2024-06-26 14:09:06,-0.6,SEN186
T001349,SHP00332,2024-06-26 20:41:02,0.1,SEN110
T001350,SHP00332,2024-06-26 14:54:02,0.6,SEN167
T001351,SHP00333,2024-07-25 19:45:32,3.1,SEN117
T001352,SHP00333,2024-07-25 19:25:53,3.6,SEN188
T001353,SHP00333,2024-07-24 07:34:50,2.4,SEN162
T001354,SHP00333,2024-07-24 06:39:50,2.6,SEN116
T001355,SHP00333,2024-07-24 22:16:21,2.3,SEN198
T001356,SHP00334,2024-02-02 11:33:19,6.9,SEN122
T001357,SHP00334,2024-02-02 10:04:33,7.1,SEN100
T001358,SHP00334,2024-02-03 15:19:53,3.9,SEN196
T001360,SHP00335,2024-01-07 01:31:07,0.2,SEN145
T001361,SHP00336,2024-02-14 04:34:13,0.2,SEN174
T001362,SHP00336,2024-02-15 06:51:48,2.3,SEN127
T001363,SHP00337,2024-10-13 23:23:10,2.0,SEN177
T001364,SHP00337,2024-10-13 01:02:26,0.2,SEN190
T001365,SHP00337,2024-10-13 04:46:24,1.4,SEN118
T001366,SHP00337,2024-10-14 10:20:45,1.4,SEN186
T001367,SHP00338,2024-09-17 11:31:05,-0.8,SEN145
T001369,SHP00338,2024-09-17 19:07:43,0.9,SEN129
T001370,SHP00338,2024-09-16 16:31:05,1.4,SEN127
T001371,SHP00339,2024-09-04 18:29:00,0.3,SEN180
T001372,SHP00339,2024-09-05 01:39:17,3.7,SEN109
T001373,SHP00339,2024-09-04 21:10:20,1.5,SEN136
T001374,SHP00340,2024-06-10 05:40:37,3.1,SEN137
T001376,SHP00340,2024-06-10 03:51:12,0.4,SEN157
T001377,SHP00341,2024-06-30 20:32:40,1.7,SEN107
T001378,SHP00341,2024-07-01 07:06:32,2.6,SEN197
T001379,SHP00341,2024-07-01 13:37:12,0.5,SEN120
T001380,SHP00341,2024-07-01 07:06:14,3.3,SEN161
T001381,SHP00341,2024-06-30 03:33:38,1.6,SEN192
T001382,SHP00342,2024-05-07 03:19:25,0.5,SEN114
T001383,SHP00342,2024-05-08 08:37:41,2.5,SEN156
T001384,SHP00342,2024-05-07 22:56:07,2.5,SEN154
T001385,SHP00342,2024-05-07 07:15:21,1.0,SEN187
T001386,SHP00342,2024-05-08 04:07:01,2.2,SEN109
T001387,SHP00342,2024-05-08 06:30:59,7.0,SEN192
T001388,SHP00343,2024-06-10 10:35:31,1.5,SEN163
T001389,SHP00343,2024-06-10 07:18:23,1.1,SEN139
T001390,SHP00343,2024-06-11 21:04:12,0.2,SEN131
T001391,SHP00343,2024-06-11 19:35:59,1.3,SEN172
T001392,SHP00344,2024-10-04 17:56:15,2.8,SEN189
T001393,SHP00344,2024-10-03 12:27:48,0.8,SEN144
T001394,SHP00344,2024-10-04 16:52:11,2.5,SEN148
T001395,SHP00344,2024-10-03 22:58:47,0.5,SEN168
T001396,SHP00344,2024-10-04 07:38:14,0.4,SEN125
T001397,SHP00344,2024-10-03 16:26:23,8.0,SEN109
T001398,SHP00345,2024-02-21 06:41:38,11.4,SEN112
T001399,SHP00345,2024-02-22 17:47:53,1.1,SEN149
T001400,SHP00345,2024-02-21 20:32:33,5.3,SEN137
T001401,SHP00345,2024-02-22 14:03:53,1.8,SEN128
T001402,SHP00346,2024-08-02 08:47:15,0.6,SEN135
T001403,SHP00346,2024-08-03 22:11:14,1.4,SEN131
T001404,SHP00346,2024-08-03 08:17:12,3.3,SEN140
T001406,SHP00347,2024-05-01 04:15:24,4.0,SEN120
T001407,SHP00347,2024-05-01 03:43:56,5.3,SEN190
T001408,SHP00347,2024-04-30 14:43:39,2.5,SEN180
T001409,SHP00347,2024-04-30 19:50:14,2.0,SEN116
T001410,SHP00348,2024-06-11 20:34:58,1.5,SEN114
T001411,SHP00348,2024-06-11 17:35:08,2.7,SEN198
T001412,SHP00348,2024-06-10 20:03:31,1.8,SEN163
T001413,SHP00348,2024-06-11 11:30:19,3.8,SEN189
T001414,SHP00348,2024-06-11 13:19:33,1.8,SEN132
T001415,SHP00348,2024-06-10 06:38:49,1.1,SEN116
T001416,SHP00349,2024-06-21 13:33:49,3.7,SEN147
T001417,SHP00349,2024-06-21 13:47:46,7.5,SEN137
T001418,SHP00349,2024-06-21 23:13:49,9.7,SEN188
T001420,SHP00349,2024-06-21 22:40:42,5.6,SEN192
T001421,SHP00349,2024-06-20 06:34:23,5.4,SEN114
T001422,SHP00350,2024-05-25 22:01:47,10.6,SEN126
T001423,SHP00350,2024-05-25 06:25:47,10.4,SEN137
T001424,SHP00350,2024-05-26 21:26:52,10.7,SEN118
T001425,SHP00350,2024-05-26 06:57:54,13.5,SEN119
T001426,SHP00350,2024-05-26 09:32:18,11.7,SEN134
T001427,SHP00350,2024-05-25 18:56:45,10.9,SEN151
T001428,SHP00351,2024-11-10 06:14:48,-0.4,SEN185
T001429,SHP00351,2024-11-10 23:01:03,1.6,SEN166
T001430,SHP00351,2024-11-09 03:14:00,-1.0,SEN117
T001431,SHP00351,2024-11-09 01:17:57,8.6,SEN106
T001432,SHP00351,2024-11-10 00:51:49,7.8,SEN164
T001433,SHP00352,2024-07-05 13:06:54,3.3,SEN169
T001434,SHP00352,2024-07-04 10:12:02,4.0,SEN157
T001435,SHP00352,2024-07-05 21:27:21,1.5,SEN165
T001436,SHP00352,2024-07-05 01:55:56,3.9,SEN151
T001437,SHP00353,2024-07-23 09:28:15,4.6,SEN148
T001438,SHP00353,2024-07-23 08:30:16,3.3,SEN177
T001439,SHP00353,2024-07-23 18:04:55,13.1,SEN176
T001440,SHP00353,2024-07-22 17:46:57,4.2,SEN153
T001441,SHP00353,2024-07-22 02:29:45,4.9,SEN124
T001442,SHP00354,2024-12-02 17:37:26,1.5,SEN172
T001445,SHP00355,2024-10-04 13:46:47,0.4,SEN167
T001446,SHP00355,2024-10-04 06:49:46,1.7,SEN169
T001447,SHP00355,2024-10-04 01:08:53,3.7,SEN165
T001448,SHP00355,2024-10-04 11:17:39,1.3,SEN136
T001449,SHP00356,2024-11-23 02:56:56,13.1,SEN130
T001450,SHP00356,2024-11-24 18:53:38,13.8,SEN143
T001451,SHP00356,2024-11-23 15:50:53,13.4,SEN166
T001452,SHP00356,2024-11-24 00:43:20,13.2,SEN127
T001453,SHP00357,2024-03-11 00:16:22,2.6,SEN125
T001454,SHP00357,2024-03-10 04:56:57,3.3,SEN151
T001455,SHP00357,2024-03-10 13:31:40,2.6,SEN114
T001456,SHP00357,2024-03-11 02:20:52,3.6,SEN104
T001457,SHP00357,2024-03-10 01:47:08,3.9,SEN159
T001458,SHP00358,2024-01-05 09:18:28,2.4,SEN182
T001459,SHP00358,2024-01-04 04:56:09,1.9,SEN111
T001460,SHP00359,2024-11-09 20:21:57,14.9,SEN166
T001462,SHP00360,2024-05-19 17:05:59,7.1,SEN194
T001463,SHP00360,2024-05-19 09:33:42,0.8,SEN152
T001464,SHP00360,2024-05-20 10:31:55,3.5,SEN103
T001465,SHP00360,2024-05-19 09:57:15,3.9,SEN124
T001466,SHP00360,2024-05-19 03:12:53,2.6,SEN144
T001467,SHP00361,2024-01-06 02:10:50,2.8,SEN131
T001468,SHP00361,2024-01-05 11:52:41,1.0,SEN183
T001469,SHP00361,2024-01-05 07:49:42,3.0,SEN120
T001470,SHP00361,2024-01-05 04:31:28,2.6,SEN199
T001471,SHP00361,2024-01-05 02:04:44,1.3,SEN187
T001472,SHP00362,2024-03-15 20:24:55,2.5,SEN170
T001473,SHP00362,2024-03-15 00:12:23,3.7,SEN199
T001474,SHP00362,2024-03-16 00:44:27,2.3,SEN126
T001475,SHP00362,2024-03-15 08:34:51,3.7,SEN196
T001476,SHP00363,2024-08-15 07:04:21,2.2,SEN132
T001477,SHP00363,2024-08-15 14:55:41,2.6,SEN190
T001478,SHP00363,2024-08-15 17:59:23,1.3,SEN147
T001480,SHP00363,2024-08-15 15:16:22,2.2,SEN100
T001481,SHP00364,2024-01-22 06:00:10,9.4,SEN192
T001482,SHP00364,2024-01-23 12:44:42,7.1,SEN128
T001483,SHP00364,2024-01-22 08:00:43,1.1,SEN161
T001484,SHP00364,2024-01-23 20:09:10,5.8,SEN196
T001485,SHP00364,2024-01-23 00:03:38,1.6,SEN117
T001486,SHP00364,2024-01-22 23:04:30,1.1,SEN164
T001487,SHP00365,2024-08-10 02:57:03,5.1,SEN156
T001488,SHP00365,2024-08-10 02:18:23,7.2,SEN118
T001489,SHP00365,2024-08-10 09:17:10,3.1,SEN186
T001490,SHP00365,2024-08-11 08:32:05,2.9,SEN106
T001491,SHP00365,2024-08-11 16:44:26,4.6,SEN188
T001493,SHP00366,2024-07-10 08:32:13,11.5,SEN174
T001494,SHP00366,2024-07-09 17:30:31,0.4,SEN178
T001495,SHP00366,2024-07-09 19:19:35,3.1,SEN158
T001496,SHP00366,2024-07-10 05:15:04,0.2,SEN187
T001497,SHP00367,2024-09-06 13:48:12,0.9,SEN134
T001498,SHP00367,2024-09-06 17:35:56,2.5,SEN120
T001500,SHP00367,2024-09-06 09:25:16,2.9,SEN158
T001501,SHP00367,2024-09-06 08:45:01,3.8,SEN111
T001502,SHP00368,2024-09-06 23:14:08,1.0,SEN190
T001503,SHP00368,2024-09-06 09:16:38,0.1,SEN161
T001504,SHP00368,2024-09-06 12:35:19,1.7,SEN142
T001505,SHP00368,2024-09-05 05:29:09,2.6,SEN142
T001506,SHP00368,2024-09-05 02:06:18,2.8,SEN150
T001507,SHP00368,2024-09-05 20:06:53,3.6,SEN103
T001508,SHP00369,2024-02-06 02:54:18,1.6,SEN191
T001509,SHP00369,2024-02-05 22:29:55,1.0,SEN143
T001510,SHP00369,2024-02-06 20:05:19,3.5,SEN126
T001511,SHP00369,2024-02-06 00:01:08,1.2,SEN126
T001512,SHP00369,2024-02-06 04:48:21,3.6,SEN113
T001513,SHP00369,2024-02-06 03:21:59,1.6,SEN132
T001514,SHP00370,2024-06-14 00:15:25,3.6,SEN152
T001516,SHP00370,2024-06-13 01:06:05,10.5,SEN126
T001517,SHP00370,2024-06-13 23:45:10,4.0,SEN117
T001518,SHP00370,2024-06-13 17:30:49,7.3,SEN199
T001519,SHP00371,2024-06-13 15:59:14,0.2,SEN175
T001520,SHP00371,2024-06-13 23:54:24,9.9,SEN116
T001521,SHP00371,2024-06-13 01:39:01,-0.9,SEN194
T001522,SHP00371,2024-06-14 02:12:46,-0.6,SEN185
T001523,SHP00371,2024-06-14 11:49:17,-0.1,SEN102
T001524,SHP00371,2024-06-14 02:51:17,0.8,SEN143
T001525,SHP00372,2024-09-08 18:06:56,8.6,SEN151
T001527,SHP00372,2024-09-07 11:15:16,8.8,SEN153
T001528,SHP00372,2024-09-07 18:18:24,19.3,SEN191
T001529,SHP00373,2024-11-23 02:47:39,6.7,SEN192
T001530,SHP00373,2024-11-24 15:23:46,2.2,SEN175
T001531,SHP00373,2024-11-24 01:00:35,4.2,SEN193
T001532,SHP00374,2024-04-21 15:32:58,8.5,SEN105
T001533,SHP00374,2024-04-21 21:31:15,4.6,SEN142
T001534,SHP00375,2024-02-25 21:16:46,2.2,SEN196
T001535,SHP00375,2024-02-25 05:50:18,2.7,SEN129
T001536,SHP00375,2024-02-24 10:35:24,1.1,SEN156
T001537,SHP00375,2024-02-25 12:58:30,0.4,SEN150
T001538,SHP00376,2024-08-15 00:34:06,2.6,SEN110
T001539,SHP00376,2024-08-15 06:29:20,0.5,SEN166
T001540,SHP00376,2024-08-15 17:31:49,3.4,SEN173
T001541,SHP00377,2024-10-16 23:06:24,9.2,SEN198
T001542,SHP00377,2024-10-15 16:40:44,-1.0,SEN191
T001543,SHP00377,2024-10-16 17:25:54,2.0,SEN111
T001544,SHP00377,2024-10-16 02:19:37,0.0,SEN127
T001545,SHP00378,2024-01-04 23:51:55,2.5,SEN125
T001546,SHP00378,2024-01-04 13:55:49,2.5,SEN117
T001547,SHP00378,2024-01-04 05:59:24,2.3,SEN139
T001548,SHP00379,2024-01-20 22:46:11,10.4,SEN152
T001549,SHP00379,2024-01-20 01:22:53,9.4,SEN193
T001550,SHP00379,2024-01-20 20:30:09,11.2,SEN188
T001551,SHP00380,2024-02-10 17:44:49,9.9,SEN116
T001552,SHP00380,2024-02-10 21:59:35,10.2,SEN152
T001553,SHP00381,2024-01-30 07:54:37,10.1,SEN145
T001554,SHP00381,2024-01-29 19:01:57,10.9,SEN199
T001555,SHP00381,2024-01-30 20:22:02,13.3,SEN122
T001556,SHP00382,2024-11-19 20:52:44,1.7,SEN165
T001557,SHP00382,2024-11-20 03:21:14,8.1,SEN188
T001558,SHP00382,2024-11-19 04:06:36,2.6,SEN150
T001560,SHP00382,2024-11-20 18:48:55,8.8,SEN168
T001562,SHP00383,2024-11-01 01:42:07,1.3,SEN117
T001563,SHP00383,2024-10-31 23:03:11,2.5,SEN119
T001564,SHP00383,2024-11-01 16:07:31,3.9,SEN148
T001565,SHP00383,2024-10-31 09:01:19,2.2,SEN171
T001566,SHP00383,2024-10-31 01:10:57,3.0,SEN103
T001567,SHP00383,2024-11-01 21:10:37,11.3,SEN137
T001568,SHP00384,2024-09-14 21:28:00,2.9,SEN149
T001569,SHP00384,2024-09-13 09:02:47,0.7,SEN108
T001570,SHP00385,2024-02-06 16:55:08,3.8,SEN150
T001571,SHP00385,2024-02-07 01:34:41,0.4,SEN110
T001572,SHP00385,2024-02-06 14:48:06,3.4,SEN154
T001573,SHP00386,2024-01-14 13:08:44,2.6,SEN100
T001574,SHP00386,2024-01-13 12:56:56,0.7,SEN190
T001575,SHP00387,2024-02-14 16:05:34,1.8,SEN162
T001576,SHP00387,2024-02-13 02:23:23,1.9,SEN129
T001577,SHP00387,2024-02-14 04:18:11,3.1,SEN102
T001578,SHP00388,2024-10-02 16:18:53,3.8,SEN101
T001579,SHP00388,2024-10-03 16:06:33,3.0,SEN104
T001580,SHP00389,2024-05-11 22:30:49,10.3,SEN151
T001581,SHP00389,2024-05-10 07:09:47,10.4,SEN123
T001582,SHP00389,2024-05-10 19:35:15,11.4,SEN126
T001583,SHP00389,2024-05-10 00:45:09,17.1,SEN121
T001584,SHP00389,2024-05-11 21:42:24,12.1,SEN181
T001585,SHP00390,2024-05-29 12:33:38,0.5,SEN122
T001586,SHP00390,2024-05-29 20:19:36,9.2,SEN133
T001587,SHP00390,2024-05-29 17:26:49,2.3,SEN160
T001589,SHP00391,2024-04-12 14:43:28,9.5,SEN197
T001590,SHP00391,2024-04-12 07:50:26,1.6,SEN176
T001591,SHP00391,2024-04-12 13:17:40,1.6,SEN163
T001592,SHP00392,2024-06-30 19:21:16,2.8,SEN126
T001593,SHP00392,2024-06-30 21:06:27,2.6,SEN128
T001594,SHP00392,2024-06-29 13:28:22,3.4,SEN183
T001595,SHP00392,2024-06-30 01:45:00,3.1,SEN153
T001596,SHP00393,2024-04-26 07:58:49,8.1,SEN134
T001597,SHP00393,2024-04-26 02:57:18,3.6,SEN129
T001598,SHP00393,2024-04-26 07:26:09,3.9,SEN154
T001599,SHP00393,2024-04-26 15:56:31,3.7,SEN127
T001601,SHP00394,2024-08-18 14:56:50,-15.4,SEN160
T001602,SHP00394,2024-08-18 20:22:01,-16.6,SEN177
T001603,SHP00394,2024-08-18 18:25:24,-17.5,SEN152
T001604,SHP00394,2024-08-17 10:29:06,-10.1,SEN183
T001605,SHP00395,2024-03-16 10:58:56,3.5,SEN176
T001606,SHP00395,2024-03-15 01:31:13,3.5,SEN103
T001607,SHP00395,2024-03-15 15:19:05,10.3,SEN107
T001608,SHP00395,2024-03-16 04:36:08,2.9,SEN168
T001609,SHP00396,2024-06-05 15:29:28,-0.5,SEN106
T001610,SHP00396,2024-06-05 20:03:09,-0.2,SEN197
T001611,SHP00396,2024-06-04 02:11:33,-0.4,SEN159
T001612,SHP00396,2024-06-04 23:31:15,1.7,SEN118
T001613,SHP00397,2024-11-07 20:15:36,2.5,SEN185
T001614,SHP00397,2024-11-06 11:36:03,2.7,SEN103
T001615,SHP00397,2024-11-07 02:50:11,0.6,SEN144
T001616,SHP00397,2024-11-06 06:22:02,0.2,SEN189
T001617,SHP00397,2024-11-06 16:29:16,1.2,SEN184
T001618,SHP00397,2024-11-06 14:57:33,2.2,SEN143
T001619,SHP00398,2024-07-17 22:16:18,5.1,SEN133
T001620,SHP00398,2024-07-18 08:51:29,9.5,SEN128
T001621,SHP00398,2024-07-18 15:57:24,9.0,SEN142
T001622,SHP00399,2024-04-01 19:28:15,2.9,SEN114
T001623,SHP00399,2024-04-01 03:39:10,2.6,SEN135
T001625,SHP00400,2024-07-13 20:50:17,5.2,SEN186
T001626,SHP00400,2024-07-14 08:03:22,2.4,SEN114
T001627,SHP00400,2024-07-13 23:48:13,3.0,SEN167
T001628,SHP00400,2024-07-13 16:48:16,3.4,SEN137
T001629,SHP00400,2024-07-14 06:19:55,2.2,SEN155
T001630,SHP00401,2024-10-03 06:02:19,10.6,SEN174
T001631,SHP00401,2024-10-02 22:52:42,2.2,SEN138
T001632,SHP00402,2024-03-27 08:50:40,-12.5,SEN188
T001633,SHP00402,2024-03-27 12:42:49,-17.9,SEN117
T001634,SHP00402,2024-03-26 05:10:02,-16.4,SEN158
T001635,SHP00402,2024-03-26 18:29:34,-16.7,SEN117
T001636,SHP00403,2024-07-20 17:58:42,11.3,SEN154
T001637,SHP00403,2024-07-21 11:51:49,11.0,SEN197
T001638,SHP00404,2024-02-29 12:09:22,0.4,SEN103
T001639,SHP00404,2024-02-29 00:32:09,2.1,SEN183
T001640,SHP00404,2024-02-29 04:16:46,0.6,SEN107
T001641,SHP00404,2024-02-29 04:58:06,0.9,SEN155
T001642,SHP00404,2024-02-28 11:16:25,3.2,SEN179
T001643,SHP00405,2024-12-04 11:44:49,0.3,SEN107
T001644,SHP00405,2024-12-03 15:50:11,0.1,SEN178
T001645,SHP00405,2024-12-04 20:02:56,8.3,SEN116
T001646,SHP00405,2024-12-03 20:06:03,9.6,SEN129
T001647,SHP00405,2024-12-03 08:18:56,0.4,SEN197
T001648,SHP00405,2024-12-04 15:44:01,3.1,SEN167
T001649,SHP00406,2024-11-15 00:05:59,0.2,SEN111
T001650,SHP00406,2024-11-14 02:44:41,2.6,SEN147
T001651,SHP00406,2024-11-14 14:17:36,1.0,SEN105
T001652,SHP00406,2024-11-14 08:26:01,5.2,SEN192
T001653,SHP00406,2024-11-14 06:21:38,1.0,SEN146
T001654,SHP00406,2024-11-14 22:23:41,7.5,SEN177
T001655,SHP00407,2024-02-10 14:03:16,2.9,SEN103
T001656,SHP00407,2024-02-10 09:18:57,2.5,SEN110
T001657,SHP00407,2024-02-11 07:03:03,2.8,SEN131
T001658,SHP00407,2024-02-10 10:48:04,2.5,SEN110
T001659,SHP00407,2024-02-11 17:04:34,9.5,SEN185
T001661,SHP00408,2024-01-18 08:47:57,1.6,SEN114
T001663,SHP00409,2024-10-14 10:15:15,11.3,SEN120
T001664,SHP00409,2024-10-14 06:46:48,3.4,SEN178
T001665,SHP00409,2024-10-15 00:09:50,0.2,SEN129
T001666,SHP00409,2024-10-14 04:42:05,5.2,SEN170
T001667,SHP00410,2024-05-30 13:46:07,14.8,SEN156
T001668,SHP00410,2024-05-30 13:20:40,13.9,SEN114
T001669,SHP00410,2024-05-30 03:06:51,17.9,SEN187
T001670,SHP00411,2024-09-04 14:01:00,9.8,SEN176
T001671,SHP00411,2024-09-04 03:53:12,11.4,SEN125
T001672,SHP00411,2024-09-04 02:27:13,9.1,SEN122
T001673,SHP00411,2024-09-04 18:06:34,11.1,SEN166
T001674,SHP00411,2024-09-05 05:25:12,10.0,SEN127
T001675,SHP00412,2024-09-11 08:09:53,3.5,SEN140
T001676,SHP00412,2024-09-11 19:02:12,1.8,SEN130
T001677,SHP00412,2024-09-11 00:24:30,0.2,SEN199
T001678,SHP00412,2024-09-11 19:35:17,0.8,SEN188
T001679,SHP00413,2024-04-16 03:18:09,1.2,SEN191
T001680,SHP00413,2024-04-16 20:21:01,1.0,SEN164
T001681,SHP00413,2024-04-16 11:41:31,0.3,SEN170
T001682,SHP00413,2024-04-16 03:26:24,1.8,SEN196
T001683,SHP00413,2024-04-16 13:28:45,1.0,SEN107
T001684,SHP00414,2024-09-16 00:08:24,2.6,SEN130
T001685,SHP00414,2024-09-16 17:21:35,4.2,SEN130
T001686,SHP00415,2024-01-19 09:27:19,0.7,SEN193
T001687,SHP00415,2024-01-19 18:33:47,1.3,SEN115
T001688,SHP00415,2024-01-19 10:40:07,0.9,SEN101
T001689,SHP00416,2024-10-17 08:39:02,3.4,SEN183
T001691,SHP00416,2024-10-17 11:57:22,2.0,SEN175
T001692,SHP00417,2024-11-16 08:50:27,2.9,SEN105
T001693,SHP00417,2024-11-16 12:20:05,2.3,SEN191
T001694,SHP00417,2024-11-16 22:44:48,2.1,SEN101
T001695,SHP00417,2024-11-16 12:54:42,2.9,SEN146
T001696,SHP00418,2024-09-12 16:13:17,7.4,SEN141
T001697,SHP00418,2024-09-11 00:18:29,-0.3,SEN147
T001698,SHP00419,2024-01-14 04:02:19,13.1,SEN110
T001699,SHP00419,2024-01-13 14:35:19,5.2,SEN133
T001700,SHP00420,2024-03-09 05:36:29,3.9,SEN144
T001701,SHP00420,2024-03-09 04:48:06,5.3,SEN158
T001702,SHP00420,2024-03-08 21:04:52,2.3,SEN193
T001703,SHP00420,2024-03-09 12:15:06,2.5,SEN164
T001704,SHP00421,2024-01-24 20:25:53,2.6,SEN174
T001705,SHP00421,2024-01-25 11:37:29,2.4,SEN197
T001706,SHP00421,2024-01-24 21:08:59,13.4,SEN128
T001708,SHP00421,2024-01-25 16:36:40,2.8,SEN167
T001709,SHP00421,2024-01-25 23:39:07,3.1,SEN121
T001710,SHP00422,2024-08-14 10:26:04,2.6,SEN136
T001711,SHP00422,2024-08-13 14:29:32,3.8,SEN150
T001712,SHP00422,2024-08-13 20:21:52,5.4,SEN193
T001713,SHP00423,2024-05-25 05:18:05,1.9,SEN158
T001714,SHP00423,2024-05-25 14:18:47,-0.7,SEN180
T001715,SHP00423,2024-05-25 14:11:06,0.1,SEN129
T001716,SHP00424,2024-01-29 11:22:54,4.0,SEN126
T001717,SHP00424,2024-01-28 23:00:05,7.3,SEN132
T001718,SHP00425,2024-08-27 03:08:17,2.2,SEN175
T001719,SHP00425,2024-08-26 01:02:55,1.9,SEN148
T001720,SHP00425,2024-08-26 11:06:13,3.1,SEN103
T001721,SHP00425,2024-08-27 08:46:47,0.9,SEN182
T001722,SHP00425,2024-08-27 09:07:28,2.9,SEN110
T001723,SHP00426,2024-07-20 21:42:00,0.7,SEN199
T001725,SHP00426,2024-07-19 18:23:54,3.7,SEN176
T001726,SHP00426,2024-07-20 19:34:35,0.3,SEN106
T001727,SHP00427,2024-03-29 03:47:32,2.7,SEN110
T001728,SHP00427,2024-03-29 00:39:03,0.7,SEN135
T001729,SHP00427,2024-03-28 00:58:48,2.1,SEN168
T001730,SHP00427,2024-03-29 13:05:18,2.8,SEN151
T001731,SHP00427,2024-03-28 23:03:43,3.4,SEN186
T001732,SHP00428,2024-07-25 16:09:09,-15.8,SEN166
T001733,SHP00428,2024-07-24 22:53:56,-15.5,SEN136
T001734,SHP00428,2024-07-25 04:48:46,-16.7,SEN140
T001735,SHP00428,2024-07-24 05:06:35,-15.4,SEN115
T001736,SHP00428,2024-07-24 19:38:33,-16.4,SEN142
T001737,SHP00429,2024-06-25 02:32:19,14.5,SEN168
T001738,SHP00429,2024-06-25 18:47:11,15.0,SEN101
T001739,SHP00429,2024-06-25 06:19:42,14.0,SEN187
T001740,SHP00429,2024-06-24 15:02:32,21.9,SEN131
T001741,SHP00429,2024-06-25 15:47:46,13.8,SEN121
T001742,SHP00430,2024-08-16 15:58:28,3.8,SEN157
T001743,SHP00430,2024-08-16 12:09:29,10.0,SEN113
T001744,SHP00430,2024-08-15 19:42:17,1.2,SEN162
T001745,SHP00430,2024-08-15 04:15:23,8.1,SEN127
T001746,SHP00430,2024-08-16 04:19:08,2.8,SEN174
T001747,SHP00430,2024-08-16 01:27:33,4.4,SEN121
T001748,SHP00431,2024-03-13 15:31:05,2.8,SEN163
T001749,SHP00431,2024-03-12 16:42:24,6.0,SEN187
T001750,SHP00432,2024-04-16 23:12:58,8.9,SEN124
T001751,SHP00432,2024-04-16 16:12:13,8.5,SEN109
T001752,SHP00432,2024-04-15 15:48:44,11.4,SEN174
T001753,SHP00433,2024-09-19 09:05:01,12.4,SEN107
T001754,SHP00433,2024-09-19 04:51:57,10.7,SEN195
T001755,SHP00434,2024-12-26 00:10:08,3.6,SEN143
T001756,SHP00434,2024-12-26 15:22:32,3.8,SEN130
T001757,SHP00434,2024-12-26 02:18:41,3.8,SEN115
T001758,SHP00434,2024-12-26 23:57:40,3.7,SEN127
T001759,SHP00435,2024-07-03 15:27:48,0.6,SEN143
T001760,SHP00435,2024-07-03 03:20:51,3.2,SEN176
T001761,SHP00435,2024-07-04 02:46:02,0.7,SEN108
T001762,SHP00435,2024-07-04 19:21:17,3.4,SEN132
T001763,SHP00435,2024-07-04 19:06:19,10.9,SEN113
T001764,SHP00435,2024-07-04 09:55:12,11.9,SEN151
T001765,SHP00436,2024-11-24 11:11:49,2.2,SEN176
T001766,SHP00436,2024-11-25 15:35:27,1.0,SEN192
T001767,SHP00437,2024-04-05 15:04:10,0.9,SEN127
T001768,SHP00437,2024-04-05 00:24:59,8.8,SEN198
T001769,SHP00437,2024-04-06 01:01:23,8.8,SEN194
T001770,SHP00437,2024-04-05 02:12:53,3.8,SEN175
T001771,SHP00437,2024-04-05 17:23:36,2.6,SEN174
T001772,SHP00437,2024-04-05 13:19:23,0.5,SEN193
T001773,SHP00438,2024-09-04 05:03:24,3.0,SEN122
T001774,SHP00438,2024-09-04 06:31:49,1.8,SEN124
T001775,SHP00439,2024-08-29 04:27:41,3.0,SEN151
T001776,SHP00439,2024-08-29 09:53:50,0.3,SEN179
T001777,SHP00439,2024-08-29 21:44:07,3.7,SEN161
T001778,SHP00439,2024-08-30 07:31:45,0.5,SEN190
T001780,SHP00440,2024-08-28 08:11:43,0.7,SEN134
T001781,SHP00440,2024-08-29 18:13:07,2.5,SEN192
T001782,SHP00440,2024-08-28 19:45:58,3.2,SEN131
T001783,SHP00441,2024-02-01 14:48:35,-16.7,SEN101
T001784,SHP00441,2024-02-02 07:08:34,-16.4,SEN139
T001785,SHP00441,2024-02-02 12:31:02,-17.5,SEN170
T001786,SHP00442,2024-03-08 01:28:45,5.9,SEN188
T001787,SHP00442,2024-03-09 12:11:20,5.2,SEN100
T001788,SHP00442,2024-03-08 19:44:41,3.2,SEN189
T001789,SHP00442,2024-03-09 08:04:43,6.7,SEN165
T001790,SHP00443,2024-04-02 19:59:36,1.9,SEN135
T001791,SHP00443,2024-04-02 13:40:49,1.4,SEN139
T001792,SHP00443,2024-04-03 01:52:45,-0.4,SEN190
T001793,SHP00443,2024-04-02 01:52:07,-0.4,SEN139
T001794,SHP00443,2024-04-03 16:15:39,3.1,SEN111
T001795,SHP00444,2024-11-22 08:35:45,3.6,SEN109
T001796,SHP00444,2024-11-22 03:23:19,3.3,SEN182
T001797,SHP00444,2024-11-23 05:35:31,1.5,SEN123
T001798,SHP00444,2024-11-22 08:25:14,2.4,SEN181
T001800,SHP00444,2024-11-23 20:57:14,2.3,SEN154
T001801,SHP00445,2024-09-29 16:39:17,-17.5,SEN129
T001802,SHP00445,2024-09-29 12:00:08,-17.7,SEN108
T001803,SHP00445,2024-09-30 12:12:56,-16.4,SEN177
T001804,SHP00445,2024-09-30 14:03:58,-15.5,SEN139
T001805,SHP00445,2024-09-30 17:12:56,-16.0,SEN137
T001806,SHP00445,2024-09-29 08:31:42,-16.7,SEN195
T001807,SHP00446,2024-09-30 14:41:08,0.8,SEN186
T001808,SHP00446,2024-09-30 21:42:32,2.4,SEN132
T001809,SHP00446,2024-09-30 21:04:31,1.5,SEN194
T001810,SHP00447,2024-12-11 12:12:40,11.6,SEN104
T001811,SHP00447,2024-12-11 17:22:28,11.1,SEN136
T001812,SHP00447,2024-12-12 02:58:37,9.0,SEN149
T001814,SHP00447,2024-12-11 16:19:16,9.1,SEN102
T001815,SHP00447,2024-12-12 22:45:21,9.4,SEN171
T001816,SHP00448,2024-02-21 05:13:16,13.9,SEN161
T001817,SHP00448,2024-02-20 11:56:22,12.9,SEN154
T001818,SHP00448,2024-02-21 22:05:16,10.8,SEN136
T001819,SHP00448,2024-02-20 04:36:50,3.3,SEN160
T001820,SHP00448,2024-02-20 21:58:46,2.2,SEN170
T001821,SHP00448,2024-02-21 12:34:37,2.0,SEN175
T001822,SHP00449,2024-03-04 21:34:40,2.2,SEN127
T001824,SHP00449,2024-03-04 00:47:04,2.7,SEN155
T001825,SHP00449,2024-03-04 05:20:31,2.4,SEN133
T001826,SHP00450,2024-02-08 21:57:49,-15.9,SEN182
T001827,SHP00450,2024-02-09 17:02:43,-15.4,SEN174
T001828,SHP00450,2024-02-09 05:49:07,-15.5,SEN110
T001829,SHP00450,2024-02-08 10:18:53,-15.1,SEN167
T001830,SHP00450,2024-02-09 10:21:34,-15.1,SEN157
T001831,SHP00451,2024-06-19 17:12:28,3.0,SEN155
T001832,SHP00451,2024-06-19 16:15:28,2.0,SEN169
T001833,SHP00452,2024-08-08 04:36:15,2.1,SEN162
T001834,SHP00452,2024-08-09 18:34:02,3.0,SEN187
T001835,SHP00452,2024-08-08 09:57:33,3.1,SEN147
T001836,SHP00452,2024-08-08 20:52:37,4.6,SEN166
T001837,SHP00452,2024-08-09 23:37:30,5.5,SEN135
T001838,SHP00452,2024-08-09 06:59:39,5.6,SEN152
T001839,SHP00453,2024-12-07 21:31:22,8.6,SEN162
T001840,SHP00453,2024-12-07 15:35:29,0.2,SEN195
T001841,SHP00453,2024-12-07 14:10:45,11.2,SEN155
T001842,SHP00453,2024-12-07 01:46:43,3.3,SEN121
T001843,SHP00453,2024-12-06 05:58:11,10.4,SEN104
T001844,SHP00454,2024-01-03 08:45:34,5.9,SEN130
T001845,SHP00454,2024-01-03 23:57:05,5.5,SEN154
T001846,SHP00454,2024-01-03 17:58:41,5.0,SEN138
T001848,SHP00455,2024-06-23 13:48:03,10.1,SEN131
T001849,SHP00455,2024-06-24 02:50:44,9.3,SEN106
T001850,SHP00455,2024-06-24 00:34:59,2.8,SEN128
T001851,SHP00455,2024-06-23 01:02:35,5.4,SEN110
T001852,SHP00455,2024-06-24 02:21:54,7.1,SEN148
T001853,SHP00456,2024-12-19 05:17:55,3.9,SEN126
T001854,SHP00456,2024-12-19 20:11:30,1.2,SEN147
T001855,SHP00456,2024-12-19 09:59:21,3.5,SEN158
T001856,SHP00456,2024-12-18 22:47:33,1.5,SEN127
T001857,SHP00456,2024-12-18 02:28:37,1.7,SEN124
T001858,SHP00456,2024-12-18 14:35:38,0.9,SEN136
T001859,SHP00457,2024-08-19 00:24:58,-17.2,SEN176
T001860,SHP00457,2024-08-18 11:44:27,-15.8,SEN113
T001861,SHP00457,2024-08-18 07:13:33,-16.0,SEN128
T001862,SHP00458,2024-10-23 22:53:07,1.7,SEN195
T001863,SHP00458,2024-10-23 10:33:08,7.6,SEN115
T001864,SHP00458,2024-10-24 17:35:11,6.4,SEN159
T001865,SHP00458,2024-10-24 08:24:34,1.7,SEN117
T001866,SHP00459,2024-02-20 01:49:57,1.6,SEN189
T001867,SHP00459,2024-02-20 19:39:19,2.5,SEN177
T001868,SHP00459,2024-02-20 13:36:38,2.0,SEN198
T001869,SHP00459,2024-02-20 08:50:19,8.9,SEN183
T001870,SHP00459,2024-02-20 00:07:00,1.1,SEN142
T001871,SHP00460,2024-12-16 21:24:50,3.4,SEN158
T001872,SHP00460,2024-12-17 17:43:19,11.0,SEN196
T001873,SHP00460,2024-12-16 22:21:18,7.8,SEN171
T001874,SHP00461,2024-07-08 07:12:51,13.5,SEN161
T001875,SHP00461,2024-07-08 14:47:24,13.7,SEN156
T001876,SHP00461,2024-07-08 03:38:58,13.6,SEN196
T001877,SHP00461,2024-07-09 13:17:37,13.4,SEN107
T001878,SHP00461,2024-07-08 01:33:04,13.1,SEN191
T001879,SHP00462,2024-04-01 01:36:28,3.1,SEN152
T001880,SHP00462,2024-04-02 00:17:58,3.4,SEN130
T001881,SHP00463,2024-07-30 01:12:57,0.0,SEN142
T001882,SHP00463,2024-07-29 11:48:29,0.3,SEN123
T001883,SHP00463,2024-07-29 06:14:47,8.9,SEN152
T001884,SHP00463,2024-07-30 08:48:35,-0.9,SEN185
T001885,SHP00464,2024-04-08 22:23:16,4.3,SEN173
T001886,SHP00464,2024-04-09 11:18:33,2.1,SEN139
T001888,SHP00465,2024-02-28 12:44:18,0.8,SEN164
T001889,SHP00465,2024-02-28 16:00:37,1.2,SEN110
T001890,SHP00465,2024-02-28 18:33:47,-0.7,SEN164
T001891,SHP00465,2024-02-28 13:48:09,1.9,SEN135
T001892,SHP00465,2024-02-28 11:02:52,-0.8,SEN160
T001893,SHP00466,2024-11-12 06:51:22,13.2,SEN182
T001894,SHP00466,2024-11-11 00:00:10,14.0,SEN192
T001895,SHP00466,2024-11-11 19:11:41,14.2,SEN183
T001896,SHP00466,2024-11-12 02:16:58,21.7,SEN118
T001897,SHP00466,2024-11-11 17:53:50,13.0,SEN117
T001898,SHP00467,2024-10-24 04:08:09,3.9,SEN102
T001899,SHP00467,2024-10-23 13:15:31,2.5,SEN121
T001900,SHP00467,2024-10-23 00:10:23,2.8,SEN123
T001901,SHP00467,2024-10-23 20:17:42,0.7,SEN136
T001902,SHP00468,2024-02-08 08:39:34,3.4,SEN179
T001903,SHP00468,2024-02-07 07:28:01,0.7,SEN132
T001904,SHP00469,2024-04-13 04:14:07,0.9,SEN149
T001905,SHP00469,2024-04-13 14:45:40,1.2,SEN131
T001906,SHP00470,2024-03-21 12:09:35,3.4,SEN193
T001907,SHP00470,2024-03-21 12:32:06,1.4,SEN138
T001908,SHP00470,2024-03-21 00:07:40,10.6,SEN141
T001909,SHP00471,2024-08-25 20:38:27,0.4,SEN195
T001910,SHP00471,2024-08-25 10:39:22,5.3,SEN164
T001911,SHP00471,2024-08-24 17:09:09,0.9,SEN110
T001912,SHP00471,2024-08-25 09:35:04,3.0,SEN152
T001913,SHP00471,2024-08-25 17:29:50,3.7,SEN161
T001914,SHP00471,2024-08-25 22:31:47,0.8,SEN146
T001915,SHP00472,2024-01-23 06:47:06,8.8,SEN165
T001916,SHP00472,2024-01-24 21:20:40,9.1,SEN153
T001917,SHP00473,2024-02-12 10:04:54,0.3,SEN179
T001919,SHP00473,2024-02-13 04:54:40,2.0,SEN143
T001920,SHP00473,2024-02-12 02:46:42,10.5,SEN173
T001921,SHP00474,2024-08-24 14:05:43,-15.3,SEN109
T001922,SHP00474,2024-08-24 02:35:31,-7.2,SEN148
T001923,SHP00474,2024-08-24 16:17:46,-15.6,SEN114
T001924,SHP00474,2024-08-24 05:48:00,-17.0,SEN127
T001925,SHP00474,2024-08-23 04:39:39,-15.2,SEN128
T001926,SHP00474,2024-08-24 03:27:11,-15.7,SEN170
T001927,SHP00475,2024-12-20 22:06:17,4.0,SEN108
T001928,SHP00475,2024-12-19 09:04:32,10.9,SEN116
T001930,SHP00476,2024-12-11 17:45:31,0.8,SEN159
T001931,SHP00476,2024-12-12 12:37:48,-0.3,SEN106
T001932,SHP00476,2024-12-11 04:52:37,7.9,SEN108
T001933,SHP00476,2024-12-12 19:25:15,-0.5,SEN137
T001934,SHP00476,2024-12-12 10:44:20,-0.7,SEN111
T001935,SHP00477,2024-06-21 06:46:24,1.3,SEN146
T001936,SHP00477,2024-06-20 03:00:46,0.2,SEN128
T001937,SHP00477,2024-06-20 14:45:03,0.2,SEN101
T001938,SHP00478,2024-08-05 10:11:09,-0.7,SEN106
T001939,SHP00478,2024-08-04 19:32:55,1.7,SEN178
T001940,SHP00478,2024-08-04 15:01:02,1.0,SEN158
T001941,SHP00478,2024-08-04 20:44:37,1.5,SEN195
T001942,SHP00478,2024-08-05 18:32:40,4.6,SEN115
T001943,SHP00479,2024-11-14 04:22:06,0.7,SEN118
T001944,SHP00479,2024-11-14 19:25:56,2.5,SEN134
T001945,SHP00479,2024-11-13 14:43:32,0.2,SEN110
T001947,SHP00479,2024-11-14 09:20:57,0.4,SEN148
T001949,SHP00480,2024-02-10 16:19:46,3.0,SEN189
T001950,SHP00480,2024-02-09 07:40:54,2.5,SEN132
T001951,SHP00481,2024-08-04 01:42:22,5.0,SEN153
T001952,SHP00481,2024-08-03 07:17:36,11.4,SEN110
T001953,SHP00481,2024-08-04 20:32:16,2.0,SEN151
T001954,SHP00482,2024-12-02 05:40:39,13.8,SEN199
T001955,SHP00482,2024-12-02 01:23:44,13.3,SEN180
T001956,SHP00482,2024-12-02 20:45:18,14.1,SEN111
T001957,SHP00483,2024-07-09 06:40:45,0.7,SEN181
T001958,SHP00483,2024-07-10 06:24:37,1.8,SEN163
T001959,SHP00484,2024-12-28 21:52:53,-10.6,SEN190
T001960,SHP00484,2024-12-28 02:14:17,-17.6,SEN182
T001961,SHP00484,2024-12-28 12:49:54,-15.3,SEN143
T001962,SHP00485,2024-12-29 14:38:34,0.5,SEN171
T001963,SHP00485,2024-12-29 05:16:58,0.5,SEN111
T001964,SHP00485,2024-12-29 10:25:35,0.7,SEN105
T001965,SHP00485,2024-12-29 18:27:36,4.0,SEN182
T001966,SHP00485,2024-12-29 19:50:57,3.7,SEN166
T001967,SHP00485,2024-12-28 02:06:28,3.2,SEN170
T001968,SHP00486,2024-03-15 08:43:57,3.7,SEN101
T001969,SHP00486,2024-03-15 14:25:15,1.4,SEN161
T001970,SHP00487,2024-03-17 09:14:39,-15.6,SEN177
T001972,SHP00487,2024-03-17 00:07:42,-17.7,SEN193
T001973,SHP00487,2024-03-16 18:49:22,-17.0,SEN188
T001974,SHP00488,2024-07-24 18:40:06,2.4,SEN180
T001975,SHP00488,2024-07-24 06:27:28,9.5,SEN165
T001976,SHP00488,2024-07-25 20:29:01,4.1,SEN156
T001977,SHP00488,2024-07-24 20:25:38,3.5,SEN178
T001978,SHP00489,2024-02-12 18:41:20,2.6,SEN106
T001979,SHP00489,2024-02-13 20:31:08,-0.6,SEN175
T001980,SHP00489,2024-02-12 04:41:20,-0.7,SEN193
T001981,SHP00489,2024-02-12 00:26:16,6.4,SEN135
T001982,SHP00489,2024-02-13 07:56:22,0.8,SEN157
T001983,SHP00489,2024-02-13 03:42:57,2.6,SEN101
T001984,SHP00490,2024-03-16 05:49:12,2.4,SEN192
T001985,SHP00490,2024-03-17 01:00:38,3.7,SEN197
T001986,SHP00490,2024-03-16 08:05:14,2.5,SEN191
T001987,SHP00491,2024-08-15 10:08:32,0.3,SEN115
T001988,SHP00491,2024-08-15 11:05:30,3.2,SEN146
T001989,SHP00491,2024-08-15 02:55:05,1.8,SEN175
T001990,SHP00491,2024-08-15 11:17:59,0.4,SEN160
T001991,SHP00491,2024-08-15 03:05:28,0.2,SEN193
T001992,SHP00491,2024-08-14 18:54:16,2.6,SEN101
T001993,SHP00492,2024-09-26 00:49:09,2.0,SEN180
T001994,SHP00492,2024-09-26 16:03:58,3.1,SEN142
T001995,SHP00492,2024-09-26 04:27:50,2.6,SEN121
T001996,SHP00492,2024-09-26 07:47:47,2.7,SEN184
T001997,SHP00492,2024-09-26 01:13:32,3.5,SEN121
T001998,SHP00492,2024-09-26 12:29:11,3.6,SEN114
T001999,SHP00493,2024-04-05 10:03:50,9.0,SEN155
T002000,SHP00493,2024-04-05 20:30:01,16.1,SEN193
T002001,SHP00493,2024-04-05 20:16:31,11.8,SEN152
T002002,SHP00493,2024-04-06 05:19:08,10.0,SEN151
T002003,SHP00493,2024-04-05 10:30:10,11.2,SEN134
T002004,SHP00493,2024-04-06 15:53:08,10.3,SEN160
T002005,SHP00494,2024-06-03 06:32:11,2.5,SEN110
T002007,SHP00494,2024-06-03 06:10:06,6.6,SEN164
T002008,SHP00494,2024-06-03 01:47:51,3.0,SEN158
T002009,SHP00495,2024-02-05 09:52:34,4.7,SEN137
T002011,SHP00495,2024-02-04 05:46:27,3.3,SEN195
T002012,SHP00495,2024-02-05 05:42:11,5.2,SEN154
T002013,SHP00496,2024-05-12 19:30:01,9.1,SEN140
T002014,SHP00496,2024-05-13 06:47:01,9.4,SEN139
T002015,SHP00496,2024-05-12 21:08:55,16.9,SEN176
T002016,SHP00496,2024-05-12 00:22:51,11.7,SEN106
T002018,SHP00497,2024-05-30 13:38:44,0.4,SEN104
T002019,SHP00497,2024-05-30 03:37:44,2.9,SEN183
T002020,SHP00497,2024-05-29 13:28:39,0.7,SEN116
T002021,SHP00497,2024-05-30 14:00:36,3.0,SEN127
T002022,SHP00497,2024-05-29 08:02:05,2.7,SEN148
T002023,SHP00498,2024-12-24 00:57:18,-16.3,SEN132
T002024,SHP00498,2024-12-24 21:50:09,-15.9,SEN181
T002025,SHP00498,2024-12-23 13:10:49,-7.2,SEN126
T002026,SHP00498,2024-12-23 00:14:25,-17.1,SEN142
T002027,SHP00498,2024-12-23 11:36:59,-11.5,SEN167
T002028,SHP00499,2024-03-20 05:00:27,3.0,SEN144
T002029,SHP00499,2024-03-21 18:16:33,1.1,SEN144
T002030,SHP00499,2024-03-20 18:51:41,0.6,SEN178
T002031,SHP00499,2024-03-20 12:49:53,7.9,SEN195
T002032,SHP00499,2024-03-21 09:37:29,7.2,SEN163
T002033,SHP00500,2024-06-27 09:53:53,1.3,SEN189
T002034,SHP00500,2024-06-28 03:31:21,6.4,SEN113
T002035,SHP00500,2024-06-28 01:28:27,0.6,SEN144
T002036,SHP00501,2024-12-22 08:46:27,4.5,SEN164
T002037,SHP00501,2024-12-22 23:05:36,2.2,SEN145
T002039,SHP00501,2024-12-21 11:48:11,7.7,SEN102
T002040,SHP00501,2024-12-22 17:59:17,3.8,SEN170
T002041,SHP00502,2024-01-17 08:45:17,2.3,SEN133
T002042,SHP00502,2024-01-17 19:05:16,3.2,SEN182
T002043,SHP00502,2024-01-17 18:58:49,2.6,SEN157
T002044,SHP00503,2024-10-28 15:53:49,5.3,SEN143
T002045,SHP00503,2024-10-28 03:00:13,5.1,SEN172
T002047,SHP00503,2024-10-27 07:21:08,3.5,SEN186
T002048,SHP00503,2024-10-28 14:05:10,3.2,SEN177
T002049,SHP00503,2024-10-28 08:15:53,8.7,SEN154
T002050,SHP00504,2024-09-16 12:26:53,0.7,SEN197
T002051,SHP00504,2024-09-15 16:08:40,3.1,SEN173
T002052,SHP00504,2024-09-15 20:50:59,1.8,SEN148
T002053,SHP00504,2024-09-15 01:45:41,8.7,SEN102
T002054,SHP00505,2024-02-20 12:38:22,2.9,SEN190
T002055,SHP00505,2024-02-20 10:41:14,3.3,SEN198
T002056,SHP00505,2024-02-20 23:38:46,1.9,SEN143
T002057,SHP00505,2024-02-20 08:23:11,10.4,SEN118
T002058,SHP00506,2024-04-20 05:23:58,6.1,SEN106
T002059,SHP00506,2024-04-20 09:18:31,3.8,SEN138
T002060,SHP00507,2024-06-16 22:15:46,1.4,SEN115
T002062,SHP00508,2024-02-06 17:13:22,13.9,SEN198
T002063,SHP00508,2024-02-05 11:32:19,14.9,SEN109
T002064,SHP00508,2024-02-06 09:19:23,20.3,SEN161
T002065,SHP00508,2024-02-05 17:32:00,13.7,SEN164
T002066,SHP00509,2024-07-21 16:26:42,2.4,SEN182
T002068,SHP00509,2024-07-22 07:08:15,3.3,SEN159
T002069,SHP00509,2024-07-21 07:16:44,4.7,SEN118
T002070,SHP00510,2024-04-30 02:31:44,1.5,SEN199
T002071,SHP00510,2024-04-30 22:27:44,2.3,SEN144
T002072,SHP00510,2024-04-30 15:58:38,2.4,SEN146
T002073,SHP00510,2024-04-29 19:37:17,4.8,SEN105
T002074,SHP00510,2024-04-30 01:29:00,3.6,SEN133
T002075,SHP00510,2024-04-29 09:17:02,0.5,SEN121
T002076,SHP00511,2024-05-23 13:46:50,2.9,SEN181
T002077,SHP00511,2024-05-22 00:52:32,0.0,SEN113
T002078,SHP00511,2024-05-23 23:51:37,3.2,SEN156
T002079,SHP00512,2024-01-15 08:07:59,5.9,SEN162
T002080,SHP00512,2024-01-15 09:17:22,5.2,SEN137
T002081,SHP00513,2024-05-31 03:27:05,2.9,SEN105
T002082,SHP00513,2024-05-31 21:03:49,0.9,SEN147
T002083,SHP00514,2024-06-10 09:09:58,3.8,SEN149
T002084,SHP00514,2024-06-10 16:42:03,2.3,SEN186
T002085,SHP00514,2024-06-11 12:22:58,5.4,SEN156
T002086,SHP00514,2024-06-10 22:04:50,5.8,SEN182
T002087,SHP00514,2024-06-11 02:03:49,2.1,SEN189
T002088,SHP00515,2024-07-18 15:03:47,2.1,SEN112
T002089,SHP00515,2024-07-18 05:16:20,2.8,SEN146
T002090,SHP00515,2024-07-19 07:53:59,3.1,SEN198
T002091,SHP00515,2024-07-18 21:22:05,8.7,SEN186
T002092,SHP00515,2024-07-19 13:56:53,4.0,SEN162
T002094,SHP00516,2024-10-29 02:46:26,0.2,SEN116
T002095,SHP00516,2024-10-29 12:57:51,2.2,SEN110
T002097,SHP00516,2024-10-29 03:34:18,8.9,SEN124
T002098,SHP00516,2024-10-30 17:08:56,1.9,SEN121
T002099,SHP00516,2024-10-30 05:29:43,1.2,SEN155
T002100,SHP00517,2024-10-25 15:03:18,11.4,SEN191
T002101,SHP00517,2024-10-25 21:11:53,8.5,SEN108
T002103,SHP00517,2024-10-26 22:43:22,3.1,SEN185
T002104,SHP00517,2024-10-25 21:54:04,0.2,SEN192
T002105,SHP00518,2024-06-08 20:58:25,10.2,SEN146
T002106,SHP00518,2024-06-09 15:34:09,0.6,SEN165
T002107,SHP00518,2024-06-08 08:42:38,3.4,SEN185
T002108,SHP00519,2024-08-04 14:52:09,14.5,SEN133
T002109,SHP00519,2024-08-03 06:47:29,14.6,SEN164
T002110,SHP00519,2024-08-03 20:35:59,19.2,SEN174
T002111,SHP00519,2024-08-04 08:15:59,14.6,SEN125
T002112,SHP00519,2024-08-03 12:39:53,16.3,SEN184
T002113,SHP00520,2024-09-11 18:07:31,2.6,SEN113
T002114,SHP00520,2024-09-12 02:14:04,5.2,SEN118
T002115,SHP00520,2024-09-12 17:31:37,12.5,SEN150
T002116,SHP00521,2024-05-28 06:11:51,3.1,SEN148
T002117,SHP00521,2024-05-27 08:40:53,11.6,SEN187
T002118,SHP00521,2024-05-28 20:22:39,8.2,SEN114
T002119,SHP00521,2024-05-28 09:00:05,5.2,SEN185
T002120,SHP00522,2024-04-17 21:36:25,1.5,SEN165
T002122,SHP00522,2024-04-18 06:53:11,3.3,SEN112
T002123,SHP00522,2024-04-18 16:12:00,0.9,SEN192
T002124,SHP00523,2024-10-08 01:46:43,3.1,SEN135
T002125,SHP00523,2024-10-07 12:29:17,11.5,SEN185
T002126,SHP00523,2024-10-07 03:34:33,0.1,SEN184
T002127,SHP00523,2024-10-07 15:32:05,0.8,SEN107
T002128,SHP00523,2024-10-07 21:15:35,4.9,SEN169
T002129,SHP00524,2024-11-10 00:04:39,2.1,SEN161
T002130,SHP00524,2024-11-10 13:58:18,5.2,SEN161
T002131,SHP00524,2024-11-11 23:35:11,0.7,SEN184
T002132,SHP00525,2024-06-12 11:23:14,-15.1,SEN159
T002133,SHP00525,2024-06-12 17:54:44,-15.8,SEN161
T002134,SHP00525,2024-06-13 16:14:24,-16.6,SEN181
T002135,SHP00525,2024-06-12 23:57:05,-15.1,SEN105
T002136,SHP00525,2024-06-13 00:46:29,-16.4,SEN171
T002137,SHP00526,2024-04-08 18:43:00,0.4,SEN173
T002138,SHP00526,2024-04-09 15:42:04,0.9,SEN120
T002139,SHP00527,2024-05-13 14:12:02,7.2,SEN132
T002140,SHP00527,2024-05-12 05:14:27,0.4,SEN178
T002141,SHP00527,2024-05-13 10:27:37,-0.9,SEN187
T002142,SHP00527,2024-05-12 00:58:50,6.9,SEN132
T002143,SHP00527,2024-05-13 22:19:56,6.6,SEN192
T002144,SHP00528,2024-06-01 06:16:22,2.9,SEN184
T002146,SHP00528,2024-06-01 03:19:09,2.5,SEN147
T002147,SHP00528,2024-06-01 19:03:39,2.4,SEN169
T002148,SHP00528,2024-06-02 21:48:54,3.6,SEN159
T002149,SHP00529,2024-09-14 20:16:08,3.8,SEN108
T002150,SHP00529,2024-09-13 19:06:09,2.6,SEN117
T002151,SHP00529,2024-09-13 08:14:59,6.7,SEN100
T002152,SHP00529,2024-09-14 03:25:35,0.5,SEN196
T002153,SHP00530,2024-10-26 17:36:29,4.0,SEN135
T002154,SHP00530,2024-10-27 16:27:57,2.6,SEN177
T002155,SHP00531,2024-09-09 02:10:16,2.0,SEN196
T002156,SHP00531,2024-09-09 08:45:26,-0.1,SEN179
T002157,SHP00531,2024-09-08 17:22:48,-1.0,SEN130
T002158,SHP00532,2024-11-26 16:13:38,7.8,SEN132
T002159,SHP00532,2024-11-27 09:07:58,0.9,SEN144
T002160,SHP00532,2024-11-27 11:15:05,3.5,SEN138
T002161,SHP00532,2024-11-26 04:14:40,3.2,SEN169
T002162,SHP00533,2024-05-01 17:38:48,2.3,SEN181
T002163,SHP00533,2024-05-02 03:45:10,1.9,SEN128
T002164,SHP00533,2024-05-02 04:56:20,3.0,SEN112
T002165,SHP00534,2024-06-11 23:19:29,4.7,SEN103
T002166,SHP00534,2024-06-12 00:00:54,1.4,SEN107
T002167,SHP00534,2024-06-11 06:13:09,6.4,SEN189
T002168,SHP00534,2024-06-12 22:13:56,1.3,SEN132
T002169,SHP00534,2024-06-12 06:27:37,0.9,SEN171
T002170,SHP00535,2024-02-21 18:29:19,-0.3,SEN133
T002171,SHP00535,2024-02-22 12:40:12,0.7,SEN151
T002172,SHP00535,2024-02-21 20:54:28,1.6,SEN107
T002173,SHP00535,2024-02-21 14:53:16,-0.2,SEN183
T002174,SHP00535,2024-02-22 14:21:13,9.4,SEN158
T002175,SHP00535,2024-02-21 11:11:33,1.0,SEN110
T002176,SHP00536,2024-11-24 10:50:17,4.4,SEN133
T002177,SHP00536,2024-11-25 15:46:42,1.7,SEN192
T002178,SHP00536,2024-11-25 23:12:51,3.6,SEN133
T002180,SHP00536,2024-11-25 01:35:59,1.1,SEN105
T002181,SHP00537,2024-07-29 21:03:42,3.5,SEN127
T002182,SHP00537,2024-07-30 23:33:34,8.3,SEN149
T002183,SHP00537,2024-07-29 13:53:47,1.4,SEN161
T002184,SHP00537,2024-07-30 16:44:17,2.4,SEN146
T002185,SHP00537,2024-07-29 14:20:49,9.7,SEN161
T002186,SHP00537,2024-07-29 05:09:36,0.5,SEN161
T002187,SHP00538,2024-07-12 21:34:46,1.2,SEN137
T002188,SHP00538,2024-07-12 16:23:17,1.4,SEN119
T002189,SHP00538,2024-07-12 07:16:53,3.2,SEN149
T002190,SHP00538,2024-07-13 00:19:54,0.8,SEN134
T002192,SHP00538,2024-07-12 12:22:31,2.4,SEN187
T002193,SHP00539,2024-11-12 20:00:33,1.4,SEN155
T002194,SHP00539,2024-11-13 04:40:40,2.4,SEN183
T002195,SHP00539,2024-11-12 10:29:14,1.6,SEN116
T002197,SHP00539,2024-11-12 21:09:14,7.5,SEN158
T002198,SHP00540,2025-01-01 12:19:46,1.9,SEN126
T002199,SHP00540,2024-12-31 19:30:03,3.6,SEN148
T002200,SHP00540,2024-12-31 08:49:09,1.9,SEN195
T002201,SHP00540,2024-12-31 03:20:54,11.4,SEN110
T002202,SHP00540,2024-12-31 11:26:29,1.8,SEN145
T002203,SHP00541,2024-04-02 08:16:29,-16.2,SEN184
T002204,SHP00541,2024-04-03 22:24:29,-11.7,SEN183
T002205,SHP00542,2024-03-09 09:14:39,2.7,SEN199
T002206,SHP00542,2024-03-09 10:21:08,5.2,SEN175
T002207,SHP00542,2024-03-09 18:11:45,8.0,SEN151
T002208,SHP00543,2024-06-19 18:08:11,11.6,SEN133
T002209,SHP00543,2024-06-19 00:06:38,2.7,SEN178
T002210,SHP00544,2024-01-22 21:00:25,0.8,SEN150
T002211,SHP00544,2024-01-22 14:39:53,0.6,SEN117
T002212,SHP00544,2024-01-23 10:20:21,1.0,SEN106
T002213,SHP00544,2024-01-23 21:07:47,1.5,SEN132
T002214,SHP00545,2024-06-09 13:47:19,8.4,SEN161
T002215,SHP00545,2024-06-09 05:07:06,6.7,SEN174
T002216,SHP00545,2024-06-10 00:58:24,3.1,SEN101
T002217,SHP00545,2024-06-10 22:13:41,1.4,SEN118
T002218,SHP00545,2024-06-09 11:53:02,0.0,SEN156
T002219,SHP00545,2024-06-10 22:35:23,4.0,SEN146
T002220,SHP00546,2024-08-12 17:15:45,5.8,SEN154
T002221,SHP00546,2024-08-11 21:26:17,0.9,SEN150
T002222,SHP00546,2024-08-11 10:58:36,-0.5,SEN175
T002224,SHP00547,2024-05-14 05:49:43,3.6,SEN191
T002225,SHP00547,2024-05-14 22:17:38,8.5,SEN126
T002227,SHP00547,2024-05-14 13:17:00,8.5,SEN120
T002228,SHP00547,2024-05-13 09:44:35,8.2,SEN189
T002229,SHP00548,2024-03-16 14:51:58,0.6,SEN146
T002230,SHP00548,2024-03-17 15:14:12,5.4,SEN160
T002231,SHP00549,2024-10-19 20:30:04,9.2,SEN130
T002232,SHP00549,2024-10-20 02:43:19,8.7,SEN100
T002233,SHP00549,2024-10-19 03:46:18,8.1,SEN105
T002234,SHP00549,2024-10-19 16:14:48,10.0,SEN110
T002235,SHP00549,2024-10-20 08:41:35,8.1,SEN193
T002236,SHP00549,2024-10-19 03:56:56,11.0,SEN162
T002237,SHP00550,2024-10-29 03:12:27,5.8,SEN135
T002238,SHP00550,2024-10-30 07:36:37,4.5,SEN189
T002239,SHP00550,2024-10-29 12:54:53,5.5,SEN153
T002240,SHP00550,2024-10-30 07:12:40,3.9,SEN102
T002241,SHP00551,2024-12-02 08:39:58,2.8,SEN157
T002242,SHP00551,2024-12-01 02:26:18,2.3,SEN192
T002243,SHP00552,2024-01-30 12:48:57,-16.4,SEN137
T002244,SHP00552,2024-01-30 14:38:25,-15.2,SEN125
T002245,SHP00552,2024-01-30 00:22:08,-15.1,SEN163
T002246,SHP00552,2024-01-30 02:39:31,-17.3,SEN150
T002247,SHP00552,2024-01-29 20:27:35,-16.1,SEN111
T002248,SHP00553,2024-07-25 07:22:09,3.9,SEN117
T002249,SHP00553,2024-07-26 11:35:35,0.3,SEN168
T002250,SHP00553,2024-07-26 05:48:22,2.8,SEN158
T002251,SHP00553,2024-07-26 10:40:24,1.5,SEN172
T002252,SHP00554,2024-12-07 22:49:14,3.9,SEN185
T002253,SHP00554,2024-12-06 16:49:08,2.5,SEN173
T002254,SHP00554,2024-12-07 02:59:34,0.5,SEN170
T002255,SHP00554,2024-12-06 11:26:13,1.4,SEN190
T002256,SHP00554,2024-12-07 16:24:19,2.3,SEN134
T002257,SHP00555,2024-04-05 22:52:39,13.4,SEN143
T002258,SHP00555,2024-04-05 04:57:02,14.2,SEN168
T002260,SHP00555,2024-04-06 16:25:52,15.6,SEN177
T002261,SHP00555,2024-04-06 04:52:26,13.2,SEN102
T002262,SHP00555,2024-04-06 15:51:48,18.7,SEN158
T002263,SHP00556,2024-11-28 14:00:08,0.4,SEN139
T002264,SHP00556,2024-11-28 14:54:49,6.4,SEN130
T002265,SHP00556,2024-11-27 06:15:13,0.6,SEN176
T002266,SHP00556,2024-11-27 11:24:40,3.7,SEN108
T002267,SHP00557,2024-06-01 22:52:59,2.3,SEN160
T002268,SHP00557,2024-06-01 20:21:07,0.9,SEN155
T002269,SHP00557,2024-05-31 08:14:55,1.8,SEN196
T002270,SHP00558,2024-10-26 09:28:57,0.9,SEN143
T002271,SHP00558,2024-10-26 22:11:49,7.0,SEN163
T002272,SHP00558,2024-10-26 18:04:00,1.9,SEN160
T002273,SHP00558,2024-10-27 12:07:43,1.7,SEN139
T002274,SHP00559,2024-08-21 07:05:03,-8.1,SEN120
T002275,SHP00559,2024-08-21 12:37:08,-16.3,SEN128
T002276,SHP00559,2024-08-20 00:54:02,-16.4,SEN137
T002277,SHP00560,2024-12-10 20:06:02,2.3,SEN106
T002278,SHP00560,2024-12-11 03:14:45,2.9,SEN101
T002279,SHP00560,2024-12-10 17:00:29,1.7,SEN129
T002280,SHP00561,2024-11-12 08:03:14,1.2,SEN148
T002281,SHP00561,2024-11-13 15:59:52,3.9,SEN116
T002282,SHP00561,2024-11-13 20:17:47,2.4,SEN128
T002283,SHP00561,2024-11-12 02:32:47,2.4,SEN197
T002284,SHP00561,2024-11-13 20:18:06,3.8,SEN180
T002285,SHP00562,2024-04-06 07:07:07,11.4,SEN130
T002286,SHP00562,2024-04-07 12:06:10,4.8,SEN123
T002287,SHP00563,2024-03-26 12:24:50,14.8,SEN142
T002288,SHP00563,2024-03-26 00:36:42,14.9,SEN101
T002289,SHP00563,2024-03-26 06:02:30,14.0,SEN178
T002290,SHP00564,2024-01-06 01:19:09,1.3,SEN194
T002291,SHP00564,2024-01-05 07:51:07,3.2,SEN173
T002292,SHP00564,2024-01-06 14:06:32,1.0,SEN197
T002293,SHP00565,2024-09-07 19:45:23,10.7,SEN161
T002294,SHP00565,2024-09-06 03:57:22,18.4,SEN145
T002295,SHP00565,2024-09-07 13:54:10,10.4,SEN121
T002296,SHP00565,2024-09-07 11:36:15,11.7,SEN159
T002297,SHP00566,2024-11-27 10:32:44,2.0,SEN118
T002298,SHP00566,2024-11-26 01:49:15,2.1,SEN181
T002299,SHP00566,2024-11-26 21:45:27,3.2,SEN108
T002300,SHP00567,2024-12-02 23:28:00,0.4,SEN194
T002301,SHP00567,2024-12-03 07:36:56,-0.0,SEN106
T002302,SHP00567,2024-12-03 06:46:56,-0.1,SEN115
T002303,SHP00567,2024-12-02 06:53:35,0.5,SEN190
T002304,SHP00568,2024-09-04 17:27:24,-16.7,SEN134
T002306,SHP00569,2024-07-01 00:55:22,2.8,SEN140
T002307,SHP00569,2024-07-02 08:14:58,9.9,SEN123
T002308,SHP00569,2024-07-01 08:22:36,9.5,SEN160
T002309,SHP00570,2024-05-12 09:30:36,1.3,SEN165
T002310,SHP00570,2024-05-12 00:56:43,0.9,SEN161
T002311,SHP00570,2024-05-13 06:11:43,1.4,SEN186
T002312,SHP00570,2024-05-12 11:02:24,0.7,SEN139
T002313,SHP00570,2024-05-12 14:04:11,0.7,SEN160
T002315,SHP00571,2024-11-08 07:32:58,5.3,SEN130
T002316,SHP00571,2024-11-09 19:57:39,2.2,SEN151
T002317,SHP00571,2024-11-08 06:20:21,3.0,SEN112
T002318,SHP00571,2024-11-08 04:18:33,9.9,SEN145
T002319,SHP00572,2024-08-15 14:35:26,2.0,SEN134
T002320,SHP00572,2024-08-14 13:07:20,2.8,SEN119
T002321,SHP00572,2024-08-15 08:24:17,10.5,SEN143
T002322,SHP00572,2024-08-15 04:29:56,0.3,SEN120
T002323,SHP00573,2024-08-30 06:18:59,21.8,SEN129
T002324,SHP00573,2024-08-31 21:11:10,14.6,SEN198
T002325,SHP00573,2024-08-31 16:32:06,14.2,SEN193
T002327,SHP00574,2024-04-27 22:07:40,1.2,SEN197
T002329,SHP00574,2024-04-27 17:11:57,2.8,SEN140
T002330,SHP00575,2024-02-14 20:43:38,2.2,SEN155
T002331,SHP00575,2024-02-14 00:43:00,5.4,SEN183
T002332,SHP00575,2024-02-13 11:48:34,2.6,SEN155
T002333,SHP00575,2024-02-14 16:34:40,2.8,SEN109
T002334,SHP00576,2025-01-01 10:22:25,11.6,SEN130
T002335,SHP00576,2025-01-01 13:23:49,8.0,SEN158
T002336,SHP00576,2024-12-31 01:59:37,8.3,SEN119
T002337,SHP00576,2025-01-01 07:39:26,10.4,SEN164
T002338,SHP00576,2024-12-31 20:09:40,17.3,SEN157
T002339,SHP00576,2024-12-31 09:06:45,8.3,SEN127
T002340,SHP00577,2024-11-08 02:01:03,3.9,SEN197
T002341,SHP00577,2024-11-08 03:46:30,2.2,SEN136
T002342,SHP00577,2024-11-08 04:36:36,7.3,SEN106
T002343,SHP00577,2024-11-08 23:18:30,3.2,SEN165
T002344,SHP00577,2024-11-09 01:49:17,3.1,SEN126
T002345,SHP00578,2024-01-19 18:45:19,3.9,SEN114
T002346,SHP00578,2024-01-20 01:06:14,1.0,SEN152
T002347,SHP00579,2024-11-21 16:54:39,2.1,SEN167
T002348,SHP00579,2024-11-21 20:10:56,6.8,SEN176
T002349,SHP00579,2024-11-21 01:41:19,1.4,SEN175
T002350,SHP00579,2024-11-22 12:25:11,4.0,SEN168
T002351,SHP00579,2024-11-21 08:27:09,7.0,SEN104
T002352,SHP00579,2024-11-22 10:17:51,3.8,SEN120
T002353,SHP00580,2024-11-17 05:23:18,4.0,SEN185
T002355,SHP00581,2024-11-17 13:34:13,9.4,SEN159
T002356,SHP00581,2024-11-18 10:10:19,10.9,SEN103
T002358,SHP00582,2024-10-26 12:29:28,5.5,SEN174
T002359,SHP00582,2024-10-25 04:57:19,4.3,SEN132
T002360,SHP00582,2024-10-26 02:20:02,3.1,SEN152
T002361,SHP00582,2024-10-25 18:36:04,2.3,SEN133
T002362,SHP00582,2024-10-25 18:11:17,5.8,SEN165
T002363,SHP00582,2024-10-25 03:16:55,3.8,SEN171
T002364,SHP00583,2024-08-16 04:01:55,11.1,SEN138
T002365,SHP00583,2024-08-17 08:06:14,0.2,SEN146
T002366,SHP00583,2024-08-16 14:34:34,5.7,SEN196
T002367,SHP00583,2024-08-17 06:02:21,0.2,SEN156
T002368,SHP00584,2024-08-02 10:32:54,0.6,SEN117
T002369,SHP00584,2024-08-01 16:36:46,3.3,SEN142
T002370,SHP00584,2024-08-02 12:59:07,5.7,SEN190
T002371,SHP00585,2024-03-02 08:29:46,1.0,SEN112
T002372,SHP00585,2024-03-01 23:05:22,2.8,SEN175
T002373,SHP00585,2024-03-01 05:10:15,10.7,SEN136
T002374,SHP00585,2024-03-01 00:36:19,2.7,SEN113
T002375,SHP00585,2024-03-01 06:38:52,2.7,SEN147
T002376,SHP00586,2024-01-15 02:46:28,-17.9,SEN143
T002377,SHP00586,2024-01-16 00:20:58,-15.0,SEN195
T002378,SHP00586,2024-01-16 04:08:06,-16.0,SEN170
T002379,SHP00586,2024-01-15 23:48:24,-10.5,SEN180
T002380,SHP00587,2024-02-04 06:29:06,4.0,SEN148
T002381,SHP00587,2024-02-04 09:42:19,2.9,SEN198
T002382,SHP00587,2024-02-05 13:04:38,4.1,SEN107
T002383,SHP00587,2024-02-04 13:58:13,4.3,SEN140
T002384,SHP00587,2024-02-05 20:58:05,3.2,SEN102
T002385,SHP00588,2024-11-21 05:06:18,2.9,SEN172
T002386,SHP00588,2024-11-21 15:04:35,2.6,SEN134
T002387,SHP00588,2024-11-22 00:34:30,1.5,SEN163
T002388,SHP00588,2024-11-22 01:02:58,1.4,SEN148
T002389,SHP00588,2024-11-21 21:42:44,1.3,SEN141
T002390,SHP00589,2024-05-22 11:59:27,2.3,SEN116
T002391,SHP00589,2024-05-22 01:52:11,3.9,SEN148
T002392,SHP00589,2024-05-23 16:42:15,2.9,SEN113
T002393,SHP00589,2024-05-22 17:42:36,2.2,SEN172
T002394,SHP00589,2024-05-22 04:54:35,3.7,SEN166
T002395,SHP00590,2024-10-05 19:35:39,10.1,SEN143
T002396,SHP00590,2024-10-04 02:05:07,3.6,SEN169
T002397,SHP00590,2024-10-04 10:26:25,12.8,SEN116
T002398,SHP00591,2024-04-15 13:13:11,2.6,SEN181
T002399,SHP00591,2024-04-15 18:19:03,3.2,SEN124
T002400,SHP00591,2024-04-15 22:44:04,2.7,SEN178
T002401,SHP00591,2024-04-16 14:58:36,3.1,SEN136
T002402,SHP00591,2024-04-15 06:56:52,2.3,SEN133
T002403,SHP00592,2024-04-03 16:08:48,3.1,SEN124
T002404,SHP00592,2024-04-02 22:09:05,2.5,SEN159
T002405,SHP00592,2024-04-02 10:51:55,2.7,SEN109
T002406,SHP00592,2024-04-03 19:50:35,11.0,SEN104
T002407,SHP00592,2024-04-02 18:16:16,2.8,SEN175
T002408,SHP00592,2024-04-03 13:49:24,11.4,SEN177
T002409,SHP00593,2024-06-06 18:23:42,0.2,SEN103
T002410,SHP00593,2024-06-07 13:49:18,1.8,SEN164
T002411,SHP00593,2024-06-07 15:52:45,1.2,SEN174
T002412,SHP00594,2024-07-12 21:30:16,13.6,SEN184
T002413,SHP00594,2024-07-11 14:34:52,13.3,SEN162
T002414,SHP00594,2024-07-12 13:17:56,14.1,SEN137
T002415,SHP00594,2024-07-11 12:34:04,13.1,SEN135
T002416,SHP00594,2024-07-12 00:45:07,14.5,SEN114
T002419,SHP00595,2024-06-12 06:32:12,2.6,SEN156
T002420,SHP00596,2024-03-05 21:37:15,1.2,SEN164
T002421,SHP00596,2024-03-06 11:45:08,0.0,SEN106
T002422,SHP00596,2024-03-05 21:45:19,11.2,SEN137
T002423,SHP00596,2024-03-06 01:16:30,2.0,SEN108
T002424,SHP00596,2024-03-06 14:50:51,0.4,SEN145
T002425,SHP00596,2024-03-05 15:06:20,7.1,SEN116
T002426,SHP00597,2024-08-19 22:40:30,2.6,SEN134
T002427,SHP00597,2024-08-19 12:51:03,7.6,SEN128
T002428,SHP00597,2024-08-19 21:35:13,4.0,SEN133
T002429,SHP00598,2024-11-20 22:32:22,2.5,SEN157
T002430,SHP00598,2024-11-19 11:51:09,3.8,SEN113
T002431,SHP00598,2024-11-20 22:32:39,1.6,SEN178
T002432,SHP00598,2024-11-20 06:14:36,0.7,SEN138
T002433,SHP00598,2024-11-19 00:48:44,3.3,SEN121
T002434,SHP00598,2024-11-19 16:49:42,3.2,SEN108
T002435,SHP00599,2024-08-10 21:30:06,2.0,SEN130
T002436,SHP00599,2024-08-09 03:53:53,3.3,SEN168
T002437,SHP00599,2024-08-09 14:10:31,2.6,SEN112
T002438,SHP00599,2024-08-09 01:47:51,0.9,SEN136
T002439,SHP00599,2024-08-09 13:56:54,1.1,SEN166
T002440,SHP00599,2024-08-10 18:05:13,2.4,SEN148
T002441,SHP00600,2024-04-18 00:25:14,8.7,SEN166
T002442,SHP00600,2024-04-18 07:10:56,0.0,SEN151
T002443,SHP00600,2024-04-17 02:34:14,4.2,SEN158
T002444,SHP00600,2024-04-17 03:26:49,4.0,SEN162
T002446,SHP00600,2024-04-17 09:28:08,1.2,SEN125
T002447,SHP00601,2024-07-21 20:42:56,0.4,SEN109
T002448,SHP00601,2024-07-21 12:25:36,2.3,SEN106
T002449,SHP00602,2024-07-18 20:15:06,0.1,SEN134
T002450,SHP00602,2024-07-18 22:38:36,0.3,SEN145
T002451,SHP00603,2024-02-16 13:24:25,5.4,SEN129
T002452,SHP00603,2024-02-16 14:32:44,1.0,SEN172
T002453,SHP00603,2024-02-17 20:25:46,2.0,SEN147
T002455,SHP00604,2024-04-10 10:08:00,4.2,SEN129
T002456,SHP00604,2024-04-11 18:04:07,3.6,SEN196
T002457,SHP00604,2024-04-11 14:15:15,2.5,SEN174
T002458,SHP00604,2024-04-11 23:02:14,2.5,SEN127
T002459,SHP00604,2024-04-11 21:56:51,2.9,SEN178
T002460,SHP00605,2024-02-03 04:58:50,1.8,SEN158
T002461,SHP00605,2024-02-03 14:33:54,2.3,SEN154
T002462,SHP00605,2024-02-04 00:18:54,0.6,SEN191
T002463,SHP00605,2024-02-03 09:24:41,3.7,SEN195
T002464,SHP00605,2024-02-04 16:35:53,10.6,SEN148
T002466,SHP00606,2024-12-14 18:37:29,9.3,SEN158
T002467,SHP00606,2024-12-14 03:45:20,1.0,SEN130
T002468,SHP00606,2024-12-14 05:58:10,0.8,SEN197
T002469,SHP00607,2024-12-15 20:59:12,18.1,SEN155
T002470,SHP00607,2024-12-15 06:46:19,13.7,SEN161
T002471,SHP00607,2024-12-14 22:12:01,21.6,SEN116
T002472,SHP00607,2024-12-14 18:39:06,14.4,SEN143
T002473,SHP00607,2024-12-15 04:11:51,14.4,SEN178
T002475,SHP00608,2024-04-10 04:26:29,-0.4,SEN188
T002476,SHP00608,2024-04-10 21:03:22,-1.0,SEN184
T002477,SHP00609,2024-11-17 17:56:55,-1.0,SEN176
T002478,SHP00609,2024-11-16 06:21:04,-0.2,SEN189
T002479,SHP00609,2024-11-17 01:58:05,2.8,SEN150
T002480,SHP00609,2024-11-17 22:18:51,1.2,SEN146
T002481,SHP00610,2024-01-29 07:07:31,3.3,SEN142
T002482,SHP00610,2024-01-28 18:41:33,3.7,SEN106
T002483,SHP00610,2024-01-29 13:37:15,2.7,SEN114
T002484,SHP00610,2024-01-28 03:59:30,3.0,SEN141
T002485,SHP00611,2024-01-19 04:06:00,2.3,SEN124
T002486,SHP00611,2024-01-19 22:27:40,5.2,SEN195
T002487,SHP00611,2024-01-18 06:41:13,4.1,SEN111
T002488,SHP00611,2024-01-19 08:17:02,6.0,SEN171
T002489,SHP00611,2024-01-18 09:16:27,4.6,SEN138
T002490,SHP00612,2024-01-28 12:40:47,11.0,SEN187
T002492,SHP00612,2024-01-28 20:44:38,2.8,SEN109
T002493,SHP00612,2024-01-28 01:24:10,4.7,SEN163
T002494,SHP00612,2024-01-27 22:22:40,5.8,SEN180
T002495,SHP00613,2024-06-23 19:15:00,1.7,SEN146
T002497,SHP00613,2024-06-23 13:03:38,4.0,SEN167
T002498,SHP00614,2024-03-05 19:42:42,8.6,SEN196
T002499,SHP00614,2024-03-05 19:05:11,10.9,SEN136
T002500,SHP00614,2024-03-06 06:37:39,9.5,SEN180
T002502,SHP00614,2024-03-05 05:35:08,9.0,SEN180
T002503,SHP00614,2024-03-06 00:19:25,9.0,SEN140
T002504,SHP00615,2024-10-25 22:11:49,1.7,SEN135
T002505,SHP00615,2024-10-25 10:48:56,1.0,SEN173
T002506,SHP00615,2024-10-26 11:14:25,2.9,SEN184
T002507,SHP00615,2024-10-26 13:50:34,1.4,SEN168
T002508,SHP00615,2024-10-26 14:38:31,3.5,SEN158
T002509,SHP00615,2024-10-26 18:37:37,5.4,SEN130
T002510,SHP00616,2024-09-17 05:58:53,2.4,SEN141
T002511,SHP00616,2024-09-16 08:57:07,5.3,SEN123
T002512,SHP00616,2024-09-16 12:20:55,7.3,SEN138
T002513,SHP00616,2024-09-17 22:08:55,1.1,SEN195
T002514,SHP00616,2024-09-17 11:01:22,3.1,SEN155
T002515,SHP00617,2024-12-20 05:34:30,3.9,SEN139
T002516,SHP00617,2024-12-20 02:13:26,5.8,SEN132
T002517,SHP00617,2024-12-20 01:10:37,2.8,SEN171
T002518,SHP00617,2024-12-20 16:01:45,0.3,SEN189
T002519,SHP00617,2024-12-21 13:31:23,2.7,SEN107
T002520,SHP00617,2024-12-21 09:31:58,11.3,SEN121
T002521,SHP00618,2024-04-27 02:30:08,3.9,SEN145
T002522,SHP00618,2024-04-27 00:45:32,3.4,SEN193
T002523,SHP00618,2024-04-27 11:17:53,2.8,SEN121
T002524,SHP00618,2024-04-28 10:46:29,2.4,SEN150
T002525,SHP00618,2024-04-27 06:59:46,2.0,SEN141
T002526,SHP00619,2024-02-07 00:19:20,3.1,SEN179
T002527,SHP00619,2024-02-08 04:17:34,3.3,SEN162
T002528,SHP00619,2024-02-07 21:51:28,2.5,SEN173
T002529,SHP00619,2024-02-08 22:53:01,3.7,SEN174
T002530,SHP00619,2024-02-08 03:05:15,2.7,SEN182
T002531,SHP00619,2024-02-07 21:40:08,6.0,SEN187
T002532,SHP00620,2024-05-14 10:23:43,-16.6,SEN150
T002534,SHP00621,2024-02-26 18:51:40,3.8,SEN183
T002535,SHP00621,2024-02-26 04:57:49,1.7,SEN146
T002537,SHP00621,2024-02-26 00:41:30,0.1,SEN105
T002538,SHP00621,2024-02-26 01:32:22,3.8,SEN165
T002539,SHP00621,2024-02-26 07:58:26,2.3,SEN132
T002540,SHP00622,2024-03-08 22:09:15,3.9,SEN121
T002541,SHP00622,2024-03-07 22:38:30,6.3,SEN191
T002542,SHP00622,2024-03-07 08:14:40,2.8,SEN156
T002543,SHP00622,2024-03-07 16:57:02,3.7,SEN137
T002544,SHP00622,2024-03-07 00:07:41,2.6,SEN117
T002545,SHP00622,2024-03-08 16:33:28,4.5,SEN170
T002546,SHP00623,2024-03-18 15:49:15,1.9,SEN108
T002547,SHP00623,2024-03-17 23:31:21,2.9,SEN189
T002548,SHP00623,2024-03-18 06:12:11,3.6,SEN141
T002549,SHP00623,2024-03-18 11:04:18,2.5,SEN145
T002550,SHP00624,2024-09-17 00:52:45,2.8,SEN146
T002551,SHP00624,2024-09-17 05:30:41,4.3,SEN138
T002552,SHP00624,2024-09-18 10:04:48,3.1,SEN116
T002553,SHP00624,2024-09-18 09:07:26,0.7,SEN101
T002554,SHP00625,2024-05-17 06:27:45,4.0,SEN130
T002555,SHP00625,2024-05-18 07:24:04,0.6,SEN129
T002556,SHP00625,2024-05-18 08:08:38,3.6,SEN187
T002557,SHP00626,2024-10-19 09:28:46,-9.9,SEN158
T002558,SHP00626,2024-10-19 05:30:25,-17.4,SEN155
T002559,SHP00626,2024-10-20 21:55:18,-13.9,SEN103
T002560,SHP00627,2024-11-14 19:01:37,2.8,SEN115
T002561,SHP00627,2024-11-14 20:27:39,3.8,SEN149
T002562,SHP00627,2024-11-15 08:27:03,7.8,SEN101
T002563,SHP00627,2024-11-14 12:12:12,3.7,SEN135
T002564,SHP00627,2024-11-14 00:54:18,4.5,SEN112
T002565,SHP00627,2024-11-14 22:17:12,2.5,SEN103
T002566,SHP00628,2024-02-12 15:54:06,1.4,SEN103
T002567,SHP00628,2024-02-12 04:33:33,1.2,SEN152
T002568,SHP00628,2024-02-12 19:49:04,0.7,SEN188
T002569,SHP00628,2024-02-12 06:13:13,-1.0,SEN112
T002570,SHP00628,2024-02-13 15:16:10,-1.0,SEN183
T002571,SHP00628,2024-02-13 05:31:59,1.4,SEN190
T002572,SHP00629,2024-04-10 09:22:00,2.9,SEN142
T002573,SHP00629,2024-04-10 17:52:44,9.7,SEN189
T002574,SHP00629,2024-04-11 07:42:41,0.7,SEN170
T002576,SHP00629,2024-04-10 21:21:45,1.8,SEN138
T002577,SHP00630,2024-06-02 02:44:55,-0.2,SEN189
T002578,SHP00630,2024-06-03 23:45:46,4.4,SEN122
T002580,SHP00631,2024-04-26 04:10:23,3.1,SEN142
T002581,SHP00631,2024-04-26 15:19:42,10.5,SEN187
T002582,SHP00631,2024-04-26 21:22:31,0.7,SEN169
T002583,SHP00631,2024-04-26 01:56:17,0.7,SEN110
T002586,SHP00632,2024-04-07 09:55:17,10.1,SEN175
T002587,SHP00632,2024-04-06 20:43:29,5.3,SEN139
T002588,SHP00632,2024-04-07 05:14:21,7.0,SEN128
T002589,SHP00632,2024-04-07 22:03:43,4.8,SEN198
T002590,SHP00632,2024-04-07 04:37:13,4.9,SEN123
T002591,SHP00632,2024-04-06 16:55:33,4.9,SEN152
T002592,SHP00633,2024-12-04 05:08:55,-16.5,SEN111
T002593,SHP00633,2024-12-03 21:33:43,-17.4,SEN175
T002594,SHP00633,2024-12-04 10:00:53,-13.2,SEN197
T002595,SHP00633,2024-12-03 06:51:15,-16.8,SEN132
T002596,SHP00633,2024-12-03 04:59:45,-15.4,SEN149
T002597,SHP00634,2024-06-19 16:44:44,4.0,SEN167
T002598,SHP00634,2024-06-18 01:52:15,3.8,SEN196
T002599,SHP00635,2024-02-26 22:17:04,9.3,SEN123
T002600,SHP00635,2024-02-25 18:11:16,0.8,SEN166
T002601,SHP00636,2024-02-06 19:56:23,4.5,SEN125
T002602,SHP00636,2024-02-06 11:55:12,2.9,SEN116
T002603,SHP00636,2024-02-06 18:37:47,3.3,SEN175
T002604,SHP00636,2024-02-06 08:58:09,2.5,SEN163
T002605,SHP00636,2024-02-06 11:32:33,3.8,SEN195
T002606,SHP00636,2024-02-06 05:00:22,3.7,SEN181
T002607,SHP00637,2024-03-22 04:31:51,1.6,SEN159
T002608,SHP00637,2024-03-21 15:45:40,1.7,SEN150
T002610,SHP00637,2024-03-22 00:54:51,0.6,SEN145
T002611,SHP00637,2024-03-21 17:32:37,3.2,SEN182
T002612,SHP00638,2024-10-22 00:36:05,8.1,SEN113
T002613,SHP00638,2024-10-22 13:14:42,3.1,SEN173
T002614,SHP00638,2024-10-21 02:27:18,2.8,SEN172
T002615,SHP00638,2024-10-21 11:23:10,0.0,SEN175
T002616,SHP00638,2024-10-22 05:21:45,2.3,SEN193
T002617,SHP00638,2024-10-21 13:16:52,1.2,SEN159
T002618,SHP00639,2024-10-18 05:17:43,6.5,SEN105
T002619,SHP00639,2024-10-19 15:45:36,2.3,SEN195
T002620,SHP00639,2024-10-19 13:01:00,1.5,SEN143
T002621,SHP00639,2024-10-19 12:53:32,0.9,SEN145
T002622,SHP00640,2024-03-31 20:57:38,1.6,SEN193
T002623,SHP00640,2024-03-31 07:18:30,1.4,SEN165
T002624,SHP00640,2024-03-30 15:48:38,2.4,SEN180
T002625,SHP00640,2024-03-31 11:33:25,3.4,SEN159
T002626,SHP00640,2024-03-31 03:28:13,9.6,SEN154
T002627,SHP00640,2024-03-30 21:37:15,3.4,SEN196
T002628,SHP00641,2024-03-21 19:59:55,8.0,SEN170
T002629,SHP00641,2024-03-21 14:51:09,3.0,SEN127
T002631,SHP00642,2024-02-10 08:09:22,1.8,SEN187
T002632,SHP00642,2024-02-09 18:37:14,7.7,SEN187
T002633,SHP00642,2024-02-10 07:33:51,0.8,SEN182
T002634,SHP00643,2024-07-23 18:37:09,2.1,SEN120
T002635,SHP00643,2024-07-24 10:09:24,0.8,SEN141
T002636,SHP00644,2024-12-02 19:37:20,5.6,SEN175
T002637,SHP00644,2024-12-03 02:36:27,2.5,SEN187
T002638,SHP00644,2024-12-02 10:45:43,11.8,SEN197
T002640,SHP00645,2024-02-09 11:25:07,0.6,SEN188
T002641,SHP00645,2024-02-09 05:42:22,1.3,SEN179
T002642,SHP00645,2024-02-10 09:07:07,1.0,SEN124
T002643,SHP00645,2024-02-09 12:51:22,0.5,SEN162
T002644,SHP00645,2024-02-10 05:23:38,1.7,SEN104
T002645,SHP00646,2024-12-05 17:40:15,2.7,SEN188
T002646,SHP00646,2024-12-06 19:50:09,4.0,SEN119
T002647,SHP00646,2024-12-05 22:34:21,2.8,SEN109
T002648,SHP00646,2024-12-05 12:44:33,3.9,SEN146
T002649,SHP00646,2024-12-06 14:21:40,3.6,SEN114
T002650,SHP00646,2024-12-06 03:03:30,4.9,SEN184
T002651,SHP00647,2024-04-12 22:55:30,2.5,SEN193
T002652,SHP00647,2024-04-12 20:05:12,4.1,SEN103
T002653,SHP00647,2024-04-13 19:29:38,1.6,SEN121
T002654,SHP00647,2024-04-13 01:58:08,11.3,SEN130
T002655,SHP00647,2024-04-12 17:30:16,2.5,SEN137
T002656,SHP00647,2024-04-12 16:55:46,2.2,SEN185
T002658,SHP00648,2024-08-01 22:32:13,0.2,SEN127
T002659,SHP00649,2024-03-29 23:23:23,4.0,SEN168
T002660,SHP00649,2024-03-30 20:18:02,4.7,SEN127
T002661,SHP00649,2024-03-29 19:40:38,2.5,SEN124
T002662,SHP00649,2024-03-29 12:37:00,4.4,SEN152
T002663,SHP00650,2024-11-03 11:36:28,0.7,SEN131
T002664,SHP00650,2024-11-03 07:42:47,1.5,SEN118
T002665,SHP00651,2024-03-30 08:49:10,8.5,SEN187
T002666,SHP00651,2024-03-30 21:19:04,0.2,SEN143
T002667,SHP00651,2024-03-30 21:58:47,1.6,SEN177
T002668,SHP00651,2024-03-31 19:58:06,2.6,SEN103
T002669,SHP00651,2024-03-30 16:21:23,4.5,SEN113
T002670,SHP00652,2024-12-27 16:43:13,0.8,SEN132
T002671,SHP00652,2024-12-26 20:56:54,0.1,SEN160
T002672,SHP00652,2024-12-26 18:21:17,11.3,SEN193
T002673,SHP00653,2024-05-31 11:24:29,0.8,SEN187
T002674,SHP00653,2024-06-01 06:29:21,8.7,SEN109
T002675,SHP00654,2024-08-01 13:35:36,1.8,SEN178
T002676,SHP00654,2024-07-31 16:11:03,-1.0,SEN103
T002677,SHP00654,2024-08-01 20:08:34,-0.5,SEN105
T002678,SHP00654,2024-07-31 06:02:39,9.2,SEN118
T002679,SHP00654,2024-07-31 21:20:04,1.0,SEN135
T002680,SHP00654,2024-07-31 15:08:48,1.3,SEN179
T002681,SHP00655,2024-07-15 01:42:05,2.9,SEN156
T002682,SHP00655,2024-07-15 20:48:34,11.1,SEN107
T002683,SHP00655,2024-07-15 09:15:45,0.6,SEN166
T002684,SHP00655,2024-07-14 01:14:16,10.0,SEN110
T002686,SHP00655,2024-07-14 12:25:00,3.6,SEN190
T002687,SHP00656,2024-10-30 06:35:34,2.3,SEN134
T002688,SHP00656,2024-10-31 03:15:27,0.1,SEN188
T002689,SHP00656,2024-10-31 18:32:00,9.2,SEN133
T002690,SHP00656,2024-10-30 12:20:21,2.8,SEN143
T002691,SHP00656,2024-10-30 21:44:46,1.8,SEN159
T002692,SHP00657,2024-05-08 01:44:40,14.1,SEN101
T002693,SHP00657,2024-05-08 09:33:20,14.6,SEN134
T002694,SHP00657,2024-05-07 21:59:28,14.0,SEN106
T002696,SHP00658,2024-08-05 20:13:17,1.8,SEN169
T002697,SHP00658,2024-08-04 02:56:32,1.6,SEN176
T002698,SHP00658,2024-08-04 07:02:17,3.2,SEN151
T002699,SHP00658,2024-08-05 06:54:26,0.3,SEN148
T002700,SHP00658,2024-08-04 00:03:46,1.8,SEN125
T002701,SHP00658,2024-08-05 00:45:55,4.6,SEN154
T002702,SHP00659,2024-03-19 19:05:42,-15.8,SEN165
T002703,SHP00659,2024-03-20 09:07:07,-17.4,SEN182
T002704,SHP00660,2024-01-04 22:31:54,4.0,SEN173
T002705,SHP00660,2024-01-03 06:55:42,9.1,SEN174
T002706,SHP00660,2024-01-04 18:14:44,3.6,SEN197
T002707,SHP00660,2024-01-04 02:43:08,6.1,SEN146
T002708,SHP00660,2024-01-04 08:54:44,1.5,SEN110
T002709,SHP00661,2024-07-29 04:59:19,-14.3,SEN178
T002710,SHP00661,2024-07-28 00:56:47,-17.2,SEN156
T002711,SHP00661,2024-07-28 22:37:17,-15.9,SEN188
T002712,SHP00661,2024-07-28 19:13:06,-15.8,SEN113
T002713,SHP00661,2024-07-28 22:25:56,-17.9,SEN113
T002714,SHP00662,2024-01-30 13:40:44,1.1,SEN128
T002715,SHP00662,2024-01-30 17:54:12,2.2,SEN156
T002716,SHP00663,2024-08-22 07:06:34,2.8,SEN137
T002717,SHP00663,2024-08-21 15:43:15,2.7,SEN108
T002718,SHP00663,2024-08-22 03:23:28,3.7,SEN100
T002719,SHP00663,2024-08-22 15:07:53,1.9,SEN163
T002720,SHP00663,2024-08-22 10:52:21,1.4,SEN101
T002721,SHP00663,2024-08-22 07:55:33,0.6,SEN172
T002722,SHP00664,2024-10-28 06:04:56,3.1,SEN190
T002723,SHP00664,2024-10-27 03:55:53,0.7,SEN186
T002724,SHP00664,2024-10-27 22:35:31,3.6,SEN179
T002725,SHP00664,2024-10-28 07:07:27,7.8,SEN186
T002726,SHP00664,2024-10-28 20:58:45,2.7,SEN181
T002727,SHP00665,2024-06-07 04:33:36,7.4,SEN195
T002729,SHP00665,2024-06-07 07:49:44,0.6,SEN187
T002730,SHP00666,2024-03-28 07:07:31,6.1,SEN107
T002731,SHP00666,2024-03-27 05:25:27,1.6,SEN199
T002732,SHP00666,2024-03-27 01:53:19,1.8,SEN187
T002733,SHP00666,2024-03-28 19:06:26,4.7,SEN124
T002734,SHP00666,2024-03-28 23:11:54,3.7,SEN198
T002735,SHP00666,2024-03-27 20:20:23,1.8,SEN196
T002736,SHP00667,2024-04-04 08:57:46,3.1,SEN157
T002737,SHP00667,2024-04-04 08:27:03,0.5,SEN148
T002738,SHP00667,2024-04-04 01:26:57,4.0,SEN143
T002739,SHP00667,2024-04-04 14:11:39,0.4,SEN138
T002740,SHP00667,2024-04-03 17:25:55,0.2,SEN138
T002741,SHP00668,2024-11-15 03:47:03,14.0,SEN134
T002742,SHP00668,2024-11-15 02:47:56,13.1,SEN143
T002743,SHP00668,2024-11-16 11:15:16,13.3,SEN186
T002744,SHP00668,2024-11-15 15:52:25,13.5,SEN172
T002745,SHP00668,2024-11-15 10:02:12,14.1,SEN133
T002746,SHP00668,2024-11-15 06:58:37,13.5,SEN156
T002747,SHP00669,2024-02-01 04:20:43,3.6,SEN107
T002748,SHP00669,2024-02-02 14:25:57,8.1,SEN109
T002750,SHP00669,2024-02-02 08:04:44,8.9,SEN193
T002751,SHP00669,2024-02-01 07:57:55,0.9,SEN131
T002752,SHP00669,2024-02-01 05:39:13,2.3,SEN185
T002753,SHP00670,2024-06-22 10:42:51,1.0,SEN125
T002754,SHP00670,2024-06-22 16:52:05,1.1,SEN101
T002755,SHP00670,2024-06-21 07:29:50,2.3,SEN184
T002756,SHP00671,2024-06-19 22:27:16,1.4,SEN163
T002757,SHP00671,2024-06-18 16:04:38,0.5,SEN142
T002758,SHP00671,2024-06-19 15:29:11,3.3,SEN166
T002759,SHP00671,2024-06-19 20:13:35,11.4,SEN170
T002760,SHP00671,2024-06-18 06:45:48,9.7,SEN108
T002761,SHP00672,2024-08-20 05:13:29,1.0,SEN169
T002762,SHP00672,2024-08-19 00:14:10,-0.1,SEN122
T002763,SHP00672,2024-08-20 22:00:13,1.8,SEN161
T002764,SHP00672,2024-08-20 08:44:42,1.8,SEN123
T002765,SHP00673,2024-11-06 08:47:30,-0.8,SEN143
T002766,SHP00673,2024-11-06 16:31:06,1.4,SEN118
T002767,SHP00674,2024-04-09 21:24:31,5.4,SEN154
T002768,SHP00674,2024-04-10 07:09:16,2.0,SEN158
T002769,SHP00674,2024-04-09 22:07:44,2.2,SEN160
T002770,SHP00674,2024-04-10 00:36:38,1.1,SEN157
T002771,SHP00674,2024-04-09 11:18:31,11.7,SEN100
T002772,SHP00674,2024-04-10 23:45:55,2.4,SEN192
T002774,SHP00675,2024-08-16 20:52:41,3.9,SEN189
T002775,SHP00675,2024-08-16 03:04:19,2.7,SEN189
T002776,SHP00675,2024-08-17 18:59:56,1.0,SEN166
T002777,SHP00675,2024-08-17 16:20:03,0.4,SEN167
T002778,SHP00675,2024-08-17 04:59:38,1.2,SEN154
T002779,SHP00676,2024-05-23 03:21:19,1.8,SEN146
T002780,SHP00676,2024-05-23 06:31:58,1.4,SEN116
T002781,SHP00676,2024-05-24 19:01:13,-0.3,SEN159
T002782,SHP00676,2024-05-24 05:26:16,0.3,SEN166
T002783,SHP00677,2024-04-24 04:54:09,13.7,SEN104
T002784,SHP00677,2024-04-25 06:30:43,2.5,SEN138
T002785,SHP00678,2024-05-12 21:07:10,13.4,SEN186
T002786,SHP00678,2024-05-13 07:13:38,14.8,SEN196
T002787,SHP00678,2024-05-12 19:51:54,15.5,SEN183
T002788,SHP00679,2024-01-02 17:58:05,1.8,SEN153
T002789,SHP00679,2024-01-02 14:42:40,0.3,SEN116
T002790,SHP00679,2024-01-02 09:31:45,0.8,SEN162
T002791,SHP00680,2024-02-24 23:26:13,8.5,SEN197
T002792,SHP00680,2024-02-24 19:58:38,11.2,SEN140
T002793,SHP00680,2024-02-25 05:53:02,1.2,SEN165
T002794,SHP00680,2024-02-24 11:07:08,1.6,SEN155
T002795,SHP00680,2024-02-24 03:50:07,3.3,SEN103
T002796,SHP00680,2024-02-25 08:40:18,3.4,SEN122
T002797,SHP00681,2024-12-07 19:54:49,-15.2,SEN166
T002798,SHP00681,2024-12-07 04:01:55,-16.9,SEN140
T002799,SHP00681,2024-12-06 18:43:31,-10.1,SEN191
T002800,SHP00681,2024-12-06 08:25:44,-15.7,SEN164
T002802,SHP00682,2024-12-26 02:08:01,6.6,SEN110
T002803,SHP00682,2024-12-26 08:02:34,3.4,SEN178
T002804,SHP00683,2024-07-19 04:22:34,3.6,SEN193
T002805,SHP00683,2024-07-20 11:47:52,5.3,SEN102
T002806,SHP00683,2024-07-19 18:19:06,1.7,SEN155
T002808,SHP00683,2024-07-19 20:31:07,1.6,SEN169
T002809,SHP00683,2024-07-19 08:56:07,3.1,SEN118
T002810,SHP00684,2024-02-06 01:23:41,1.5,SEN131
T002811,SHP00684,2024-02-07 19:48:46,2.0,SEN157
T002812,SHP00684,2024-02-06 21:00:22,3.3,SEN110
T002814,SHP00684,2024-02-06 12:45:57,3.3,SEN181
T002815,SHP00684,2024-02-07 12:19:25,3.5,SEN181
T002816,SHP00685,2024-12-29 20:24:48,9.4,SEN124
T002818,SHP00685,2024-12-29 01:45:15,10.9,SEN132
T002819,SHP00685,2024-12-29 17:06:35,9.4,SEN174
T002820,SHP00686,2024-10-22 13:14:44,3.9,SEN128
T002821,SHP00686,2024-10-21 06:04:30,3.3,SEN170
T002822,SHP00686,2024-10-21 21:30:42,3.8,SEN102
T002823,SHP00686,2024-10-21 12:13:10,2.3,SEN197
T002824,SHP00686,2024-10-21 16:25:29,2.3,SEN137
T002825,SHP00687,2024-03-02 09:37:01,2.9,SEN128
T002827,SHP00687,2024-03-01 04:59:31,1.2,SEN161
T002829,SHP00687,2024-03-02 06:36:22,2.3,SEN136
T002830,SHP00688,2024-11-02 01:19:36,7.7,SEN143
T002831,SHP00688,2024-11-02 22:16:03,0.0,SEN135
T002832,SHP00688,2024-11-01 12:41:55,3.7,SEN185
T002833,SHP00688,2024-11-01 09:56:49,3.0,SEN191
T002834,SHP00688,2024-11-02 22:18:44,3.4,SEN120
T002835,SHP00689,2024-03-03 01:39:49,1.3,SEN188
T002836,SHP00689,2024-03-03 16:45:09,0.0,SEN120
T002837,SHP00689,2024-03-03 21:07:14,2.5,SEN174
T002838,SHP00689,2024-03-02 13:23:39,9.4,SEN120
T002839,SHP00690,2024-09-04 01:09:12,10.0,SEN171
T002840,SHP00690,2024-09-04 04:05:12,8.8,SEN191
T002841,SHP00690,2024-09-04 11:45:25,11.4,SEN165
T002842,SHP00690,2024-09-05 10:37:27,8.5,SEN164
T002843,SHP00690,2024-09-04 18:02:39,11.5,SEN169
T002844,SHP00691,2024-09-29 05:58:42,1.7,SEN141
T002845,SHP00691,2024-09-29 23:54:50,8.4,SEN104
T002846,SHP00691,2024-09-28 05:36:52,0.1,SEN127
T002847,SHP00692,2024-10-11 09:29:27,3.4,SEN151
T002848,SHP00692,2024-10-12 07:29:05,0.5,SEN162
T002849,SHP00692,2024-10-11 03:24:07,3.1,SEN140
T002850,SHP00693,2024-07-06 05:48:27,3.7,SEN159
T002851,SHP00693,2024-07-06 19:06:09,4.3,SEN145
T002853,SHP00693,2024-07-05 01:13:12,5.9,SEN143
T002854,SHP00693,2024-07-06 09:02:23,4.6,SEN149
T002855,SHP00694,2024-06-29 21:16:09,2.5,SEN138
T002856,SHP00694,2024-06-30 21:56:21,3.5,SEN136
T002857,SHP00694,2024-06-30 05:57:53,8.5,SEN120
T002858,SHP00695,2024-10-30 19:03:01,3.4,SEN118
T002859,SHP00695,2024-10-29 21:45:01,4.5,SEN185
T002860,SHP00695,2024-10-30 00:01:47,9.2,SEN199
T002861,SHP00695,2024-10-29 15:02:24,7.2,SEN108
T002862,SHP00696,2024-08-05 14:22:11,2.7,SEN147
T002863,SHP00696,2024-08-05 15:20:38,4.8,SEN107
T002864,SHP00696,2024-08-06 14:43:40,6.3,SEN117
T002865,SHP00696,2024-08-06 05:54:07,3.5,SEN133
T002866,SHP00696,2024-08-06 11:04:16,2.1,SEN170
T002867,SHP00696,2024-08-05 09:03:01,5.8,SEN193
T002868,SHP00697,2024-08-03 10:43:40,1.0,SEN111
T002869,SHP00697,2024-08-02 13:39:23,9.9,SEN136
T002870,SHP00697,2024-08-03 03:58:19,2.8,SEN198
T002871,SHP00697,2024-08-03 16:06:13,1.2,SEN102
T002872,SHP00698,2024-06-18 10:23:39,0.7,SEN170
T002873,SHP00698,2024-06-18 15:51:42,6.9,SEN121
T002874,SHP00698,2024-06-18 03:59:01,2.3,SEN107
T002875,SHP00698,2024-06-18 15:13:49,1.1,SEN177
T002876,SHP00698,2024-06-18 14:25:22,4.7,SEN183
T002877,SHP00698,2024-06-17 14:31:09,0.6,SEN101
T002878,SHP00699,2024-03-05 21:49:51,2.4,SEN114
T002879,SHP00699,2024-03-05 22:14:06,1.2,SEN129
T002880,SHP00700,2024-07-18 22:42:12,9.7,SEN125
T002881,SHP00700,2024-07-19 05:55:25,3.5,SEN188
T002882,SHP00700,2024-07-19 02:14:58,2.9,SEN111
T002883,SHP00700,2024-07-19 15:19:49,2.5,SEN114
T002884,SHP00701,2024-03-06 05:43:25,3.1,SEN189
T002885,SHP00701,2024-03-06 23:42:31,2.0,SEN105
T002886,SHP00702,2024-08-13 02:54:11,14.7,SEN120
T002887,SHP00702,2024-08-12 02:26:07,14.9,SEN169
T002888,SHP00703,2024-02-17 08:30:59,14.2,SEN138
T002889,SHP00703,2024-02-16 05:37:00,16.3,SEN173
T002890,SHP00703,2024-02-17 04:19:27,14.2,SEN165
T002891,SHP00703,2024-02-16 09:13:30,14.3,SEN150
T002893,SHP00703,2024-02-16 11:12:29,14.9,SEN155
T002894,SHP00704,2024-09-18 22:44:32,4.0,SEN191
T002895,SHP00704,2024-09-18 19:44:29,11.9,SEN110
T002896,SHP00704,2024-09-18 09:09:27,3.3,SEN172
T002897,SHP00704,2024-09-18 00:17:47,2.2,SEN197
T002898,SHP00704,2024-09-18 15:01:50,2.1,SEN103
T002899,SHP00705,2024-09-30 07:37:35,2.4,SEN197
T002900,SHP00705,2024-10-01 21:43:44,6.0,SEN133
T002901,SHP00706,2024-02-08 23:40:06,0.1,SEN132
T002902,SHP00706,2024-02-08 18:45:37,7.8,SEN107
T002903,SHP00706,2024-02-08 16:38:38,8.0,SEN190
T002904,SHP00706,2024-02-09 07:20:41,2.8,SEN119
T002905,SHP00706,2024-02-09 12:16:59,3.3,SEN126
T002906,SHP00706,2024-02-08 09:24:02,0.1,SEN163
T002907,SHP00707,2024-03-02 22:40:34,0.4,SEN185
T002908,SHP00707,2024-03-01 15:08:31,3.1,SEN188
T002909,SHP00707,2024-03-02 22:36:36,11.8,SEN124
T002910,SHP00707,2024-03-01 18:11:51,8.6,SEN198
T002911,SHP00707,2024-03-02 17:44:34,1.7,SEN102
T002912,SHP00707,2024-03-01 13:29:05,2.4,SEN176
T002913,SHP00708,2024-11-13 17:20:32,2.4,SEN117
T002915,SHP00708,2024-11-13 11:37:30,2.0,SEN140
T002916,SHP00708,2024-11-12 01:16:06,0.0,SEN163
T002917,SHP00708,2024-11-13 07:29:10,4.5,SEN171
T002918,SHP00709,2024-04-11 14:18:56,2.7,SEN103
T002919,SHP00709,2024-04-12 18:41:54,9.2,SEN199
T002920,SHP00709,2024-04-12 09:24:01,3.1,SEN188
T002921,SHP00709,2024-04-12 18:00:46,2.8,SEN121
T002922,SHP00709,2024-04-12 11:08:45,3.3,SEN173
T002923,SHP00710,2024-07-06 18:41:18,2.1,SEN169
T002924,SHP00710,2024-07-05 17:56:38,5.1,SEN143
T002925,SHP00710,2024-07-06 23:56:56,1.4,SEN114
T002926,SHP00710,2024-07-06 18:55:11,3.1,SEN153
T002927,SHP00710,2024-07-06 20:07:41,11.7,SEN166
T002928,SHP00711,2024-12-29 23:47:21,5.9,SEN171
T002929,SHP00711,2024-12-29 23:28:25,8.4,SEN150
T002930,SHP00711,2024-12-29 09:14:25,10.7,SEN130
T002931,SHP00712,2024-09-07 11:17:54,-0.2,SEN132
T002932,SHP00712,2024-09-07 19:50:17,0.6,SEN135
T002933,SHP00712,2024-09-08 21:17:56,1.2,SEN134
T002934,SHP00712,2024-09-08 12:48:09,-0.3,SEN116
T002935,SHP00712,2024-09-07 21:57:13,-0.3,SEN144
T002936,SHP00712,2024-09-07 23:04:39,6.6,SEN104
T002937,SHP00713,2024-02-25 00:14:01,2.1,SEN113
T002938,SHP00713,2024-02-25 12:08:48,3.1,SEN110
T002939,SHP00714,2024-09-03 09:55:23,2.2,SEN191
T002940,SHP00714,2024-09-02 03:17:06,1.5,SEN153
T002941,SHP00714,2024-09-02 14:43:55,0.5,SEN103
T002942,SHP00714,2024-09-02 03:39:14,11.0,SEN166
T002943,SHP00715,2024-08-30 01:03:44,3.0,SEN142
T002944,SHP00715,2024-08-30 12:56:29,2.8,SEN144
T002945,SHP00715,2024-08-30 19:06:55,5.4,SEN131
T002946,SHP00715,2024-08-31 20:23:42,3.0,SEN199
T002949,SHP00716,2024-08-07 23:36:36,-0.1,SEN172
T002950,SHP00716,2024-08-06 20:21:05,0.2,SEN101
T002951,SHP00716,2024-08-06 04:08:21,-1.0,SEN176
T002953,SHP00717,2024-01-28 22:29:46,11.7,SEN148
T002954,SHP00717,2024-01-27 12:49:07,7.8,SEN116
T002955,SHP00717,2024-01-28 10:53:07,2.6,SEN198
T002956,SHP00717,2024-01-27 09:58:03,3.5,SEN167
T002957,SHP00717,2024-01-28 13:43:58,1.5,SEN107
T002958,SHP00718,2024-05-26 21:38:49,3.4,SEN174
T002959,SHP00718,2024-05-27 10:22:28,2.1,SEN173
T002960,SHP00718,2024-05-27 19:31:49,3.4,SEN104
T002961,SHP00718,2024-05-26 19:46:09,2.1,SEN188
T002962,SHP00718,2024-05-27 12:10:25,10.8,SEN102
T002963,SHP00718,2024-05-27 06:09:41,3.6,SEN171
T002964,SHP00719,2024-03-07 22:44:43,3.5,SEN159
T002965,SHP00719,2024-03-07 08:17:26,3.4,SEN162
T002966,SHP00719,2024-03-08 07:43:00,6.6,SEN142
T002967,SHP00719,2024-03-08 14:56:32,5.0,SEN176
T002968,SHP00720,2024-11-04 18:35:07,4.5,SEN173
T002969,SHP00720,2024-11-04 04:03:29,2.6,SEN194
T002970,SHP00720,2024-11-05 09:22:30,9.8,SEN145
T002971,SHP00720,2024-11-04 16:27:14,7.0,SEN164
T002973,SHP00721,2024-04-14 10:29:08,-7.9,SEN108
T002974,SHP00722,2024-09-05 03:50:16,3.2,SEN136
T002975,SHP00722,2024-09-04 08:50:16,3.3,SEN140
T002976,SHP00722,2024-09-05 10:09:24,5.3,SEN170
T002977,SHP00722,2024-09-04 13:22:04,2.6,SEN193
T002978,SHP00722,2024-09-04 04:22:21,3.9,SEN187
T002979,SHP00723,2024-12-16 22:19:33,1.8,SEN113
T002980,SHP00723,2024-12-16 13:37:32,2.8,SEN183
T002981,SHP00724,2024-04-22 11:24:28,3.9,SEN130
T002982,SHP00724,2024-04-22 23:57:19,2.5,SEN172
T002983,SHP00724,2024-04-22 09:32:41,2.6,SEN136
T002984,SHP00724,2024-04-22 06:34:50,3.4,SEN131
T002985,SHP00725,2024-03-29 13:47:03,1.3,SEN169
T002986,SHP00725,2024-03-28 08:06:40,-0.4,SEN168
T002987,SHP00725,2024-03-29 17:15:12,7.7,SEN184
T002988,SHP00725,2024-03-28 05:59:07,2.0,SEN126
T002989,SHP00726,2024-04-17 15:38:02,7.3,SEN135
T002990,SHP00726,2024-04-17 22:40:22,3.9,SEN110
T002991,SHP00727,2024-05-31 10:58:49,0.5,SEN108
T002992,SHP00727,2024-05-31 22:05:11,10.9,SEN104
T002993,SHP00727,2024-05-31 04:32:12,2.1,SEN109
T002995,SHP00728,2024-12-18 03:39:04,9.7,SEN151
T002996,SHP00728,2024-12-19 07:10:57,9.5,SEN113
T002997,SHP00729,2024-04-29 12:23:45,5.9,SEN158
T002998,SHP00729,2024-04-29 11:06:35,1.2,SEN138
T002999,SHP00729,2024-04-29 22:03:42,7.9,SEN198
T003000,SHP00729,2024-04-29 17:10:58,3.7,SEN197
T003001,SHP00729,2024-04-28 11:34:35,2.8,SEN192
T003002,SHP00729,2024-04-29 02:51:33,3.9,SEN193
T003003,SHP00730,2024-05-25 02:53:42,0.2,SEN115
T003004,SHP00730,2024-05-24 08:17:02,1.4,SEN112
T003005,SHP00730,2024-05-25 10:53:58,3.0,SEN171
T003006,SHP00730,2024-05-24 07:50:39,8.4,SEN121
T003007,SHP00730,2024-05-25 04:06:24,2.3,SEN178
T003008,SHP00731,2024-09-26 00:56:14,1.6,SEN169
T003009,SHP00731,2024-09-27 16:29:31,3.6,SEN170
T003011,SHP00731,2024-09-26 19:19:13,1.6,SEN185
T003012,SHP00731,2024-09-27 12:53:23,3.9,SEN100
T003013,SHP00732,2024-02-12 22:40:28,4.0,SEN196
T003014,SHP00732,2024-02-12 01:00:59,3.4,SEN105
T003015,SHP00733,2024-03-25 01:19:51,3.1,SEN165
T003016,SHP00733,2024-03-25 10:15:09,7.3,SEN197
T003017,SHP00733,2024-03-25 03:50:31,3.2,SEN121
T003018,SHP00734,2024-08-01 12:07:05,-15.5,SEN104
T003019,SHP00734,2024-08-01 00:42:46,-15.3,SEN134
T003020,SHP00735,2024-02-27 09:22:18,2.6,SEN155
T003021,SHP00735,2024-02-26 21:07:56,3.2,SEN152
T003023,SHP00735,2024-02-26 13:44:49,3.9,SEN134
T003024,SHP00735,2024-02-26 21:11:55,9.2,SEN154
T003025,SHP00735,2024-02-26 13:15:23,3.4,SEN198
T003026,SHP00736,2024-08-07 21:26:38,2.0,SEN175
T003027,SHP00736,2024-08-07 16:48:04,1.9,SEN105
T003028,SHP00736,2024-08-07 06:21:14,1.3,SEN119
T003029,SHP00736,2024-08-07 08:37:06,1.7,SEN178
T003031,SHP00736,2024-08-08 21:41:51,7.1,SEN132
T003032,SHP00737,2024-12-05 21:43:02,5.7,SEN128
T003033,SHP00737,2024-12-05 10:21:21,4.4,SEN104
T003035,SHP00737,2024-12-04 18:17:33,6.3,SEN142
T003036,SHP00738,2024-09-02 07:04:12,1.4,SEN134
T003037,SHP00738,2024-09-01 17:40:06,3.0,SEN116
T003038,SHP00739,2024-12-22 12:28:57,0.8,SEN173
T003039,SHP00739,2024-12-22 10:33:57,0.1,SEN145
T003040,SHP00739,2024-12-21 19:10:23,11.0,SEN198
T003041,SHP00739,2024-12-21 09:19:04,3.7,SEN163
T003042,SHP00740,2024-10-01 06:13:00,4.0,SEN168
T003045,SHP00740,2024-10-02 15:03:25,10.7,SEN163
T003046,SHP00740,2024-10-02 12:02:38,0.7,SEN126
T003047,SHP00741,2024-10-13 10:26:17,3.2,SEN198
T003048,SHP00741,2024-10-12 02:33:14,2.9,SEN169
T003049,SHP00742,2024-04-17 12:02:49,2.6,SEN104
T003050,SHP00742,2024-04-17 12:49:14,1.8,SEN124
T003051,SHP00742,2024-04-18 08:46:27,3.0,SEN180
T003052,SHP00742,2024-04-18 00:42:09,3.5,SEN168
T003053,SHP00742,2024-04-18 12:46:12,1.6,SEN110
T003054,SHP00742,2024-04-18 18:45:39,2.6,SEN180
T003055,SHP00743,2024-02-24 04:50:57,0.9,SEN167
T003056,SHP00743,2024-02-24 17:50:27,9.1,SEN187
T003057,SHP00744,2024-04-04 07:37:07,9.7,SEN169
T003058,SHP00744,2024-04-04 06:08:09,11.9,SEN137
T003059,SHP00745,2024-01-31 14:31:03,-12.1,SEN188
T003060,SHP00745,2024-02-01 07:57:10,-16.9,SEN169
T003061,SHP00745,2024-02-01 08:05:54,-11.3,SEN155
T003062,SHP00745,2024-02-01 10:14:16,-17.0,SEN180
T003063,SHP00746,2024-06-06 22:28:40,1.9,SEN154
T003064,SHP00746,2024-06-05 09:48:01,0.1,SEN192
T003066,SHP00746,2024-06-05 10:36:19,0.7,SEN158
T003067,SHP00746,2024-06-06 19:51:28,0.8,SEN186
T003068,SHP00747,2024-04-22 03:51:16,9.4,SEN147
T003069,SHP00747,2024-04-23 04:30:19,0.7,SEN147
T003070,SHP00747,2024-04-22 20:11:20,10.6,SEN144
T003071,SHP00747,2024-04-23 08:41:05,10.2,SEN193
T003072,SHP00747,2024-04-22 19:00:49,1.3,SEN155
T003073,SHP00747,2024-04-23 01:09:08,9.9,SEN181
T003074,SHP00748,2024-07-10 23:32:32,1.8,SEN163
T003075,SHP00748,2024-07-09 14:17:47,0.4,SEN172
T003076,SHP00749,2024-11-01 06:49:53,3.7,SEN174
T003077,SHP00749,2024-11-02 18:44:51,4.5,SEN100
T003078,SHP00749,2024-11-01 14:54:00,3.3,SEN160
T003079,SHP00749,2024-11-01 15:36:43,2.6,SEN172
T003080,SHP00749,2024-11-02 08:29:46,7.9,SEN137
T003081,SHP00749,2024-11-01 19:54:08,4.7,SEN176
T003082,SHP00750,2024-01-26 04:37:50,9.3,SEN100
T003083,SHP00750,2024-01-25 15:22:42,10.3,SEN195
T003084,SHP00750,2024-01-26 13:22:38,9.4,SEN183
T003085,SHP00750,2024-01-25 02:47:38,8.3,SEN162
T003086,SHP00750,2024-01-26 11:26:23,8.2,SEN111
T003087,SHP00750,2024-01-26 14:43:11,8.6,SEN159
T003088,SHP00751,2024-12-12 08:46:44,1.5,SEN121
T003089,SHP00751,2024-12-12 14:08:49,1.6,SEN126
T003090,SHP00751,2024-12-11 08:09:38,3.3,SEN193
T003091,SHP00752,2024-03-18 12:51:33,3.0,SEN127
T003092,SHP00752,2024-03-19 08:02:29,2.1,SEN100
T003093,SHP00752,2024-03-18 01:36:08,8.6,SEN101
T003094,SHP00753,2024-11-08 10:33:35,1.7,SEN193
T003095,SHP00753,2024-11-08 22:51:20,1.8,SEN195
T003096,SHP00753,2024-11-08 20:21:02,1.2,SEN157
T003097,SHP00753,2024-11-08 03:24:32,8.5,SEN188
T003098,SHP00754,2024-11-09 05:28:25,2.1,SEN180
T003100,SHP00754,2024-11-09 05:35:07,10.3,SEN102
T003101,SHP00755,2024-08-20 19:54:43,2.4,SEN198
T003102,SHP00755,2024-08-21 06:38:52,4.6,SEN171
T003103,SHP00755,2024-08-21 12:03:32,3.1,SEN131
T003104,SHP00755,2024-08-21 22:08:44,3.7,SEN138
T003105,SHP00755,2024-08-20 10:14:36,4.0,SEN129
T003106,SHP00755,2024-08-21 18:20:41,5.1,SEN195
T003107,SHP00756,2024-08-14 01:26:23,1.8,SEN142
T003108,SHP00756,2024-08-15 23:23:36,0.0,SEN170
T003109,SHP00756,2024-08-15 18:54:30,0.6,SEN194
T003110,SHP00756,2024-08-15 01:22:33,-0.7,SEN196
T003111,SHP00757,2024-09-19 13:07:30,3.9,SEN133
T003112,SHP00757,2024-09-19 19:21:26,2.4,SEN140
T003113,SHP00757,2024-09-19 18:57:48,2.0,SEN195
T003114,SHP00757,2024-09-19 02:09:49,0.6,SEN173
T003115,SHP00757,2024-09-19 18:43:00,3.3,SEN150
T003116,SHP00757,2024-09-19 07:56:21,11.6,SEN128
T003117,SHP00758,2024-03-20 12:03:16,5.9,SEN151
T003118,SHP00758,2024-03-20 05:22:50,0.7,SEN113
T003119,SHP00758,2024-03-21 15:28:55,1.6,SEN164
T003120,SHP00758,2024-03-21 02:12:11,0.0,SEN126
T003121,SHP00759,2024-09-30 13:57:19,7.4,SEN154
T003122,SHP00759,2024-10-01 14:30:51,1.2,SEN127
T003123,SHP00759,2024-09-30 13:15:28,1.0,SEN155
T003124,SHP00759,2024-10-01 07:32:22,2.3,SEN110
T003125,SHP00760,2024-04-19 14:59:58,-0.5,SEN105
T003127,SHP00760,2024-04-18 16:51:18,-0.1,SEN152
T003128,SHP00760,2024-04-19 09:41:29,1.1,SEN181
T003129,SHP00760,2024-04-18 02:02:07,0.9,SEN138
T003130,SHP00761,2024-07-13 10:18:47,3.2,SEN147
T003131,SHP00761,2024-07-14 10:18:11,3.1,SEN184
T003132,SHP00762,2024-11-22 00:44:59,14.6,SEN140
T003133,SHP00762,2024-11-21 01:14:37,14.5,SEN175
T003134,SHP00762,2024-11-21 09:15:54,14.7,SEN166
T003135,SHP00762,2024-11-22 18:26:43,15.0,SEN108
T003136,SHP00762,2024-11-21 16:59:00,13.6,SEN159
T003138,SHP00763,2024-01-29 07:23:44,1.2,SEN111
T003139,SHP00764,2024-12-21 03:45:47,2.3,SEN124
T003140,SHP00764,2024-12-21 10:45:11,9.0,SEN104
T003141,SHP00764,2024-12-21 03:37:41,6.7,SEN185
T003142,SHP00764,2024-12-20 10:41:07,10.5,SEN173
T003143,SHP00764,2024-12-21 00:04:47,1.8,SEN184
T003144,SHP00764,2024-12-21 01:44:27,1.9,SEN182
T003145,SHP00765,2024-08-23 16:49:59,-0.6,SEN190
T003146,SHP00765,2024-08-23 21:59:46,1.5,SEN171
T003147,SHP00765,2024-08-23 16:40:43,9.6,SEN146
T003148,SHP00765,2024-08-23 09:41:44,1.8,SEN176
T003149,SHP00766,2024-04-21 10:33:36,11.9,SEN117
T003150,SHP00766,2024-04-22 03:40:17,8.8,SEN120
T003152,SHP00766,2024-04-21 02:30:13,12.3,SEN127
T003153,SHP00766,2024-04-22 20:54:37,10.7,SEN160
T003154,SHP00767,2024-07-05 18:29:49,3.1,SEN191
T003155,SHP00767,2024-07-05 18:39:20,3.1,SEN113
T003156,SHP00767,2024-07-06 21:28:06,3.8,SEN123
T003157,SHP00767,2024-07-06 11:33:05,10.3,SEN192
T003158,SHP00767,2024-07-05 02:51:29,2.5,SEN149
T003160,SHP00768,2024-06-20 08:03:53,2.7,SEN115
T003161,SHP00768,2024-06-21 06:52:28,0.2,SEN169
T003162,SHP00768,2024-06-21 11:02:00,0.5,SEN185
T003163,SHP00768,2024-06-21 17:59:25,3.1,SEN178
T003164,SHP00768,2024-06-20 09:23:31,11.4,SEN123
T003165,SHP00769,2024-11-14 00:22:56,14.7,SEN163
T003166,SHP00769,2024-11-13 02:51:33,14.8,SEN119
T003167,SHP00769,2024-11-14 15:10:03,14.6,SEN143
T003168,SHP00769,2024-11-14 09:00:04,14.1,SEN189
T003170,SHP00770,2024-11-16 03:23:40,4.5,SEN151
T003171,SHP00770,2024-11-15 13:50:02,6.4,SEN103
T003172,SHP00770,2024-11-15 06:46:01,2.4,SEN106
T003173,SHP00770,2024-11-15 00:16:57,12.3,SEN115
T003174,SHP00770,2024-11-15 04:57:16,3.1,SEN188
T003175,SHP00771,2024-02-29 11:51:47,6.0,SEN152
T003176,SHP00771,2024-02-29 09:40:13,11.0,SEN188
T003177,SHP00771,2024-02-28 12:19:09,3.6,SEN199
T003178,SHP00771,2024-02-28 20:23:34,0.9,SEN141
T003179,SHP00771,2024-02-28 16:54:54,2.3,SEN151
T003180,SHP00771,2024-02-29 16:46:58,2.7,SEN142
T003181,SHP00772,2024-04-25 09:13:51,3.3,SEN158
T003182,SHP00772,2024-04-25 04:31:04,1.6,SEN128
T003183,SHP00772,2024-04-25 19:53:54,2.6,SEN144
T003184,SHP00772,2024-04-24 12:22:43,0.2,SEN177
T003186,SHP00772,2024-04-25 05:46:27,0.1,SEN158
T003187,SHP00773,2024-01-15 16:42:09,16.4,SEN186
T003188,SHP00773,2024-01-14 21:47:55,19.3,SEN196
T003189,SHP00773,2024-01-15 04:49:38,13.2,SEN144
T003190,SHP00773,2024-01-15 21:01:53,13.2,SEN136
T003191,SHP00773,2024-01-15 06:14:26,14.0,SEN115
T003193,SHP00774,2024-10-22 06:28:04,3.6,SEN187
T003194,SHP00774,2024-10-22 21:24:27,2.4,SEN149
T003195,SHP00774,2024-10-22 18:34:24,3.0,SEN198
T003196,SHP00774,2024-10-22 00:22:41,1.6,SEN124
T003197,SHP00775,2024-11-20 14:46:47,0.5,SEN151
T003198,SHP00775,2024-11-20 06:18:13,8.8,SEN186
T003199,SHP00775,2024-11-19 05:59:48,2.6,SEN147
T003200,SHP00775,2024-11-20 11:48:30,3.4,SEN187
T003201,SHP00776,2024-11-17 17:28:05,2.1,SEN163
T003203,SHP00776,2024-11-18 22:07:44,2.5,SEN143
T003204,SHP00776,2024-11-17 18:44:00,3.7,SEN104
T003205,SHP00777,2024-05-03 01:04:44,3.0,SEN179
T003206,SHP00777,2024-05-02 03:00:03,1.6,SEN123
T003207,SHP00778,2024-01-12 16:17:42,5.4,SEN119
T003208,SHP00778,2024-01-13 11:08:35,3.4,SEN129
T003209,SHP00779,2024-07-05 10:30:41,2.4,SEN165
T003210,SHP00779,2024-07-04 00:47:58,5.7,SEN178
T003212,SHP00779,2024-07-05 10:49:43,2.6,SEN191
T003213,SHP00780,2024-03-23 07:03:01,-0.7,SEN174
T003214,SHP00780,2024-03-24 11:43:12,-0.2,SEN192
T003215,SHP00781,2024-10-07 09:31:14,6.2,SEN109
T003216,SHP00781,2024-10-07 19:21:38,0.1,SEN162
T003217,SHP00782,2024-01-17 14:25:01,2.8,SEN125
T003218,SHP00782,2024-01-17 18:02:44,2.5,SEN161
T003219,SHP00782,2024-01-17 09:04:49,2.2,SEN138
T003220,SHP00782,2024-01-17 20:32:33,0.6,SEN154
T003222,SHP00782,2024-01-17 17:32:37,3.8,SEN195
T003223,SHP00783,2024-09-10 00:44:37,0.4,SEN105
T003224,SHP00783,2024-09-10 07:13:44,8.5,SEN139
T003225,SHP00783,2024-09-11 23:40:55,1.6,SEN166
T003226,SHP00783,2024-09-10 20:53:25,10.0,SEN127
T003227,SHP00783,2024-09-10 22:43:35,1.4,SEN136
T003228,SHP00783,2024-09-11 17:36:30,11.0,SEN153
T003229,SHP00784,2024-04-16 01:05:18,14.4,SEN168
T003230,SHP00784,2024-04-16 23:37:21,11.0,SEN180
T003231,SHP00784,2024-04-16 11:53:48,9.2,SEN116
T003232,SHP00785,2024-07-11 19:09:13,0.5,SEN167
T003233,SHP00785,2024-07-11 02:34:11,3.0,SEN142
T003234,SHP00785,2024-07-10 16:08:51,1.0,SEN129
T003235,SHP00785,2024-07-11 00:31:03,2.1,SEN160
T003236,SHP00786,2024-01-16 19:02:31,1.0,SEN155
T003237,SHP00786,2024-01-16 02:07:28,1.5,SEN116
T003238,SHP00786,2024-01-16 14:21:46,3.9,SEN190
T003239,SHP00787,2024-06-12 06:12:37,1.2,SEN180
T003240,SHP00787,2024-06-13 08:49:57,-0.4,SEN127
T003241,SHP00787,2024-06-12 17:16:32,0.2,SEN124
T003242,SHP00787,2024-06-13 10:02:55,1.3,SEN150
T003243,SHP00787,2024-06-12 01:39:15,1.0,SEN137
T003244,SHP00787,2024-06-12 12:19:56,1.8,SEN133
T003245,SHP00788,2024-02-22 00:43:50,3.3,SEN149
T003246,SHP00788,2024-02-22 17:03:45,3.7,SEN175
T003247,SHP00788,2024-02-23 20:42:21,8.8,SEN145
T003248,SHP00789,2024-01-26 10:14:58,1.8,SEN176
T003249,SHP00789,2024-01-26 04:38:27,8.8,SEN115
T003250,SHP00789,2024-01-26 10:53:59,0.1,SEN131
T003251,SHP00789,2024-01-27 20:46:34,8.3,SEN121
T003252,SHP00789,2024-01-26 22:26:07,1.5,SEN111
T003253,SHP00790,2024-01-11 14:00:27,18.0,SEN138
T003254,SHP00790,2024-01-11 04:46:59,9.2,SEN146
T003255,SHP00791,2024-01-10 10:24:47,3.6,SEN180
T003256,SHP00791,2024-01-10 00:18:58,3.1,SEN160
T003257,SHP00791,2024-01-10 10:06:23,2.1,SEN116
T003258,SHP00791,2024-01-09 07:21:55,3.1,SEN177
T003259,SHP00791,2024-01-10 22:55:34,2.9,SEN128
T003260,SHP00791,2024-01-09 13:50:46,3.0,SEN105
T003261,SHP00792,2024-12-22 08:56:18,2.3,SEN177
T003262,SHP00792,2024-12-23 20:36:36,3.1,SEN156
T003263,SHP00792,2024-12-23 08:54:59,2.9,SEN139
T003264,SHP00793,2024-12-18 22:14:22,1.6,SEN158
T003265,SHP00793,2024-12-18 12:16:48,3.4,SEN158
T003266,SHP00793,2024-12-18 19:44:03,1.6,SEN197
T003267,SHP00793,2024-12-19 08:15:57,0.1,SEN157
T003268,SHP00793,2024-12-18 07:46:42,2.9,SEN170
T003269,SHP00793,2024-12-19 22:25:06,5.0,SEN187
T003270,SHP00794,2024-06-05 20:32:26,3.2,SEN164
T003271,SHP00794,2024-06-04 07:55:17,3.9,SEN171
T003272,SHP00794,2024-06-04 06:24:57,10.1,SEN133
T003273,SHP00794,2024-06-04 09:53:15,2.4,SEN101
T003274,SHP00794,2024-06-04 17:17:14,9.8,SEN175
T003276,SHP00795,2024-07-31 22:23:52,7.2,SEN104
T003277,SHP00795,2024-07-31 23:26:59,8.3,SEN112
T003278,SHP00796,2024-05-15 12:42:07,2.6,SEN143
T003279,SHP00796,2024-05-16 03:45:26,2.9,SEN171
T003280,SHP00796,2024-05-16 07:34:31,3.9,SEN155
T003281,SHP00797,2024-12-09 08:42:11,3.9,SEN103
T003282,SHP00797,2024-12-09 22:26:55,10.0,SEN187
T003283,SHP00797,2024-12-09 00:54:39,3.5,SEN171
T003284,SHP00797,2024-12-10 13:53:08,3.9,SEN132
T003285,SHP00798,2024-03-08 10:52:38,2.8,SEN174
T003286,SHP00798,2024-03-08 23:16:25,1.4,SEN170
T003287,SHP00798,2024-03-08 03:29:25,9.7,SEN133
T003288,SHP00798,2024-03-07 23:58:57,2.5,SEN196
T003289,SHP00798,2024-03-08 12:37:37,0.4,SEN152
T003290,SHP00798,2024-03-07 16:08:59,2.8,SEN163
T003291,SHP00799,2024-02-23 00:56:38,-16.6,SEN160
T003292,SHP00799,2024-02-22 17:19:20,-16.3,SEN171
T003293,SHP00799,2024-02-23 13:13:36,-17.4,SEN111
T003294,SHP00800,2024-03-02 04:04:17,2.4,SEN128
T003295,SHP00800,2024-03-01 01:07:38,12.0,SEN170
T003296,SHP00800,2024-03-01 08:35:58,3.2,SEN162
T003297,SHP00800,2024-03-02 05:10:28,5.5,SEN101
T003298,SHP00800,2024-03-01 19:29:24,2.0,SEN146
T003299,SHP00801,2024-08-04 10:44:57,2.1,SEN113
T003300,SHP00801,2024-08-04 00:00:38,3.1,SEN136
T003301,SHP00802,2024-01-28 12:03:12,3.7,SEN179
T003302,SHP00802,2024-01-29 23:39:19,2.3,SEN177
T003303,SHP00802,2024-01-29 10:51:13,2.0,SEN150
T003304,SHP00803,2024-03-29 15:19:30,5.1,SEN132
T003305,SHP00803,2024-03-28 00:53:25,7.6,SEN180
T003306,SHP00804,2024-06-11 23:05:58,-17.7,SEN161
T003307,SHP00804,2024-06-10 01:17:04,-16.0,SEN158
T003308,SHP00804,2024-06-10 22:09:57,-16.3,SEN129
T003309,SHP00804,2024-06-10 01:45:19,-17.5,SEN186
T003310,SHP00804,2024-06-10 08:41:55,-17.9,SEN124
T003311,SHP00804,2024-06-10 10:44:18,-16.7,SEN122
T003312,SHP00805,2024-12-14 03:14:43,1.4,SEN156
T003314,SHP00806,2024-04-27 06:59:20,11.4,SEN146
T003315,SHP00806,2024-04-26 09:22:57,15.6,SEN198
T003316,SHP00806,2024-04-26 05:41:24,15.7,SEN187
T003317,SHP00806,2024-04-26 04:36:07,10.7,SEN159
T003318,SHP00806,2024-04-27 14:48:07,8.8,SEN193
T003319,SHP00807,2024-09-06 20:21:09,3.9,SEN143
T003320,SHP00807,2024-09-07 01:43:47,2.2,SEN182
T003321,SHP00807,2024-09-06 03:00:58,1.7,SEN196
T003322,SHP00807,2024-09-06 22:45:56,2.7,SEN144
T003323,SHP00807,2024-09-06 22:59:05,3.9,SEN175
T003324,SHP00808,2024-04-23 19:57:31,11.6,SEN152
T003325,SHP00808,2024-04-22 02:27:03,3.8,SEN148
T003326,SHP00808,2024-04-23 16:18:12,3.0,SEN184
T003327,SHP00808,2024-04-23 17:58:34,3.6,SEN176
T003328,SHP00809,2024-11-17 11:17:48,10.4,SEN166
T003329,SHP00809,2024-11-16 18:28:49,3.0,SEN133
T003330,SHP00809,2024-11-17 22:40:38,9.1,SEN195
T003331,SHP00809,2024-11-17 06:09:40,1.4,SEN194
T003332,SHP00809,2024-11-17 19:32:31,3.4,SEN140
T003333,SHP00810,2024-05-21 01:07:43,0.5,SEN146
T003334,SHP00810,2024-05-22 04:49:29,2.0,SEN100
T003335,SHP00811,2024-01-06 11:54:20,2.7,SEN178
T003336,SHP00811,2024-01-06 06:48:02,3.5,SEN133
T003337,SHP00811,2024-01-05 21:09:52,0.1,SEN144
T003338,SHP00811,2024-01-05 01:33:42,3.5,SEN161
T003339,SHP00811,2024-01-06 01:32:26,1.5,SEN125
T003340,SHP00811,2024-01-05 19:20:23,1.5,SEN124
T003341,SHP00812,2024-01-21 19:32:23,-17.6,SEN148
T003342,SHP00812,2024-01-21 02:03:33,-15.8,SEN135
T003343,SHP00812,2024-01-21 10:37:39,-14.8,SEN126
T003345,SHP00813,2024-09-14 08:28:49,1.5,SEN190
T003346,SHP00814,2024-05-07 02:12:09,6.5,SEN194
T003347,SHP00814,2024-05-08 00:47:35,7.3,SEN168
T003348,SHP00814,2024-05-07 09:53:12,3.2,SEN137
T003349,SHP00814,2024-05-08 07:05:25,7.7,SEN134
T003350,SHP00815,2024-06-14 11:53:12,18.0,SEN117
T003351,SHP00815,2024-06-15 13:37:18,13.6,SEN179
T003352,SHP00815,2024-06-15 04:32:32,8.4,SEN106
T003353,SHP00815,2024-06-14 13:36:59,11.0,SEN108
T003354,SHP00815,2024-06-14 08:35:37,8.4,SEN162
T003355,SHP00816,2024-07-11 05:17:18,3.2,SEN176
T003356,SHP00816,2024-07-12 22:53:02,1.6,SEN133
T003357,SHP00816,2024-07-12 03:09:27,1.8,SEN160
T003358,SHP00816,2024-07-11 11:19:50,0.8,SEN102
T003359,SHP00816,2024-07-11 10:19:05,1.1,SEN141
T003360,SHP00817,2024-10-14 09:52:44,18.0,SEN160
T003361,SHP00817,2024-10-13 16:23:12,13.4,SEN144
T003362,SHP00817,2024-10-14 08:56:25,14.5,SEN152
T003363,SHP00817,2024-10-13 01:23:30,14.5,SEN151
T003364,SHP00817,2024-10-13 20:46:12,18.8,SEN160
T003365,SHP00818,2024-01-29 19:53:11,2.5,SEN169
T003366,SHP00818,2024-01-28 07:40:34,0.5,SEN123
T003367,SHP00819,2024-02-19 04:33:10,9.2,SEN127
T003368,SHP00819,2024-02-19 23:36:54,2.5,SEN132
T003369,SHP00819,2024-02-20 01:00:14,4.6,SEN138
T003370,SHP00820,2024-12-12 19:38:34,3.9,SEN131
T003371,SHP00820,2024-12-11 21:24:10,3.7,SEN142
T003372,SHP00821,2024-05-07 03:46:53,6.1,SEN197
T003373,SHP00821,2024-05-06 19:24:51,5.2,SEN182
T003374,SHP00821,2024-05-07 15:17:46,5.5,SEN134
T003375,SHP00821,2024-05-06 21:50:35,2.1,SEN126
T003376,SHP00821,2024-05-06 14:28:00,11.4,SEN167
T003377,SHP00821,2024-05-06 09:25:16,4.0,SEN101
T003378,SHP00822,2024-11-09 16:51:39,3.4,SEN127
T003379,SHP00822,2024-11-10 07:40:36,3.5,SEN188
T003380,SHP00822,2024-11-10 18:07:36,3.5,SEN179
T003381,SHP00823,2024-12-25 05:29:17,2.1,SEN124
T003382,SHP00823,2024-12-25 17:43:06,1.8,SEN164
T003383,SHP00823,2024-12-24 18:43:05,2.7,SEN132
T003384,SHP00824,2024-08-05 23:38:14,0.3,SEN166
T003385,SHP00824,2024-08-06 15:46:27,2.5,SEN133
T003387,SHP00825,2024-08-28 04:12:21,12.0,SEN103
T003388,SHP00825,2024-08-28 06:01:46,2.4,SEN159
T003389,SHP00825,2024-08-27 00:14:37,2.7,SEN191
T003390,SHP00825,2024-08-28 05:43:37,5.2,SEN199
T003391,SHP00825,2024-08-27 07:37:47,3.5,SEN183
T003392,SHP00825,2024-08-28 21:29:01,2.3,SEN184
T003393,SHP00826,2024-12-01 01:01:25,0.8,SEN176
T003394,SHP00826,2024-12-01 11:48:09,5.3,SEN151
T003395,SHP00826,2024-12-02 22:57:59,3.9,SEN103
T003396,SHP00826,2024-12-01 05:37:56,2.6,SEN145
T003397,SHP00826,2024-12-01 02:53:08,3.2,SEN123
T003398,SHP00826,2024-12-01 07:50:27,0.8,SEN115
T003399,SHP00827,2024-11-26 17:08:58,9.0,SEN111
T003400,SHP00827,2024-11-26 00:12:36,3.7,SEN137
T003401,SHP00827,2024-11-27 21:28:25,0.3,SEN117
T003402,SHP00828,2024-11-12 18:27:23,17.5,SEN166
T003403,SHP00828,2024-11-12 14:26:45,11.6,SEN115
T003404,SHP00829,2024-03-30 02:41:02,3.6,SEN144
T003405,SHP00829,2024-03-30 21:31:04,1.2,SEN166
T003406,SHP00830,2024-01-17 04:48:00,3.3,SEN126
T003407,SHP00830,2024-01-17 11:55:35,2.1,SEN134
T003408,SHP00830,2024-01-17 08:38:08,6.6,SEN130
T003409,SHP00830,2024-01-17 17:11:06,0.4,SEN168
T003410,SHP00831,2024-03-23 09:00:50,-15.4,SEN165
T003411,SHP00831,2024-03-23 13:10:31,-11.5,SEN116
T003412,SHP00831,2024-03-23 04:43:35,-15.4,SEN143
T003413,SHP00832,2024-10-06 22:25:04,6.9,SEN153
T003414,SHP00832,2024-10-07 07:44:47,10.3,SEN110
T003415,SHP00832,2024-10-06 01:58:08,1.4,SEN106
T003416,SHP00833,2024-07-02 10:52:57,1.7,SEN179
T003417,SHP00833,2024-07-02 11:36:12,1.2,SEN158
T003418,SHP00833,2024-07-01 16:15:07,2.7,SEN190
T003419,SHP00833,2024-07-01 13:31:22,8.1,SEN194
T003420,SHP00833,2024-07-01 15:36:58,2.9,SEN103
T003421,SHP00833,2024-07-01 12:15:17,0.5,SEN152
T003422,SHP00834,2024-03-01 01:17:04,3.7,SEN152
T003423,SHP00834,2024-03-02 13:37:30,1.4,SEN176
T003424,SHP00834,2024-03-01 10:05:45,3.1,SEN142
T003425,SHP00834,2024-03-01 02:58:34,0.3,SEN196
T003426,SHP00835,2024-03-22 13:14:46,1.8,SEN138
T003427,SHP00835,2024-03-22 06:07:26,3.3,SEN163
T003428,SHP00835,2024-03-21 08:38:10,2.3,SEN136
T003429,SHP00836,2024-05-14 07:07:20,4.1,SEN136
T003430,SHP00836,2024-05-14 11:55:09,5.2,SEN176
T003431,SHP00837,2024-09-09 02:58:55,-0.9,SEN136
T003432,SHP00837,2024-09-10 04:47:33,9.1,SEN136
T003433,SHP00837,2024-09-10 09:01:24,-0.1,SEN153
T003434,SHP00837,2024-09-10 10:32:31,-0.2,SEN113
T003435,SHP00837,2024-09-10 08:31:54,-0.6,SEN143
T003436,SHP00838,2024-03-07 07:23:37,4.0,SEN146
T003437,SHP00838,2024-03-07 01:26:01,3.4,SEN121
T003438,SHP00838,2024-03-07 12:38:54,9.4,SEN193
T003439,SHP00838,2024-03-07 05:56:54,9.0,SEN119
T003440,SHP00838,2024-03-07 23:33:33,13.9,SEN186
T003441,SHP00839,2024-04-10 03:00:43,2.4,SEN136
T003442,SHP00839,2024-04-11 09:17:04,11.6,SEN125
T003443,SHP00839,2024-04-11 20:35:11,3.0,SEN106
T003444,SHP00839,2024-04-10 17:29:51,2.6,SEN171
T003445,SHP00839,2024-04-10 17:04:15,2.6,SEN143
T003446,SHP00840,2024-08-13 21:59:40,10.4,SEN154
T003448,SHP00840,2024-08-12 23:12:55,11.4,SEN197
T003449,SHP00840,2024-08-13 02:54:12,2.0,SEN178
T003450,SHP00841,2024-10-02 14:34:10,6.4,SEN174
T003451,SHP00841,2024-10-02 12:26:18,2.0,SEN106
T003452,SHP00841,2024-10-01 04:15:43,0.3,SEN142
T003453,SHP00841,2024-10-02 12:45:57,2.2,SEN111
T003454,SHP00842,2024-05-05 18:45:59,0.9,SEN149
T003455,SHP00842,2024-05-06 05:34:15,10.2,SEN131
T003456,SHP00842,2024-05-05 20:10:16,9.3,SEN167
T003457,SHP00842,2024-05-06 00:50:50,3.9,SEN164
T003458,SHP00842,2024-05-05 01:10:23,2.6,SEN111
T003459,SHP00842,2024-05-06 12:35:55,1.5,SEN125
T003460,SHP00843,2024-06-04 16:22:42,0.4,SEN122
T003461,SHP00843,2024-06-03 02:19:38,1.6,SEN178
T003462,SHP00843,2024-06-04 11:12:40,2.7,SEN190
T003463,SHP00843,2024-06-03 11:39:49,2.3,SEN175
T003464,SHP00843,2024-06-04 07:57:11,3.6,SEN130
T003465,SHP00843,2024-06-04 00:54:01,2.5,SEN183
T003466,SHP00844,2024-02-11 01:21:15,2.5,SEN136
T003468,SHP00845,2024-12-23 11:55:34,7.5,SEN134
T003469,SHP00845,2024-12-24 11:28:44,10.4,SEN169
T003470,SHP00845,2024-12-23 04:26:59,2.1,SEN137
T003471,SHP00845,2024-12-23 20:52:41,3.1,SEN161
T003472,SHP00845,2024-12-23 19:49:31,2.9,SEN135
T003473,SHP00846,2024-11-08 09:19:04,4.6,SEN187
T003474,SHP00846,2024-11-09 04:45:54,12.1,SEN155
T003475,SHP00847,2024-06-28 07:15:28,-16.2,SEN166
T003476,SHP00847,2024-06-27 22:46:11,-15.9,SEN138
T003477,SHP00847,2024-06-27 14:55:58,-16.3,SEN167
T003478,SHP00847,2024-06-28 20:44:55,-17.7,SEN132
T003479,SHP00847,2024-06-28 23:10:20,-16.2,SEN172
T003480,SHP00848,2024-11-15 14:53:52,2.5,SEN142
T003481,SHP00848,2024-11-15 07:22:21,7.2,SEN125
T003482,SHP00848,2024-11-14 07:19:28,2.0,SEN148
T003483,SHP00848,2024-11-14 00:31:59,8.7,SEN171
T003485,SHP00848,2024-11-15 23:48:28,2.8,SEN166
T003487,SHP00849,2024-10-21 13:30:43,0.6,SEN118
T003488,SHP00850,2024-10-05 22:47:20,0.9,SEN182
T003489,SHP00850,2024-10-04 23:33:03,0.2,SEN123
T003490,SHP00850,2024-10-04 09:58:25,3.8,SEN162
T003491,SHP00851,2024-06-13 18:34:00,-14.6,SEN191
T003492,SHP00851,2024-06-13 23:36:47,-16.5,SEN138
T003493,SHP00851,2024-06-14 22:15:20,-15.0,SEN163
T003494,SHP00851,2024-06-13 12:44:37,-17.8,SEN142
T003495,SHP00851,2024-06-14 14:24:14,-16.8,SEN141
T003496,SHP00851,2024-06-13 19:10:15,-16.7,SEN185
T003497,SHP00852,2024-01-30 18:29:52,7.7,SEN186
T003498,SHP00852,2024-01-30 16:11:29,3.5,SEN194
T003499,SHP00852,2024-01-31 11:55:59,1.6,SEN183
T003500,SHP00852,2024-01-31 21:09:02,2.6,SEN133
T003502,SHP00853,2024-11-19 22:10:55,0.4,SEN145
T003503,SHP00853,2024-11-18 12:09:12,1.0,SEN105
T003504,SHP00854,2024-04-27 08:52:47,2.2,SEN155
T003505,SHP00854,2024-04-26 04:47:17,2.9,SEN147
T003506,SHP00855,2024-09-17 06:18:55,1.3,SEN111
T003507,SHP00855,2024-09-17 08:11:31,2.1,SEN184
T003508,SHP00855,2024-09-16 17:57:18,1.4,SEN112
T003509,SHP00856,2024-11-07 02:16:18,3.5,SEN106
T003510,SHP00856,2024-11-07 23:28:00,2.5,SEN123
T003511,SHP00856,2024-11-07 00:02:01,9.7,SEN160
T003512,SHP00857,2024-02-24 08:56:09,4.0,SEN162
T003513,SHP00857,2024-02-24 02:17:08,2.8,SEN135
T003514,SHP00857,2024-02-24 04:35:52,0.8,SEN151
T003515,SHP00857,2024-02-25 14:25:09,3.9,SEN178
T003517,SHP00858,2024-11-28 03:54:46,2.3,SEN134
T003518,SHP00858,2024-11-29 07:24:25,3.8,SEN137
T003519,SHP00859,2024-08-30 05:40:13,7.3,SEN102
T003520,SHP00859,2024-08-29 00:54:33,0.5,SEN123
T003521,SHP00859,2024-08-29 04:35:33,2.5,SEN114
T003522,SHP00859,2024-08-30 19:22:16,5.7,SEN164
T003523,SHP00859,2024-08-30 21:13:28,4.4,SEN100
T003524,SHP00859,2024-08-30 19:02:55,1.9,SEN192
T003525,SHP00860,2024-05-03 03:41:12,-0.9,SEN176
T003526,SHP00860,2024-05-04 22:57:40,9.2,SEN113
T003527,SHP00860,2024-05-03 13:48:00,0.8,SEN125
T003528,SHP00860,2024-05-04 23:55:13,2.9,SEN130
T003529,SHP00861,2024-08-03 05:15:37,1.0,SEN156
T003530,SHP00861,2024-08-02 08:37:17,3.2,SEN154
T003531,SHP00861,2024-08-02 02:04:31,1.6,SEN128
T003532,SHP00862,2024-06-10 22:27:54,1.7,SEN143
T003533,SHP00862,2024-06-09 06:59:10,0.3,SEN158
T003534,SHP00862,2024-06-09 20:12:26,0.0,SEN117
T003535,SHP00863,2024-10-11 18:47:56,3.6,SEN195
T003536,SHP00863,2024-10-10 15:04:33,3.8,SEN100
T003537,SHP00864,2024-07-01 11:55:10,6.8,SEN187
T003538,SHP00864,2024-06-30 02:00:00,8.4,SEN174
T003539,SHP00865,2024-07-01 13:05:05,3.9,SEN122
T003540,SHP00865,2024-07-01 16:46:14,3.0,SEN158
T003541,SHP00866,2024-01-04 11:33:52,0.7,SEN124
T003542,SHP00866,2024-01-05 09:25:14,0.9,SEN129
T003543,SHP00866,2024-01-04 13:05:12,3.5,SEN136
T003544,SHP00866,2024-01-05 22:28:45,2.8,SEN153
T003545,SHP00866,2024-01-05 19:01:35,3.3,SEN174
T003546,SHP00866,2024-01-04 05:11:49,0.6,SEN167
T003547,SHP00867,2024-10-15 19:00:19,1.1,SEN133
T003548,SHP00867,2024-10-15 16:02:51,2.1,SEN187
T003549,SHP00867,2024-10-15 01:10:42,0.4,SEN192
T003550,SHP00868,2024-09-23 07:19:02,3.7,SEN108
T003551,SHP00868,2024-09-23 00:12:44,2.6,SEN199
T003552,SHP00869,2024-11-06 09:08:14,2.4,SEN150
T003553,SHP00869,2024-11-06 10:45:53,9.8,SEN153
T003554,SHP00869,2024-11-06 15:09:14,1.0,SEN190
T003555,SHP00869,2024-11-06 09:17:18,9.6,SEN189
T003556,SHP00870,2024-04-10 19:11:09,3.3,SEN115
T003557,SHP00870,2024-04-09 11:11:52,4.0,SEN157
T003558,SHP00871,2024-12-28 13:44:30,0.6,SEN101
T003559,SHP00871,2024-12-27 21:09:36,10.0,SEN114
T003560,SHP00872,2024-04-24 05:52:30,2.8,SEN170
T003561,SHP00872,2024-04-23 10:45:02,10.7,SEN127
T003562,SHP00872,2024-04-24 03:08:20,9.0,SEN160
T003563,SHP00873,2024-12-28 01:52:32,3.7,SEN148
T003564,SHP00873,2024-12-28 05:02:46,2.9,SEN147
T003565,SHP00874,2024-08-29 21:41:17,0.4,SEN130
T003568,SHP00875,2024-09-09 13:10:25,8.7,SEN177
T003569,SHP00876,2024-04-02 03:32:04,2.9,SEN175
T003570,SHP00876,2024-04-02 13:48:03,3.6,SEN163
T003571,SHP00876,2024-04-03 15:11:52,2.4,SEN192
T003572,SHP00876,2024-04-03 09:48:07,1.5,SEN180
T003573,SHP00876,2024-04-02 17:02:14,4.0,SEN119
T003575,SHP00877,2024-08-17 21:08:37,4.0,SEN148
T003576,SHP00877,2024-08-16 12:31:33,6.1,SEN123
T003577,SHP00877,2024-08-17 18:16:31,9.8,SEN141
T003578,SHP00877,2024-08-17 10:37:09,4.6,SEN157
T003579,SHP00877,2024-08-16 07:41:07,4.6,SEN103
T003581,SHP00878,2024-07-30 02:56:00,4.5,SEN165
T003582,SHP00878,2024-07-29 05:38:30,4.2,SEN177
T003583,SHP00879,2024-08-15 07:10:08,-1.0,SEN175
T003584,SHP00879,2024-08-15 15:05:59,0.7,SEN108
T003585,SHP00879,2024-08-15 17:52:23,-0.9,SEN117
T003586,SHP00880,2024-11-17 01:18:51,2.7,SEN144
T003587,SHP00880,2024-11-17 08:00:53,10.4,SEN167
T003588,SHP00880,2024-11-17 16:51:16,3.3,SEN106
T003589,SHP00880,2024-11-16 22:16:44,2.7,SEN189
T003590,SHP00880,2024-11-17 22:01:28,0.5,SEN113
T003591,SHP00881,2024-10-11 13:05:58,0.9,SEN176
T003592,SHP00881,2024-10-10 01:21:08,4.4,SEN162
T003593,SHP00881,2024-10-11 22:09:51,0.9,SEN146
T003594,SHP00881,2024-10-11 08:55:14,1.4,SEN175
T003595,SHP00881,2024-10-10 16:59:48,3.2,SEN115
T003598,SHP00882,2024-07-31 05:16:15,3.1,SEN145
T003599,SHP00882,2024-07-30 05:04:49,2.0,SEN159
T003600,SHP00882,2024-07-31 10:40:44,3.5,SEN153
T003601,SHP00882,2024-07-31 01:59:03,0.8,SEN170
T003602,SHP00882,2024-07-31 10:53:34,0.5,SEN133
T003603,SHP00883,2024-04-27 23:57:28,-15.1,SEN177
T003604,SHP00883,2024-04-28 05:28:56,-15.4,SEN179
T003605,SHP00883,2024-04-28 07:25:15,-15.2,SEN139
T003606,SHP00883,2024-04-27 18:33:29,-17.3,SEN174
T003607,SHP00883,2024-04-27 08:31:02,-15.7,SEN118
T003608,SHP00883,2024-04-28 05:21:30,-8.3,SEN107
T003609,SHP00884,2024-09-16 03:44:26,9.4,SEN119
T003610,SHP00884,2024-09-16 03:42:42,4.0,SEN172
T003611,SHP00884,2024-09-15 09:04:44,4.3,SEN147
T003612,SHP00884,2024-09-16 06:06:05,2.2,SEN131
T003613,SHP00884,2024-09-15 10:24:14,9.8,SEN141
T003614,SHP00885,2024-06-09 11:25:33,2.1,SEN161
T003615,SHP00885,2024-06-09 16:28:08,0.9,SEN122
T003616,SHP00885,2024-06-08 06:30:57,0.7,SEN186
T003617,SHP00885,2024-06-08 23:33:57,2.2,SEN161
T003618,SHP00885,2024-06-09 02:48:34,0.5,SEN151
T003619,SHP00886,2024-02-17 13:56:18,8.7,SEN147
T003620,SHP00886,2024-02-18 22:43:50,0.9,SEN116
T003621,SHP00886,2024-02-17 21:08:37,0.9,SEN158
T003622,SHP00886,2024-02-18 20:46:10,1.3,SEN131
T003623,SHP00886,2024-02-18 10:37:07,1.1,SEN156
T003624,SHP00886,2024-02-18 07:07:18,3.0,SEN140
T003626,SHP00887,2024-02-25 03:47:10,3.4,SEN138
T003627,SHP00887,2024-02-26 08:07:38,3.7,SEN127
T003628,SHP00887,2024-02-25 16:47:15,1.3,SEN164
T003629,SHP00888,2024-03-27 16:52:56,3.3,SEN175
T003630,SHP00888,2024-03-27 07:34:48,5.9,SEN179
T003631,SHP00889,2024-07-29 09:01:42,3.5,SEN175
T003632,SHP00889,2024-07-30 06:53:43,2.7,SEN153
T003633,SHP00889,2024-07-29 09:27:35,3.2,SEN173
T003634,SHP00889,2024-07-30 18:42:56,3.1,SEN158
T003635,SHP00890,2024-09-12 15:34:35,8.3,SEN151
T003636,SHP00890,2024-09-13 13:09:09,1.1,SEN174
T003637,SHP00891,2024-01-08 13:43:14,0.4,SEN108
T003638,SHP00891,2024-01-07 23:21:56,0.6,SEN195
T003639,SHP00891,2024-01-07 09:15:42,1.0,SEN135
T003640,SHP00891,2024-01-08 20:11:58,5.2,SEN100
T003641,SHP00892,2024-10-08 00:14:11,10.4,SEN181
T003642,SHP00892,2024-10-08 21:01:37,2.4,SEN182
T003643,SHP00893,2024-05-29 16:40:51,8.6,SEN180
T003644,SHP00893,2024-05-29 22:36:51,9.5,SEN141
T003645,SHP00894,2024-08-31 18:36:41,3.2,SEN109
T003646,SHP00894,2024-08-30 23:58:30,1.3,SEN124
T003647,SHP00894,2024-08-30 02:33:14,1.5,SEN111
T003648,SHP00895,2024-02-19 08:58:53,3.7,SEN149
T003649,SHP00895,2024-02-18 16:02:51,3.3,SEN141
T003650,SHP00895,2024-02-18 00:09:20,4.0,SEN122
T003652,SHP00895,2024-02-19 09:23:48,9.0,SEN118
T003653,SHP00896,2024-08-07 16:09:12,-1.0,SEN110
T003654,SHP00896,2024-08-06 14:09:53,4.0,SEN135
T003655,SHP00896,2024-08-07 20:04:46,1.7,SEN179
T003656,SHP00897,2024-05-15 08:53:19,6.1,SEN192
T003657,SHP00897,2024-05-15 14:12:47,1.7,SEN131
T003658,SHP00897,2024-05-15 23:17:36,8.2,SEN106
T003659,SHP00897,2024-05-14 17:09:30,4.0,SEN150
T003660,SHP00898,2024-01-03 06:21:19,0.3,SEN194
T003661,SHP00898,2024-01-03 19:48:22,0.7,SEN121
T003662,SHP00898,2024-01-02 16:13:18,0.4,SEN108
T003663,SHP00899,2024-08-29 16:11:48,3.6,SEN132
T003664,SHP00899,2024-08-30 11:07:57,0.3,SEN142
T003665,SHP00899,2024-08-30 08:21:26,0.8,SEN155
T003666,SHP00899,2024-08-29 00:35:31,2.9,SEN166
T003667,SHP00899,2024-08-30 14:24:21,3.8,SEN108
T003668,SHP00900,2024-02-11 18:12:17,9.6,SEN170
T003669,SHP00900,2024-02-10 04:44:50,2.6,SEN147
T003670,SHP00900,2024-02-11 03:09:33,2.2,SEN190
T003671,SHP00900,2024-02-10 14:35:34,3.0,SEN122
T003672,SHP00901,2024-08-10 05:34:29,0.8,SEN187
T003673,SHP00901,2024-08-11 03:22:50,-0.2,SEN177
T003674,SHP00901,2024-08-10 05:17:15,-0.7,SEN100
T003675,SHP00902,2024-04-01 17:22:01,2.1,SEN190
T003676,SHP00902,2024-04-01 09:05:56,2.3,SEN115
T003677,SHP00903,2024-05-19 07:23:02,7.3,SEN115
T003678,SHP00903,2024-05-19 01:27:55,10.6,SEN157
T003679,SHP00903,2024-05-19 02:28:43,0.2,SEN164
T003680,SHP00903,2024-05-19 20:55:13,2.8,SEN164
T003682,SHP00904,2024-11-20 02:02:17,2.1,SEN159
T003683,SHP00904,2024-11-19 05:58:55,3.6,SEN184
T003684,SHP00904,2024-11-19 15:41:36,3.8,SEN177
T003686,SHP00904,2024-11-20 23:48:53,3.2,SEN140
T003687,SHP00905,2024-03-09 02:52:04,9.8,SEN103
T003688,SHP00905,2024-03-08 02:57:30,4.8,SEN140
T003689,SHP00905,2024-03-08 17:14:47,5.7,SEN168
T003690,SHP00906,2024-01-09 08:47:07,5.9,SEN132
T003692,SHP00906,2024-01-10 20:12:52,11.0,SEN150
T003694,SHP00907,2024-09-13 00:28:52,3.6,SEN117
T003695,SHP00907,2024-09-14 22:26:28,3.9,SEN132
T003696,SHP00908,2024-10-15 14:23:32,2.8,SEN157
T003697,SHP00908,2024-10-15 13:05:32,2.1,SEN179
T003698,SHP00908,2024-10-15 23:39:25,5.6,SEN184
T003699,SHP00909,2024-11-17 09:53:30,7.9,SEN154
T003700,SHP00909,2024-11-16 14:30:51,3.6,SEN169
T003701,SHP00909,2024-11-16 23:57:42,3.6,SEN117
T003702,SHP00909,2024-11-16 16:13:33,1.8,SEN137
T003703,SHP00909,2024-11-16 11:34:22,4.4,SEN127
T003704,SHP00909,2024-11-16 17:46:40,3.5,SEN109
T003705,SHP00910,2024-01-29 12:12:27,3.3,SEN191
T003706,SHP00910,2024-01-28 06:56:33,11.7,SEN159
T003707,SHP00911,2024-08-13 16:37:30,-17.5,SEN108
T003708,SHP00911,2024-08-14 23:27:42,-15.6,SEN175
T003709,SHP00911,2024-08-13 23:17:56,-16.2,SEN155
T003710,SHP00912,2024-03-20 08:53:36,2.6,SEN171
T003711,SHP00912,2024-03-20 08:07:28,3.6,SEN165
T003712,SHP00912,2024-03-21 07:06:32,3.8,SEN185
T003713,SHP00913,2024-09-20 07:14:37,7.7,SEN166
T003714,SHP00913,2024-09-20 11:24:16,3.5,SEN105
T003715,SHP00913,2024-09-19 11:08:52,2.6,SEN158
T003716,SHP00914,2024-12-03 17:37:34,2.5,SEN130
T003717,SHP00914,2024-12-03 20:27:58,0.3,SEN174
T003718,SHP00914,2024-12-04 07:14:18,2.7,SEN140
T003719,SHP00915,2024-06-05 02:44:14,3.9,SEN100
T003720,SHP00915,2024-06-06 23:50:22,13.9,SEN100
T003721,SHP00915,2024-06-06 10:42:51,3.5,SEN170
T003722,SHP00916,2024-06-22 05:15:08,1.0,SEN151
T003723,SHP00916,2024-06-21 18:08:18,0.0,SEN153
T003724,SHP00916,2024-06-22 12:53:50,0.2,SEN130
T003725,SHP00916,2024-06-21 15:37:01,-1.0,SEN174
T003726,SHP00917,2024-03-24 12:20:44,3.1,SEN135
T003727,SHP00917,2024-03-24 08:13:23,1.1,SEN147
T003728,SHP00917,2024-03-24 09:24:53,1.3,SEN124
T003729,SHP00917,2024-03-25 05:23:31,3.0,SEN144
T003730,SHP00918,2024-01-29 07:39:12,1.7,SEN145
T003731,SHP00918,2024-01-29 20:20:39,3.0,SEN112
T003732,SHP00918,2024-01-28 14:48:49,1.6,SEN113
T003733,SHP00918,2024-01-29 14:43:15,3.9,SEN154
T003734,SHP00919,2024-04-05 05:03:34,-16.9,SEN142
T003735,SHP00919,2024-04-04 23:34:45,-17.2,SEN163
T003736,SHP00919,2024-04-04 06:45:07,-7.8,SEN133
T003737,SHP00920,2024-04-19 16:28:38,2.8,SEN159
T003738,SHP00920,2024-04-19 23:39:58,11.7,SEN125
T003739,SHP00920,2024-04-18 08:16:46,10.6,SEN181
T003740,SHP00921,2024-12-11 21:11:04,0.5,SEN167
T003741,SHP00921,2024-12-12 03:22:11,7.2,SEN129
T003742,SHP00921,2024-12-12 08:23:16,1.6,SEN194
T003743,SHP00921,2024-12-12 18:06:41,1.2,SEN115
T003744,SHP00921,2024-12-12 11:57:42,-0.5,SEN174
T003745,SHP00921,2024-12-11 23:54:21,1.3,SEN127
T003746,SHP00922,2024-06-24 21:47:26,2.4,SEN130
T003748,SHP00923,2024-06-22 02:35:03,-15.1,SEN155
T003749,SHP00923,2024-06-23 22:36:42,-17.0,SEN133
T003750,SHP00923,2024-06-22 11:16:26,-17.9,SEN168
T003751,SHP00923,2024-06-22 11:41:08,-15.6,SEN153
T003752,SHP00923,2024-06-23 10:19:57,-15.1,SEN186
T003753,SHP00923,2024-06-22 03:15:02,-17.9,SEN119
T003754,SHP00924,2024-02-25 02:06:38,1.0,SEN157
T003755,SHP00924,2024-02-25 22:40:50,2.1,SEN108
T003756,SHP00924,2024-02-25 01:34:55,2.2,SEN182
T003757,SHP00924,2024-02-25 12:27:19,5.5,SEN136
T003758,SHP00925,2024-09-06 19:54:30,1.9,SEN101
T003759,SHP00925,2024-09-05 00:59:19,0.5,SEN124
T003760,SHP00925,2024-09-05 12:16:44,2.7,SEN192
T003761,SHP00925,2024-09-05 05:00:53,1.2,SEN152
T003762,SHP00925,2024-09-06 14:37:47,3.5,SEN137
T003763,SHP00925,2024-09-05 00:34:31,4.0,SEN137
T003764,SHP00926,2024-09-30 17:35:11,0.9,SEN195
T003765,SHP00926,2024-09-30 02:16:17,1.2,SEN160
T003766,SHP00927,2024-09-20 11:08:13,8.5,SEN145
T003767,SHP00927,2024-09-21 09:14:15,11.4,SEN116
T003768,SHP00927,2024-09-21 14:09:20,10.0,SEN109
T003769,SHP00928,2024-08-06 12:24:29,8.8,SEN174
T003770,SHP00928,2024-08-06 19:29:55,2.9,SEN158
T003771,SHP00928,2024-08-05 21:01:18,1.9,SEN147
T003772,SHP00928,2024-08-05 23:03:30,5.7,SEN184
T003773,SHP00928,2024-08-06 05:06:38,3.2,SEN110
T003774,SHP00928,2024-08-06 05:30:24,2.3,SEN182
T003775,SHP00929,2024-07-01 10:47:29,3.0,SEN135
T003776,SHP00929,2024-07-01 15:18:57,3.2,SEN194
T003777,SHP00929,2024-07-02 14:48:26,3.9,SEN110
T003778,SHP00930,2024-12-18 05:26:47,3.8,SEN171
T003779,SHP00930,2024-12-19 22:10:06,2.2,SEN174
T003780,SHP00930,2024-12-19 10:56:23,1.3,SEN105
T003781,SHP00930,2024-12-18 05:07:59,0.9,SEN162
T003782,SHP00930,2024-12-19 05:45:04,6.1,SEN172
T003783,SHP00931,2024-11-22 15:36:50,8.3,SEN184
T003784,SHP00931,2024-11-22 17:21:41,0.6,SEN135
T003785,SHP00932,2024-08-10 04:00:33,1.3,SEN157
T003786,SHP00932,2024-08-09 12:04:47,0.7,SEN152
T003787,SHP00932,2024-08-09 20:10:58,-0.1,SEN158
T003788,SHP00932,2024-08-10 11:27:58,1.9,SEN181
T003789,SHP00933,2024-08-12 02:49:41,5.6,SEN135
T003790,SHP00933,2024-08-11 16:37:31,2.7,SEN187
T003791,SHP00934,2024-01-11 08:20:27,3.5,SEN134
T003792,SHP00934,2024-01-10 01:43:42,3.5,SEN197
T003794,SHP00934,2024-01-11 22:26:56,2.9,SEN167
T003796,SHP00935,2024-11-09 06:30:01,1.7,SEN113
T003797,SHP00935,2024-11-09 01:51:27,2.3,SEN199
T003798,SHP00935,2024-11-10 20:25:37,1.0,SEN102
T003799,SHP00935,2024-11-09 23:44:07,6.9,SEN108
T003801,SHP00936,2024-06-13 09:15:24,3.0,SEN135
T003802,SHP00936,2024-06-13 21:43:23,3.8,SEN139
T003803,SHP00936,2024-06-12 03:55:38,2.8,SEN153
T003804,SHP00936,2024-06-13 22:04:35,2.5,SEN116
T003805,SHP00936,2024-06-13 21:27:59,6.4,SEN163
T003806,SHP00937,2024-09-06 19:53:33,10.3,SEN110
T003807,SHP00937,2024-09-06 05:38:18,8.1,SEN159
T003808,SHP00938,2024-11-15 07:32:14,5.8,SEN159
T003809,SHP00938,2024-11-16 07:39:41,9.5,SEN128
T003810,SHP00938,2024-11-15 11:43:30,4.2,SEN139
T003811,SHP00938,2024-11-16 13:05:18,9.3,SEN172
T003813,SHP00939,2024-07-13 12:13:42,9.4,SEN181
T003814,SHP00939,2024-07-13 22:06:15,6.1,SEN165
T003816,SHP00939,2024-07-13 04:18:52,8.0,SEN118
T003817,SHP00939,2024-07-12 07:43:13,3.4,SEN159
T003818,SHP00939,2024-07-12 05:49:05,3.4,SEN187
T003819,SHP00940,2024-06-30 12:51:16,2.0,SEN136
T003820,SHP00940,2024-06-30 15:04:31,1.0,SEN145
T003821,SHP00940,2024-06-29 04:39:03,3.3,SEN115
T003822,SHP00941,2024-09-30 19:04:54,0.8,SEN160
T003823,SHP00941,2024-09-29 11:37:03,-0.3,SEN197
T003824,SHP00941,2024-09-30 16:27:28,-0.4,SEN145
T003825,SHP00942,2024-06-20 01:21:36,7.8,SEN188
T003826,SHP00942,2024-06-20 15:07:46,2.8,SEN183
T003827,SHP00942,2024-06-20 03:30:21,2.4,SEN143
T003828,SHP00942,2024-06-20 05:27:00,3.3,SEN103
T003829,SHP00942,2024-06-20 00:33:21,2.1,SEN113
T003830,SHP00943,2024-03-11 09:47:14,3.3,SEN104
T003831,SHP00943,2024-03-11 03:37:06,2.3,SEN186
T003832,SHP00943,2024-03-12 17:30:04,2.3,SEN156
T003833,SHP00944,2024-01-12 09:36:28,1.5,SEN133
T003834,SHP00944,2024-01-12 20:22:19,1.3,SEN115
T003835,SHP00944,2024-01-13 08:54:00,4.9,SEN185
T003836,SHP00945,2024-04-12 12:57:59,2.4,SEN118
T003837,SHP00945,2024-04-13 01:37:44,2.8,SEN142
T003838,SHP00945,2024-04-13 13:09:03,1.8,SEN140
T003839,SHP00945,2024-04-13 01:26:18,0.6,SEN192
T003840,SHP00945,2024-04-13 01:37:30,1.5,SEN134
T003841,SHP00945,2024-04-13 16:54:02,8.6,SEN139
T003842,SHP00946,2024-11-24 09:21:10,0.8,SEN171
T003843,SHP00946,2024-11-24 16:41:42,0.9,SEN107
T003845,SHP00947,2024-09-24 00:51:28,5.4,SEN143
T003846,SHP00947,2024-09-23 15:10:31,3.6,SEN163
T003847,SHP00948,2024-09-04 18:48:10,2.7,SEN157
T003848,SHP00948,2024-09-04 13:50:29,6.9,SEN137
T003849,SHP00948,2024-09-03 13:27:50,6.9,SEN189
T003850,SHP00948,2024-09-03 12:08:57,2.0,SEN199
T003851,SHP00948,2024-09-03 12:41:53,8.5,SEN175
T003852,SHP00948,2024-09-03 13:33:03,1.2,SEN106
T003853,SHP00949,2024-03-05 01:32:22,1.5,SEN165
T003854,SHP00949,2024-03-05 02:13:26,7.1,SEN116
T003855,SHP00950,2024-05-15 09:58:43,1.5,SEN159
T003856,SHP00950,2024-05-16 15:08:51,3.1,SEN171
T003857,SHP00950,2024-05-15 13:55:55,2.6,SEN148
T003858,SHP00950,2024-05-15 05:49:17,0.4,SEN132
T003859,SHP00950,2024-05-15 17:18:07,0.6,SEN145
T003860,SHP00951,2024-08-19 12:16:19,0.2,SEN107
T003861,SHP00951,2024-08-19 17:00:46,4.0,SEN128
T003862,SHP00951,2024-08-18 12:08:16,2.5,SEN103
T003863,SHP00952,2024-03-22 06:31:53,-16.8,SEN185
T003865,SHP00952,2024-03-23 13:08:41,-15.9,SEN127
T003866,SHP00952,2024-03-23 15:36:40,-17.8,SEN195
T003867,SHP00952,2024-03-23 04:03:19,-15.9,SEN131
T003868,SHP00953,2024-04-19 21:29:28,0.6,SEN119
T003869,SHP00953,2024-04-18 07:27:14,0.7,SEN131
T003870,SHP00953,2024-04-18 23:58:12,1.4,SEN133
T003871,SHP00953,2024-04-18 16:08:02,1.2,SEN139
T003872,SHP00953,2024-04-18 17:00:30,1.2,SEN179
T003873,SHP00953,2024-04-19 00:20:22,0.4,SEN114
T003874,SHP00954,2024-09-13 05:14:28,0.8,SEN190
T003875,SHP00954,2024-09-14 17:25:55,9.4,SEN118
T003876,SHP00954,2024-09-13 10:58:18,0.4,SEN118
T003877,SHP00955,2024-06-08 04:47:08,7.3,SEN126
T003878,SHP00955,2024-06-07 06:12:30,4.7,SEN149
T003879,SHP00955,2024-06-08 15:09:13,3.6,SEN190
T003880,SHP00955,2024-06-08 22:58:03,4.7,SEN135
T003881,SHP00956,2024-04-13 03:52:36,1.5,SEN170
T003882,SHP00956,2024-04-14 21:56:09,2.0,SEN102
T003883,SHP00956,2024-04-14 09:57:09,3.8,SEN116
T003884,SHP00956,2024-04-13 01:49:02,2.4,SEN199
T003885,SHP00956,2024-04-13 16:14:54,2.7,SEN145
T003886,SHP00957,2024-01-30 22:54:37,11.5,SEN117
T003887,SHP00957,2024-01-29 20:09:35,3.7,SEN161
T003888,SHP00957,2024-01-30 05:59:51,5.5,SEN140
T003889,SHP00958,2024-10-10 15:21:22,3.5,SEN158
T003890,SHP00958,2024-10-10 10:20:30,3.6,SEN166
T003892,SHP00958,2024-10-10 22:00:31,2.2,SEN115
T003893,SHP00959,2024-10-24 23:30:23,1.5,SEN196
T003894,SHP00959,2024-10-25 18:54:49,1.0,SEN180
T003896,SHP00960,2024-10-05 13:55:24,1.5,SEN143
T003897,SHP00960,2024-10-04 17:20:14,2.0,SEN145
T003898,SHP00960,2024-10-04 01:15:52,0.4,SEN123
T003899,SHP00961,2024-11-21 03:08:37,2.2,SEN158
T003900,SHP00961,2024-11-22 03:16:49,2.7,SEN146
T003901,SHP00962,2024-09-29 11:10:51,-17.4,SEN157
T003902,SHP00962,2024-09-29 05:03:41,-7.8,SEN116
T003903,SHP00963,2024-03-25 21:25:55,0.8,SEN110
T003904,SHP00963,2024-03-24 02:28:48,2.1,SEN198
T003905,SHP00963,2024-03-25 08:09:08,2.8,SEN147
T003906,SHP00963,2024-03-25 09:26:33,3.3,SEN167
T003907,SHP00963,2024-03-24 00:53:23,2.2,SEN177
T003908,SHP00963,2024-03-24 01:19:15,0.6,SEN183
T003909,SHP00964,2024-04-29 12:09:08,0.6,SEN166
T003910,SHP00964,2024-04-28 13:24:18,3.0,SEN123
T003911,SHP00964,2024-04-29 09:35:04,4.0,SEN172
T003912,SHP00964,2024-04-28 11:15:34,0.2,SEN109
T003913,SHP00964,2024-04-29 19:31:58,10.5,SEN179
T003914,SHP00965,2024-04-08 05:31:09,3.8,SEN146
T003915,SHP00965,2024-04-08 09:29:22,2.5,SEN125
T003916,SHP00965,2024-04-09 01:14:13,3.7,SEN107
T003917,SHP00965,2024-04-09 18:31:38,10.9,SEN136
T003920,SHP00966,2024-08-30 02:13:13,0.5,SEN163
T003921,SHP00966,2024-08-30 13:30:20,0.5,SEN141
T003922,SHP00967,2024-07-26 23:33:46,13.7,SEN175
T003923,SHP00967,2024-07-25 14:34:32,14.5,SEN105
T003924,SHP00967,2024-07-25 21:00:41,14.7,SEN131
T003925,SHP00967,2024-07-26 08:30:12,14.2,SEN116
T003926,SHP00968,2024-07-10 16:16:39,0.3,SEN169
T003927,SHP00968,2024-07-11 09:06:37,4.3,SEN105
T003928,SHP00968,2024-07-10 10:50:46,1.9,SEN170
T003929,SHP00968,2024-07-11 19:50:19,1.0,SEN187
T003931,SHP00969,2024-03-24 07:47:42,3.5,SEN137
T003932,SHP00969,2024-03-24 03:33:06,2.8,SEN136
T003933,SHP00970,2024-11-07 21:28:51,3.5,SEN196
T003934,SHP00970,2024-11-07 22:29:43,7.6,SEN156
T003935,SHP00971,2024-07-31 18:05:47,10.5,SEN153
T003936,SHP00971,2024-07-31 17:30:52,4.9,SEN189
T003937,SHP00971,2024-07-31 01:34:44,13.6,SEN157
T003938,SHP00971,2024-07-31 12:04:08,2.3,SEN106
T003939,SHP00971,2024-07-30 20:57:51,5.2,SEN182
T003940,SHP00971,2024-07-31 21:34:53,3.7,SEN164
T003941,SHP00972,2024-05-29 21:36:02,1.0,SEN178
T003942,SHP00972,2024-05-29 22:41:24,3.7,SEN109
T003944,SHP00972,2024-05-30 08:26:16,-0.2,SEN176
T003945,SHP00972,2024-05-30 18:54:17,-0.6,SEN131
T003946,SHP00973,2024-06-13 00:07:53,1.1,SEN105
T003947,SHP00973,2024-06-13 18:40:15,2.4,SEN108
T003948,SHP00973,2024-06-13 17:55:01,10.7,SEN174
T003949,SHP00973,2024-06-14 09:28:03,1.7,SEN175
T003950,SHP00973,2024-06-14 22:35:47,0.2,SEN199
T003951,SHP00974,2024-01-25 07:38:01,3.8,SEN126
T003953,SHP00974,2024-01-25 08:51:37,1.9,SEN109
T003954,SHP00975,2024-06-20 02:31:23,4.0,SEN143
T003955,SHP00975,2024-06-20 03:39:11,2.0,SEN175
T003956,SHP00975,2024-06-20 09:52:14,0.9,SEN123
T003957,SHP00976,2024-04-07 00:19:53,7.0,SEN169
T003958,SHP00976,2024-04-08 18:01:19,10.8,SEN142
T003959,SHP00976,2024-04-07 10:13:01,10.5,SEN183
T003960,SHP00976,2024-04-07 09:51:57,2.8,SEN125
T003961,SHP00977,2024-09-27 11:48:09,11.6,SEN181
T003962,SHP00977,2024-09-27 06:00:01,10.6,SEN165
T003963,SHP00977,2024-09-28 01:43:59,10.9,SEN178
T003964,SHP00977,2024-09-28 17:14:15,16.8,SEN192
T003965,SHP00978,2024-05-12 23:55:12,2.2,SEN105
T003966,SHP00978,2024-05-12 13:04:23,-0.9,SEN148
T003967,SHP00978,2024-05-12 11:30:05,-0.2,SEN156
T003968,SHP00978,2024-05-12 13:20:00,-0.8,SEN175
T003969,SHP00978,2024-05-12 23:26:01,1.6,SEN139
T003970,SHP00979,2024-03-16 03:57:27,10.2,SEN193
T003971,SHP00979,2024-03-16 18:18:56,11.4,SEN164
T003972,SHP00979,2024-03-16 08:57:00,15.7,SEN110
T003973,SHP00979,2024-03-17 09:58:40,19.1,SEN138
T003974,SHP00980,2024-04-16 17:59:00,-0.2,SEN164
T003975,SHP00980,2024-04-16 07:09:48,-0.6,SEN197
T003976,SHP00981,2024-04-16 13:09:16,1.2,SEN162
T003977,SHP00981,2024-04-17 06:07:58,3.5,SEN132
T003978,SHP00981,2024-04-17 00:08:57,2.9,SEN160
T003979,SHP00981,2024-04-16 12:23:43,0.8,SEN173
T003980,SHP00981,2024-04-16 06:32:41,2.5,SEN191
T003981,SHP00981,2024-04-17 16:03:21,3.5,SEN167
T003982,SHP00982,2024-03-24 01:08:34,10.3,SEN159
T003983,SHP00982,2024-03-25 17:20:09,8.5,SEN117
T003984,SHP00982,2024-03-25 10:28:55,8.0,SEN165
T003985,SHP00983,2024-05-10 21:45:43,6.8,SEN161
T003986,SHP00983,2024-05-11 08:00:15,3.3,SEN114
T003987,SHP00983,2024-05-11 09:23:42,1.9,SEN149
T003988,SHP00983,2024-05-11 02:18:24,1.3,SEN129
T003989,SHP00984,2024-12-26 08:54:35,13.2,SEN194
T003990,SHP00984,2024-12-25 19:13:56,13.9,SEN185
T003992,SHP00984,2024-12-26 17:20:37,13.8,SEN161
T003994,SHP00984,2024-12-26 20:33:34,14.3,SEN182
T003995,SHP00985,2024-01-06 18:15:44,1.2,SEN123
T003996,SHP00985,2024-01-05 13:48:03,1.5,SEN179
T003997,SHP00985,2024-01-05 06:26:57,2.0,SEN171
T003998,SHP00986,2024-09-22 17:18:30,13.3,SEN194
T003999,SHP00986,2024-09-22 20:41:38,13.3,SEN187
T004000,SHP00986,2024-09-22 01:56:54,13.7,SEN177
T004001,SHP00986,2024-09-22 22:26:09,14.7,SEN186
T004002,SHP00986,2024-09-23 13:41:09,14.1,SEN135
T004003,SHP00986,2024-09-22 22:59:23,13.8,SEN139
T004004,SHP00987,2024-07-11 04:02:22,-11.5,SEN131
T004005,SHP00987,2024-07-10 12:19:59,-15.4,SEN107
T004006,SHP00987,2024-07-10 09:06:57,-16.4,SEN172
T004007,SHP00987,2024-07-11 15:23:53,-13.1,SEN110
T004008,SHP00987,2024-07-11 17:42:18,-17.7,SEN133
T004009,SHP00988,2024-11-03 01:31:31,2.5,SEN143
T004010,SHP00988,2024-11-02 06:24:16,2.6,SEN137
T004011,SHP00989,2024-10-01 16:29:34,1.6,SEN135
T004012,SHP00989,2024-10-02 20:56:50,2.4,SEN144
T004013,SHP00989,2024-10-01 10:08:01,3.8,SEN109
T004015,SHP00990,2024-09-10 07:31:23,3.7,SEN142
T004016,SHP00990,2024-09-09 20:21:44,1.6,SEN179
T004017,SHP00990,2024-09-10 07:32:18,3.5,SEN126
T004018,SHP00990,2024-09-10 14:40:10,8.3,SEN145
T004019,SHP00990,2024-09-09 20:59:36,3.0,SEN132
T004020,SHP00990,2024-09-10 20:19:27,2.6,SEN141
T004021,SHP00991,2024-02-24 04:48:01,9.5,SEN195
T004022,SHP00991,2024-02-24 15:28:01,0.4,SEN194
T004023,SHP00991,2024-02-23 20:22:45,1.1,SEN177
T004024,SHP00991,2024-02-24 09:46:36,1.9,SEN121
T004025,SHP00991,2024-02-24 18:29:44,1.6,SEN168
T004026,SHP00992,2024-08-04 17:22:14,0.6,SEN114
T004027,SHP00992,2024-08-04 09:10:46,0.8,SEN161
T004028,SHP00992,2024-08-05 18:32:57,1.5,SEN106
T004029,SHP00992,2024-08-04 06:17:36,1.6,SEN163
T004030,SHP00993,2024-01-19 13:45:29,2.1,SEN179
T004031,SHP00993,2024-01-19 08:27:09,3.4,SEN116
T004032,SHP00994,2024-05-14 21:48:05,3.8,SEN112
T004033,SHP00994,2024-05-15 17:18:06,5.0,SEN146
T004034,SHP00995,2024-06-25 19:09:13,2.5,SEN193
T004035,SHP00995,2024-06-24 14:37:40,5.4,SEN192
T004036,SHP00996,2024-05-31 01:42:40,2.7,SEN150
T004037,SHP00996,2024-06-01 06:20:38,3.6,SEN130
T004038,SHP00996,2024-05-31 16:56:05,5.9,SEN166
T004039,SHP00996,2024-05-31 06:18:39,2.8,SEN116
T004040,SHP00997,2024-07-01 21:48:41,2.2,SEN101
T004041,SHP00997,2024-06-30 15:03:58,2.6,SEN176
T004042,SHP00997,2024-06-30 03:08:46,10.7,SEN135
T004043,SHP00997,2024-07-01 18:26:20,4.5,SEN167
T004044,SHP00998,2024-03-22 02:21:53,3.8,SEN135
T004045,SHP00998,2024-03-23 11:47:24,3.0,SEN127
T004046,SHP00998,2024-03-22 08:50:11,1.0,SEN106
T004047,SHP00998,2024-03-23 18:20:04,9.1,SEN177
T004048,SHP00999,2024-07-24 00:11:15,1.1,SEN125
T004049,SHP00999,2024-07-24 00:34:37,3.6,SEN161
T004050,SHP00999,2024-07-24 11:18:33,2.2,SEN142
T004051,SHP00999,2024-07-25 20:34:24,1.0,SEN196
T004052,SHP00999,2024-07-25 06:52:02,7.8,SEN162
T004053,SHP01000,2024-06-08 19:05:46,-0.2,SEN156
T004054,SHP01000,2024-06-09 21:27:23,0.1,SEN143
T004055,SHP01000,2024-06-08 05:07:24,0.7,SEN159
T004057,SHP01000,2024-06-09 08:48:01,0.0,SEN174
T004058,SHP01001,2024-03-23 17:45:29,8.6,SEN177
T004059,SHP01001,2024-03-22 02:26:53,1.9,SEN117
T004061,SHP01002,2024-08-16 16:59:32,9.0,SEN181
T004062,SHP01002,2024-08-15 07:33:52,8.2,SEN179
T004064,SHP01003,2024-03-04 21:25:48,1.2,SEN124
T004065,SHP01003,2024-03-05 03:07:07,3.5,SEN116
T004066,SHP01003,2024-03-04 02:04:59,2.4,SEN157
T004067,SHP01003,2024-03-04 05:15:46,9.5,SEN156
T004068,SHP01003,2024-03-05 09:26:50,1.0,SEN146
T004069,SHP01004,2024-08-27 21:32:55,1.8,SEN123
T004070,SHP01004,2024-08-26 20:13:41,1.2,SEN186
T004071,SHP01004,2024-08-27 15:59:42,-0.5,SEN190
T004072,SHP01004,2024-08-27 08:18:10,1.0,SEN176
T004073,SHP01005,2024-07-05 16:02:22,2.9,SEN124
T004074,SHP01005,2024-07-04 18:49:48,3.5,SEN137
T004075,SHP01006,2024-09-18 13:21:02,-0.5,SEN153
T004076,SHP01006,2024-09-17 07:30:10,-0.2,SEN197
T004078,SHP01006,2024-09-18 20:09:09,-0.5,SEN156
T004079,SHP01007,2024-12-28 07:32:45,13.5,SEN165
T004080,SHP01007,2024-12-29 19:19:04,14.3,SEN157
T004081,SHP01007,2024-12-28 23:09:19,17.6,SEN107
T004082,SHP01007,2024-12-29 01:56:22,13.4,SEN147
T004083,SHP01007,2024-12-29 04:13:26,13.0,SEN107
T004084,SHP01008,2024-03-01 16:25:16,5.9,SEN193
T004085,SHP01008,2024-03-01 22:50:25,11.2,SEN157
T004086,SHP01008,2024-03-01 17:44:40,8.3,SEN152
T004087,SHP01008,2024-03-02 07:35:14,2.7,SEN159
T004088,SHP01008,2024-03-01 13:09:44,3.0,SEN153
T004089,SHP01009,2024-07-24 15:21:43,10.8,SEN145
T004090,SHP01009,2024-07-24 08:10:02,11.9,SEN167
T004091,SHP01009,2024-07-23 03:07:22,11.3,SEN137
T004092,SHP01010,2024-08-21 22:20:45,13.7,SEN163
T004093,SHP01010,2024-08-22 12:18:08,14.9,SEN165
T004094,SHP01010,2024-08-22 16:28:12,14.6,SEN163
T004095,SHP01010,2024-08-21 17:13:50,14.3,SEN172
T004096,SHP01010,2024-08-21 15:42:21,14.2,SEN152
T004097,SHP01011,2024-10-13 20:14:03,1.8,SEN129
T004098,SHP01011,2024-10-12 15:06:33,0.3,SEN123
T004099,SHP01012,2024-04-27 00:45:36,9.9,SEN181
T004100,SHP01012,2024-04-26 07:40:05,0.0,SEN116
T004101,SHP01012,2024-04-26 16:14:54,2.9,SEN161
T004102,SHP01012,2024-04-27 16:16:50,9.1,SEN125
T004103,SHP01012,2024-04-26 23:15:51,0.5,SEN152
T004104,SHP01012,2024-04-26 06:54:29,0.3,SEN154
T004105,SHP01013,2024-08-13 16:37:12,0.7,SEN105
T004106,SHP01013,2024-08-12 23:21:39,0.9,SEN122
T004107,SHP01013,2024-08-12 00:46:29,0.6,SEN199
T004108,SHP01013,2024-08-12 07:07:58,2.6,SEN185
T004109,SHP01014,2024-04-02 06:37:19,-17.5,SEN104
T004110,SHP01014,2024-04-02 08:01:05,-15.0,SEN139
T004111,SHP01014,2024-04-02 02:44:08,-15.3,SEN103
T004112,SHP01015,2024-03-10 08:02:43,9.4,SEN142
T004113,SHP01015,2024-03-10 02:11:49,0.2,SEN168
T004115,SHP01015,2024-03-10 08:58:40,7.2,SEN103
T004116,SHP01015,2024-03-10 00:16:38,3.9,SEN139
T004117,SHP01016,2024-03-20 18:06:34,4.0,SEN139
T004118,SHP01016,2024-03-21 20:36:20,2.4,SEN100
T004119,SHP01016,2024-03-20 14:50:46,3.1,SEN166
T004120,SHP01016,2024-03-21 08:44:57,2.3,SEN145
T004121,SHP01017,2024-11-09 08:40:36,-17.0,SEN181
T004122,SHP01017,2024-11-10 14:03:08,-16.3,SEN148
T004123,SHP01018,2024-05-13 10:06:51,11.4,SEN199
T004124,SHP01018,2024-05-14 15:06:05,9.8,SEN162
T004125,SHP01018,2024-05-14 10:27:22,11.8,SEN152
T004126,SHP01018,2024-05-14 05:04:31,18.6,SEN121
T004127,SHP01018,2024-05-14 08:44:13,8.2,SEN159
T004128,SHP01019,2024-12-25 11:33:58,2.7,SEN181
T004129,SHP01019,2024-12-25 20:39:37,3.5,SEN150
T004130,SHP01019,2024-12-26 20:59:32,1.4,SEN138
T004131,SHP01020,2024-06-28 02:14:55,1.5,SEN148
T004132,SHP01020,2024-06-28 00:06:12,7.2,SEN170
T004133,SHP01020,2024-06-28 00:57:27,3.0,SEN166
T004136,SHP01020,2024-06-28 08:38:55,10.0,SEN197
T004137,SHP01021,2024-08-11 20:30:27,2.1,SEN190
T004138,SHP01021,2024-08-11 11:01:05,3.2,SEN138
T004139,SHP01021,2024-08-12 22:48:02,3.4,SEN129
T004140,SHP01021,2024-08-11 04:52:18,0.9,SEN131
T004141,SHP01021,2024-08-12 03:48:23,0.5,SEN124
T004142,SHP01021,2024-08-11 03:16:10,1.7,SEN117
T004143,SHP01022,2024-05-22 22:31:59,2.0,SEN131
T004144,SHP01022,2024-05-22 14:44:18,2.4,SEN111
T004145,SHP01022,2024-05-21 07:40:38,11.0,SEN103
T004146,SHP01023,2024-12-12 12:41:25,-17.7,SEN123
T004147,SHP01023,2024-12-11 11:32:31,-16.1,SEN112
T004148,SHP01024,2024-02-06 09:21:09,0.3,SEN150
T004149,SHP01024,2024-02-07 08:35:12,2.7,SEN137
T004150,SHP01024,2024-02-06 08:31:00,8.7,SEN121
T004151,SHP01024,2024-02-06 05:51:54,0.7,SEN176
T004152,SHP01025,2024-02-15 05:23:42,0.1,SEN179
T004153,SHP01025,2024-02-16 16:42:43,0.1,SEN131
T004154,SHP01025,2024-02-15 23:19:33,3.1,SEN140
T004155,SHP01025,2024-02-16 09:05:03,2.3,SEN100
T004156,SHP01025,2024-02-16 07:29:44,2.8,SEN181
T004158,SHP01026,2024-12-28 14:06:47,-13.6,SEN139
T004159,SHP01027,2024-05-12 13:38:22,4.0,SEN165
T004160,SHP01027,2024-05-11 17:53:25,7.8,SEN109
T004161,SHP01027,2024-05-11 14:36:48,2.9,SEN179
T004162,SHP01027,2024-05-12 06:03:54,1.9,SEN191
T004163,SHP01027,2024-05-11 06:24:07,1.8,SEN118
T004164,SHP01027,2024-05-11 01:35:33,0.7,SEN132
T004165,SHP01028,2024-10-18 23:34:50,-17.3,SEN192
T004166,SHP01028,2024-10-18 02:10:30,-15.4,SEN193
T004167,SHP01029,2024-10-21 06:47:33,2.9,SEN122
T004168,SHP01029,2024-10-20 18:15:39,5.3,SEN187
T004169,SHP01029,2024-10-21 04:48:52,1.5,SEN190
T004170,SHP01030,2024-02-26 02:13:35,4.8,SEN117
T004171,SHP01030,2024-02-25 08:58:16,5.0,SEN157
T004172,SHP01030,2024-02-26 07:27:57,3.4,SEN105
T004173,SHP01031,2024-08-17 20:57:33,0.4,SEN172
T004174,SHP01031,2024-08-18 01:23:54,1.2,SEN195
T004175,SHP01031,2024-08-17 23:43:01,3.6,SEN103
T004176,SHP01032,2024-12-03 21:24:17,2.2,SEN114
T004177,SHP01032,2024-12-04 20:18:15,2.9,SEN194
T004178,SHP01033,2024-10-07 04:41:40,0.5,SEN122
T004179,SHP01033,2024-10-07 00:20:44,1.3,SEN132
T004180,SHP01033,2024-10-06 11:13:31,7.5,SEN102
T004181,SHP01033,2024-10-07 03:31:18,0.2,SEN110
T004182,SHP01033,2024-10-07 21:15:19,3.2,SEN126
T004183,SHP01033,2024-10-07 21:22:49,0.1,SEN101
T004184,SHP01034,2024-10-15 01:03:05,4.6,SEN199
T004185,SHP01034,2024-10-14 01:19:06,2.7,SEN141
T004186,SHP01034,2024-10-14 12:27:14,4.0,SEN140
T004187,SHP01034,2024-10-15 20:35:46,1.2,SEN157
T004188,SHP01035,2024-10-19 12:01:26,4.0,SEN157
T004189,SHP01035,2024-10-19 00:19:58,2.2,SEN183
T004191,SHP01036,2024-09-17 16:18:27,3.7,SEN165
T004192,SHP01036,2024-09-18 18:59:53,2.7,SEN110
T004193,SHP01037,2024-10-19 21:49:08,7.5,SEN176
T004195,SHP01037,2024-10-19 05:39:16,2.3,SEN188
T004196,SHP01037,2024-10-19 00:31:20,0.9,SEN113
T004197,SHP01037,2024-10-20 15:40:04,0.6,SEN132
T004198,SHP01038,2024-04-26 18:24:03,-0.4,SEN103
T004199,SHP01038,2024-04-26 01:53:52,0.9,SEN103
T004200,SHP01039,2024-05-19 03:04:56,-16.8,SEN186
T004201,SHP01039,2024-05-19 13:06:42,-15.9,SEN160
T004202,SHP01039,2024-05-19 22:07:21,-9.2,SEN185
T004203,SHP01040,2024-12-23 14:58:33,2.7,SEN156
T004204,SHP01040,2024-12-23 02:41:42,3.8,SEN124
T004205,SHP01040,2024-12-23 18:55:23,2.2,SEN132
T004206,SHP01040,2024-12-23 07:41:30,7.6,SEN103
T004207,SHP01040,2024-12-23 08:52:03,2.6,SEN131
T004209,SHP01041,2024-05-12 12:08:49,4.8,SEN135
T004210,SHP01041,2024-05-11 19:31:47,6.7,SEN188
T004211,SHP01041,2024-05-12 19:18:06,1.8,SEN174
T004212,SHP01041,2024-05-12 03:05:44,5.0,SEN194
T004213,SHP01041,2024-05-12 03:16:32,1.9,SEN112
T004214,SHP01042,2024-09-12 20:44:07,1.3,SEN161
T004215,SHP01042,2024-09-12 14:19:46,7.7,SEN116
T004216,SHP01042,2024-09-12 02:38:44,9.3,SEN132
T004217,SHP01042,2024-09-11 11:02:24,1.4,SEN157
T004218,SHP01042,2024-09-11 22:06:05,0.6,SEN117
T004219,SHP01043,2024-11-11 02:50:50,11.8,SEN145
T004220,SHP01043,2024-11-11 08:45:50,4.6,SEN134
T004221,SHP01043,2024-11-12 13:37:27,4.2,SEN146
T004222,SHP01043,2024-11-12 22:57:59,4.0,SEN121
T004223,SHP01044,2024-06-23 10:19:05,11.8,SEN192
T004224,SHP01044,2024-06-24 08:51:14,9.9,SEN102
T004225,SHP01044,2024-06-23 01:26:26,11.6,SEN178
T004226,SHP01044,2024-06-24 07:58:01,10.0,SEN125
T004227,SHP01044,2024-06-23 14:48:00,11.2,SEN149
T004228,SHP01044,2024-06-23 06:29:42,9.1,SEN158
T004229,SHP01045,2024-04-05 10:41:46,0.9,SEN150
T004230,SHP01045,2024-04-05 10:05:07,6.8,SEN177
T004231,SHP01045,2024-04-04 19:58:58,2.9,SEN158
T004232,SHP01046,2024-01-30 22:43:09,3.9,SEN142
T004234,SHP01046,2024-01-31 06:16:36,11.5,SEN107
T004235,SHP01046,2024-01-30 09:19:57,7.3,SEN134
T004236,SHP01046,2024-01-31 09:10:31,4.9,SEN117
T004237,SHP01047,2024-01-02 12:15:37,2.8,SEN188
T004239,SHP01048,2024-07-17 01:21:09,3.2,SEN153
T004240,SHP01048,2024-07-16 17:29:34,0.9,SEN104
T004241,SHP01048,2024-07-16 17:25:38,1.1,SEN191
T004242,SHP01049,2024-07-04 21:16:41,3.5,SEN126
T004243,SHP01049,2024-07-03 07:04:13,1.2,SEN109
T004244,SHP01050,2024-01-23 03:38:29,13.5,SEN137
T004246,SHP01051,2024-08-20 02:36:08,15.6,SEN191
T004247,SHP01051,2024-08-20 12:52:37,14.7,SEN148
T004248,SHP01051,2024-08-19 17:37:12,13.2,SEN120
T004249,SHP01052,2024-08-25 19:34:40,3.9,SEN196
T004250,SHP01052,2024-08-26 19:17:58,2.4,SEN184
T004251,SHP01052,2024-08-26 04:37:08,0.7,SEN164
T004253,SHP01052,2024-08-26 19:33:21,0.9,SEN179
T004254,SHP01052,2024-08-26 12:42:15,2.0,SEN172
T004255,SHP01053,2024-01-27 02:56:07,-15.4,SEN140
T004256,SHP01053,2024-01-28 23:06:55,-12.9,SEN183
T004257,SHP01054,2024-12-14 13:20:31,5.8,SEN172
T004258,SHP01054,2024-12-14 11:15:40,2.7,SEN143
T004259,SHP01055,2024-11-09 12:29:01,8.5,SEN194
T004260,SHP01055,2024-11-10 10:45:44,0.3,SEN111
T004261,SHP01055,2024-11-09 14:23:35,1.6,SEN130
T004262,SHP01055,2024-11-10 08:39:59,2.1,SEN149
T004264,SHP01056,2024-03-18 00:38:08,7.1,SEN153
T004265,SHP01056,2024-03-18 05:28:59,0.8,SEN103
T004266,SHP01057,2024-10-14 19:50:04,-10.2,SEN195
T004267,SHP01057,2024-10-14 04:55:01,-17.1,SEN118
T004268,SHP01057,2024-10-15 00:54:21,-8.6,SEN162
T004269,SHP01057,2024-10-14 01:46:29,-15.9,SEN143
T004270,SHP01057,2024-10-15 13:05:30,-17.8,SEN156
T004271,SHP01058,2024-12-05 05:09:32,-1.0,SEN121
T004272,SHP01058,2024-12-06 23:33:54,-0.6,SEN110
T004273,SHP01059,2024-10-27 12:33:14,11.6,SEN123
T004274,SHP01059,2024-10-27 02:46:48,15.8,SEN179
T004275,SHP01059,2024-10-27 22:11:15,11.2,SEN165
T004277,SHP01059,2024-10-26 03:50:15,9.6,SEN195
T004278,SHP01060,2024-11-15 01:45:39,2.6,SEN159
T004279,SHP01060,2024-11-16 05:39:30,5.1,SEN181
T004280,SHP01060,2024-11-16 18:00:16,9.6,SEN120
T004281,SHP01060,2024-11-15 03:14:15,2.2,SEN110
T004282,SHP01060,2024-11-15 12:21:16,3.1,SEN101
T004283,SHP01060,2024-11-15 23:26:24,2.9,SEN131
T004284,SHP01061,2024-09-11 23:01:41,6.5,SEN174
T004285,SHP01061,2024-09-11 20:28:37,4.1,SEN141
T004286,SHP01061,2024-09-11 04:46:54,4.8,SEN158
T004288,SHP01061,2024-09-10 23:30:33,5.0,SEN197
T004289,SHP01061,2024-09-10 11:01:18,2.7,SEN143
T004290,SHP01062,2024-03-27 07:41:01,3.1,SEN176
T004291,SHP01062,2024-03-26 10:01:50,3.7,SEN156
T004292,SHP01062,2024-03-27 10:33:17,2.9,SEN112
T004293,SHP01062,2024-03-27 05:03:06,3.2,SEN193
T004294,SHP01063,2024-01-17 13:28:32,2.0,SEN129
T004295,SHP01063,2024-01-17 16:22:04,5.9,SEN155
T004296,SHP01063,2024-01-18 01:28:31,5.5,SEN198
T004297,SHP01063,2024-01-18 06:22:14,3.6,SEN149
T004298,SHP01063,2024-01-18 05:38:06,2.1,SEN127
T004299,SHP01063,2024-01-18 19:32:44,4.7,SEN150
T004300,SHP01064,2024-07-06 03:55:50,4.6,SEN121
T004301,SHP01064,2024-07-06 13:57:58,-0.7,SEN149
T004302,SHP01065,2024-08-19 16:14:45,-16.9,SEN136
T004303,SHP01065,2024-08-19 18:04:10,-10.8,SEN116
T004304,SHP01065,2024-08-18 14:04:58,-12.2,SEN164
T004306,SHP01066,2024-03-31 07:33:32,3.0,SEN135
T004307,SHP01066,2024-03-31 21:45:05,3.9,SEN193
T004309,SHP01067,2024-10-26 13:07:30,11.4,SEN141
T004310,SHP01067,2024-10-26 18:01:23,0.9,SEN132
T004311,SHP01067,2024-10-26 10:53:01,3.0,SEN193
T004312,SHP01067,2024-10-25 03:39:01,5.2,SEN121
T004314,SHP01068,2024-02-17 06:43:50,2.4,SEN110
T004315,SHP01068,2024-02-17 13:05:49,3.2,SEN120
T004316,SHP01068,2024-02-17 06:27:27,8.7,SEN122
T004317,SHP01068,2024-02-17 12:31:03,2.3,SEN154
T004318,SHP01068,2024-02-17 13:45:13,0.6,SEN150
T004319,SHP01069,2024-12-28 21:36:36,3.5,SEN172
T004320,SHP01069,2024-12-28 15:21:24,0.6,SEN185
T004321,SHP01069,2024-12-27 21:00:27,1.1,SEN107
T004322,SHP01069,2024-12-27 16:26:22,3.0,SEN191
T004323,SHP01069,2024-12-27 06:53:17,0.5,SEN172
T004324,SHP01070,2024-10-05 16:11:00,1.3,SEN169
T004325,SHP01070,2024-10-04 09:40:56,2.8,SEN177
T004326,SHP01070,2024-10-04 11:53:15,7.0,SEN120
T004327,SHP01070,2024-10-04 14:59:24,1.7,SEN192
T004328,SHP01071,2024-09-16 02:51:30,-17.9,SEN145
T004329,SHP01071,2024-09-16 11:48:40,-16.8,SEN133
T004330,SHP01071,2024-09-17 01:18:21,-14.4,SEN163
T004331,SHP01071,2024-09-16 06:54:29,-17.4,SEN122
T004332,SHP01071,2024-09-17 23:50:12,-15.3,SEN124
T004333,SHP01072,2024-02-02 04:54:56,0.2,SEN178
T004334,SHP01072,2024-02-03 18:26:48,0.3,SEN149
T004335,SHP01072,2024-02-03 23:17:59,1.0,SEN194
T004336,SHP01073,2024-02-03 14:00:36,3.3,SEN111
T004337,SHP01073,2024-02-03 20:08:33,1.2,SEN155
T004338,SHP01073,2024-02-03 00:45:46,0.7,SEN177
T004339,SHP01074,2024-03-29 02:33:34,1.9,SEN106
T004340,SHP01074,2024-03-28 03:12:25,2.7,SEN174
T004341,SHP01074,2024-03-29 10:47:37,1.7,SEN192
T004342,SHP01075,2024-01-13 22:15:40,1.8,SEN130
T004343,SHP01075,2024-01-14 21:47:54,6.7,SEN148
T004344,SHP01075,2024-01-13 15:52:46,1.4,SEN107
T004345,SHP01075,2024-01-14 00:12:16,3.6,SEN178
T004346,SHP01075,2024-01-13 12:00:20,3.4,SEN145
T004347,SHP01076,2024-01-09 18:19:38,0.2,SEN126
T004348,SHP01076,2024-01-09 11:16:54,1.5,SEN106
T004349,SHP01077,2024-09-12 09:13:21,3.0,SEN131
T004350,SHP01077,2024-09-12 03:56:51,3.8,SEN146
T004351,SHP01077,2024-09-12 14:56:37,3.9,SEN183
T004352,SHP01077,2024-09-13 13:42:08,1.3,SEN159
T004353,SHP01077,2024-09-12 00:50:00,1.5,SEN117
T004354,SHP01077,2024-09-12 18:30:15,7.4,SEN136
T004355,SHP01078,2024-05-01 11:49:29,4.0,SEN138
T004356,SHP01078,2024-04-30 20:58:30,2.0,SEN113
T004359,SHP01079,2024-11-02 21:46:24,22.1,SEN106
T004360,SHP01079,2024-11-02 20:57:55,13.6,SEN141
T004361,SHP01079,2024-11-02 16:33:14,22.3,SEN185
T004362,SHP01080,2024-12-19 13:11:57,3.0,SEN146
T004363,SHP01080,2024-12-18 22:10:50,0.8,SEN114
T004364,SHP01081,2024-11-19 12:41:39,0.7,SEN198
T004365,SHP01081,2024-11-20 04:24:12,3.6,SEN191
T004366,SHP01081,2024-11-20 15:50:50,3.8,SEN145
T004367,SHP01082,2024-07-16 05:59:49,1.2,SEN108
T004368,SHP01082,2024-07-15 13:15:44,1.1,SEN150
T004370,SHP01083,2024-01-31 00:17:00,1.5,SEN133
T004371,SHP01083,2024-01-31 14:33:05,0.1,SEN119
T004373,SHP01084,2024-04-13 18:44:52,-0.2,SEN108
T004374,SHP01084,2024-04-12 23:25:38,0.4,SEN187
T004375,SHP01084,2024-04-13 18:52:40,-0.9,SEN138
T004376,SHP01084,2024-04-13 11:55:59,1.8,SEN178
T004377,SHP01084,2024-04-12 23:31:27,-0.3,SEN197
T004378,SHP01084,2024-04-12 02:08:02,0.0,SEN116
T004379,SHP01085,2024-07-12 09:10:38,0.2,SEN185
T004380,SHP01085,2024-07-12 10:07:55,1.9,SEN181
T004381,SHP01085,2024-07-12 16:49:46,1.1,SEN105
T004382,SHP01085,2024-07-11 04:41:30,0.4,SEN184
T004383,SHP01085,2024-07-12 04:11:43,3.0,SEN116
T004384,SHP01085,2024-07-11 18:29:46,10.0,SEN134
T004385,SHP01086,2024-03-16 23:24:51,5.4,SEN136
T004386,SHP01086,2024-03-17 10:09:29,4.9,SEN185
T004387,SHP01086,2024-03-17 12:29:36,13.0,SEN196
T004388,SHP01086,2024-03-17 00:06:06,4.7,SEN111
T004389,SHP01087,2024-10-28 18:27:23,1.7,SEN166
T004391,SHP01087,2024-10-27 17:30:38,2.8,SEN153
T004392,SHP01087,2024-10-27 20:13:32,0.3,SEN171
T004393,SHP01088,2024-06-15 03:09:08,11.8,SEN153
T004395,SHP01088,2024-06-15 18:21:54,2.7,SEN140
T004396,SHP01088,2024-06-15 17:27:13,2.8,SEN109
T004397,SHP01088,2024-06-14 19:56:08,3.2,SEN124
T004398,SHP01088,2024-06-14 17:49:46,2.5,SEN109
T004399,SHP01089,2024-02-04 19:23:46,1.6,SEN175
T004400,SHP01089,2024-02-05 06:46:46,3.8,SEN154
T004401,SHP01089,2024-02-05 11:28:32,7.6,SEN139
T004402,SHP01089,2024-02-05 18:06:47,3.0,SEN174
T004403,SHP01089,2024-02-04 23:07:23,1.2,SEN196
T004404,SHP01089,2024-02-05 23:32:21,9.0,SEN194
T004405,SHP01090,2024-10-06 10:46:27,3.7,SEN144
T004406,SHP01090,2024-10-06 12:28:25,4.5,SEN126
T004407,SHP01090,2024-10-07 23:28:58,5.5,SEN123
T004408,SHP01091,2024-01-29 20:15:14,7.9,SEN117
T004409,SHP01091,2024-01-29 06:26:19,1.8,SEN136
T004410,SHP01091,2024-01-30 12:46:30,1.8,SEN114
T004411,SHP01091,2024-01-29 05:10:48,-0.4,SEN177
T004412,SHP01092,2024-06-14 20:24:42,2.0,SEN159
T004414,SHP01093,2024-10-28 18:38:19,2.9,SEN153
T004415,SHP01093,2024-10-28 00:34:45,7.4,SEN124
T004416,SHP01093,2024-10-29 06:46:34,3.9,SEN145
T004417,SHP01093,2024-10-29 05:46:35,3.5,SEN137
T004418,SHP01094,2024-11-18 14:25:06,8.2,SEN100
T004419,SHP01094,2024-11-18 16:13:42,11.0,SEN190
T004420,SHP01094,2024-11-17 07:38:55,3.4,SEN126
T004421,SHP01095,2024-03-03 12:48:55,-0.6,SEN122
T004422,SHP01095,2024-03-03 09:20:55,-0.1,SEN148
T004423,SHP01096,2024-10-19 08:48:30,3.3,SEN129
T004424,SHP01096,2024-10-18 03:52:53,12.7,SEN171
T004425,SHP01096,2024-10-18 00:37:03,5.0,SEN131
T004426,SHP01097,2024-05-10 17:08:00,3.4,SEN186
T004427,SHP01097,2024-05-10 00:16:03,2.3,SEN152
T004429,SHP01097,2024-05-10 07:54:07,2.6,SEN108
T004430,SHP01097,2024-05-10 20:38:44,0.4,SEN164
T004431,SHP01097,2024-05-10 14:10:05,7.7,SEN103
T004432,SHP01098,2024-09-02 18:52:32,1.7,SEN150
T004433,SHP01098,2024-09-02 14:34:42,3.8,SEN122
T004434,SHP01098,2024-09-02 07:36:05,2.6,SEN141
T004435,SHP01099,2024-06-04 09:14:23,2.7,SEN187
T004436,SHP01099,2024-06-04 08:18:20,2.1,SEN184
T004437,SHP01099,2024-06-04 01:28:53,4.0,SEN128
T004438,SHP01099,2024-06-05 06:22:52,2.4,SEN125
T004439,SHP01099,2024-06-04 09:38:30,2.2,SEN190
T004440,SHP01099,2024-06-05 16:34:49,2.7,SEN157
T004441,SHP01100,2024-12-01 03:56:17,5.3,SEN143
T004442,SHP01100,2024-12-01 13:36:58,5.2,SEN131
T004443,SHP01100,2024-11-30 21:49:45,3.6,SEN107
T004444,SHP01100,2024-12-01 09:38:54,2.3,SEN198
T004445,SHP01101,2024-01-09 17:00:25,2.6,SEN137
T004446,SHP01101,2024-01-09 00:01:25,8.8,SEN120
T004447,SHP01101,2024-01-09 00:15:21,8.8,SEN164
T004448,SHP01101,2024-01-08 00:11:27,2.3,SEN191
T004449,SHP01101,2024-01-09 04:10:51,2.2,SEN156
T004450,SHP01102,2024-02-03 11:48:44,4.3,SEN192
T004451,SHP01102,2024-02-03 21:08:32,5.4,SEN144
T004452,SHP01102,2024-02-03 07:59:35,5.6,SEN117
T004453,SHP01102,2024-02-03 18:33:46,5.2,SEN172
T004454,SHP01102,2024-02-04 10:00:17,4.6,SEN172
T004455,SHP01103,2024-05-25 03:00:38,13.7,SEN171
T004456,SHP01103,2024-05-24 14:13:55,10.6,SEN185
T004457,SHP01104,2024-12-25 23:03:08,9.3,SEN152
T004458,SHP01104,2024-12-26 18:18:27,12.6,SEN169
T004459,SHP01104,2024-12-26 06:00:57,9.7,SEN102
T004460,SHP01104,2024-12-26 19:57:01,19.7,SEN190
T004461,SHP01105,2024-10-10 04:31:41,9.6,SEN192
T004462,SHP01105,2024-10-09 09:00:01,1.8,SEN126
T004463,SHP01105,2024-10-10 11:34:47,2.6,SEN197
T004464,SHP01105,2024-10-10 04:22:31,3.7,SEN124
T004465,SHP01105,2024-10-09 05:37:01,0.1,SEN199
T004466,SHP01105,2024-10-09 22:03:51,0.6,SEN153
T004467,SHP01106,2024-10-05 08:13:30,3.1,SEN152
T004468,SHP01106,2024-10-05 01:40:32,2.1,SEN156
T004469,SHP01106,2024-10-04 01:23:42,2.7,SEN128
T004470,SHP01106,2024-10-05 02:25:40,9.7,SEN170
T004471,SHP01106,2024-10-04 00:32:51,0.3,SEN173
T004472,SHP01107,2024-09-16 20:34:23,3.4,SEN128
T004473,SHP01107,2024-09-16 09:34:06,3.8,SEN156
T004474,SHP01107,2024-09-17 00:09:28,3.1,SEN148
T004475,SHP01107,2024-09-16 22:04:48,1.9,SEN112
T004476,SHP01107,2024-09-16 16:40:49,2.8,SEN184
T004477,SHP01107,2024-09-16 13:46:34,7.9,SEN124
T004478,SHP01108,2024-08-02 15:14:49,1.9,SEN150
T004479,SHP01108,2024-08-02 11:42:41,5.6,SEN150
T004480,SHP01108,2024-08-03 04:20:11,2.4,SEN195
T004482,SHP01108,2024-08-03 22:24:43,2.0,SEN191
T004483,SHP01108,2024-08-03 00:50:21,3.0,SEN164
T004484,SHP01109,2024-02-29 07:43:11,0.2,SEN127
T004486,SHP01109,2024-02-29 06:08:00,3.5,SEN134
T004488,SHP01109,2024-02-29 02:29:02,1.3,SEN101
T004489,SHP01110,2024-11-26 15:56:06,9.1,SEN177
T004490,SHP01110,2024-11-25 00:37:25,12.1,SEN103
T004491,SHP01111,2024-07-27 22:22:35,-9.6,SEN104
T004492,SHP01111,2024-07-27 21:01:58,-16.4,SEN132
T004493,SHP01112,2024-08-19 11:07:33,5.0,SEN139
T004494,SHP01112,2024-08-20 16:32:18,3.1,SEN196
T004495,SHP01112,2024-08-20 06:32:20,5.3,SEN104
T004496,SHP01112,2024-08-19 10:06:43,3.1,SEN173
T004497,SHP01112,2024-08-19 18:08:32,5.8,SEN108
T004498,SHP01113,2024-09-02 22:02:05,13.2,SEN144
T004499,SHP01113,2024-09-02 01:59:42,14.9,SEN132
T004500,SHP01113,2024-09-01 17:12:22,14.4,SEN108
T004501,SHP01113,2024-09-02 03:58:49,14.9,SEN105
T004502,SHP01113,2024-09-01 14:24:40,13.7,SEN195
T004503,SHP01113,2024-09-02 07:46:04,13.6,SEN136
T004504,SHP01114,2024-02-20 21:31:37,6.5,SEN179
T004505,SHP01114,2024-02-21 10:58:39,2.4,SEN129
T004506,SHP01115,2024-10-05 21:29:15,4.2,SEN153
T004509,SHP01116,2024-06-08 23:46:37,1.3,SEN109
T004510,SHP01116,2024-06-08 15:54:34,10.2,SEN102
T004511,SHP01116,2024-06-08 15:16:08,2.3,SEN160
T004512,SHP01116,2024-06-07 13:45:53,2.1,SEN185
T004513,SHP01116,2024-06-08 01:20:46,0.8,SEN165
T004514,SHP01116,2024-06-08 09:08:52,1.0,SEN172
T004515,SHP01117,2024-09-15 15:18:33,3.5,SEN190
T004516,SHP01117,2024-09-14 18:19:48,1.5,SEN165
T004517,SHP01117,2024-09-14 05:52:32,0.0,SEN139
T004518,SHP01118,2024-03-24 10:40:41,1.3,SEN113
T004519,SHP01118,2024-03-24 19:55:05,1.9,SEN143
T004520,SHP01118,2024-03-25 16:25:34,1.8,SEN163
T004521,SHP01118,2024-03-25 09:48:30,0.5,SEN185
T004522,SHP01118,2024-03-25 12:38:07,2.4,SEN129
T004523,SHP01118,2024-03-25 22:33:57,0.6,SEN156
T004524,SHP01119,2024-06-03 17:09:39,6.2,SEN179
T004525,SHP01119,2024-06-04 08:37:10,5.5,SEN101
T004526,SHP01119,2024-06-03 21:01:10,0.1,SEN167
T004527,SHP01119,2024-06-04 06:53:00,2.4,SEN134
T004528,SHP01120,2024-08-12 18:08:39,3.7,SEN143
T004529,SHP01120,2024-08-12 09:05:18,7.7,SEN151
T004530,SHP01120,2024-08-12 22:52:40,3.4,SEN133
T004531,SHP01120,2024-08-13 11:45:53,0.4,SEN140
T004532,SHP01120,2024-08-12 08:31:46,1.4,SEN156
T004533,SHP01120,2024-08-12 14:15:51,3.9,SEN166
T004534,SHP01121,2024-02-03 06:41:44,3.4,SEN153
T004535,SHP01121,2024-02-04 03:31:31,3.8,SEN106
T004536,SHP01121,2024-02-03 17:32:03,3.3,SEN113
T004537,SHP01121,2024-02-03 05:23:11,4.8,SEN194
T004538,SHP01121,2024-02-04 13:47:33,3.6,SEN169
T004539,SHP01121,2024-02-03 22:04:38,4.6,SEN136
T004540,SHP01122,2024-04-05 17:40:36,0.1,SEN184
T004541,SHP01122,2024-04-06 23:30:55,3.5,SEN101
T004543,SHP01122,2024-04-06 03:58:43,0.3,SEN133
T004544,SHP01122,2024-04-05 08:31:08,2.8,SEN162
T004545,SHP01123,2024-01-21 11:56:02,13.9,SEN180
T004546,SHP01123,2024-01-21 16:31:00,14.5,SEN125
T004547,SHP01123,2024-01-22 13:18:59,14.7,SEN173
T004548,SHP01123,2024-01-22 22:38:07,13.6,SEN146
T004549,SHP01124,2024-03-11 02:34:21,1.3,SEN109
T004550,SHP01124,2024-03-11 16:11:15,3.5,SEN160
T004551,SHP01124,2024-03-12 06:37:20,11.5,SEN151
T004552,SHP01125,2024-02-07 06:42:43,0.0,SEN121
T004554,SHP01125,2024-02-07 07:55:27,1.5,SEN195
T004555,SHP01126,2024-05-15 09:01:29,20.7,SEN180
T004556,SHP01126,2024-05-15 22:00:43,14.9,SEN132
T004557,SHP01126,2024-05-14 08:38:00,14.4,SEN127
T004558,SHP01126,2024-05-15 08:51:26,13.0,SEN144
T004559,SHP01126,2024-05-15 02:53:34,13.6,SEN156
T004560,SHP01127,2024-03-07 23:33:43,0.4,SEN124
T004561,SHP01127,2024-03-06 07:26:26,10.4,SEN192
T004562,SHP01127,2024-03-07 13:03:03,1.1,SEN191
T004564,SHP01128,2024-01-17 21:04:25,6.0,SEN150
T004565,SHP01128,2024-01-17 03:49:43,3.0,SEN193
T004566,SHP01129,2024-10-01 16:24:10,4.9,SEN135
T004567,SHP01129,2024-10-01 07:52:51,0.6,SEN168
T004568,SHP01130,2024-11-11 04:06:21,9.3,SEN198
T004569,SHP01130,2024-11-11 16:39:48,1.7,SEN128
T004570,SHP01130,2024-11-11 07:36:31,1.7,SEN119
T004571,SHP01130,2024-11-12 08:03:05,-0.4,SEN178
T004572,SHP01130,2024-11-12 03:49:10,2.0,SEN196
T004573,SHP01130,2024-11-11 21:15:55,0.1,SEN154
T004574,SHP01131,2024-06-05 06:41:07,9.7,SEN124
T004575,SHP01131,2024-06-05 17:36:03,11.0,SEN167
T004576,SHP01131,2024-06-05 19:34:24,11.4,SEN168
T004577,SHP01131,2024-06-06 06:00:18,9.2,SEN138
T004578,SHP01131,2024-06-06 08:38:38,8.2,SEN168
T004579,SHP01131,2024-06-05 08:09:35,8.1,SEN146
T004580,SHP01132,2024-12-18 13:59:18,-16.4,SEN181
T004581,SHP01132,2024-12-18 18:00:20,-16.6,SEN127
T004582,SHP01132,2024-12-17 09:42:47,-17.8,SEN102
T004583,SHP01132,2024-12-17 02:00:36,-12.7,SEN160
T004584,SHP01132,2024-12-18 18:49:25,-16.8,SEN165
T004585,SHP01132,2024-12-17 09:57:33,-13.1,SEN151
T004586,SHP01133,2024-09-12 14:52:37,0.5,SEN185
T004587,SHP01133,2024-09-12 06:19:15,0.7,SEN155
T004588,SHP01133,2024-09-12 16:57:18,3.9,SEN190
T004589,SHP01133,2024-09-11 01:39:33,2.0,SEN112
T004590,SHP01134,2024-10-08 18:37:59,4.8,SEN130
T004591,SHP01134,2024-10-09 23:16:01,9.5,SEN118
T004592,SHP01135,2024-08-03 14:41:21,1.5,SEN137
T004593,SHP01135,2024-08-03 15:54:07,6.3,SEN178
T004594,SHP01135,2024-08-03 18:09:41,8.8,SEN120
T004595,SHP01135,2024-08-04 12:39:45,4.8,SEN113
T004596,SHP01135,2024-08-04 01:17:54,0.5,SEN110
T004597,SHP01135,2024-08-04 13:09:30,1.2,SEN195
T004598,SHP01136,2024-07-04 08:46:02,3.2,SEN149
T004599,SHP01136,2024-07-05 04:22:28,6.4,SEN181
T004600,SHP01137,2024-12-04 16:06:14,14.2,SEN165
T004601,SHP01137,2024-12-05 19:37:57,20.0,SEN192
T004602,SHP01138,2024-06-30 14:59:19,13.1,SEN109
T004604,SHP01138,2024-07-01 23:21:50,9.2,SEN128
T004605,SHP01138,2024-06-30 03:39:19,13.2,SEN144
T004606,SHP01138,2024-07-01 08:47:53,8.7,SEN119
T004607,SHP01139,2024-11-10 16:38:03,8.6,SEN195
T004608,SHP01139,2024-11-10 22:07:26,3.3,SEN108
T004609,SHP01139,2024-11-10 22:16:28,0.1,SEN121
T004610,SHP01140,2024-02-24 11:42:22,0.1,SEN184
T004611,SHP01140,2024-02-25 20:38:46,1.4,SEN103
T004612,SHP01140,2024-02-24 04:31:32,7.5,SEN169
T004613,SHP01140,2024-02-25 07:32:19,3.7,SEN199
T004614,SHP01140,2024-02-24 12:13:36,3.1,SEN173
T004615,SHP01140,2024-02-25 11:18:21,6.9,SEN108
T004616,SHP01141,2024-03-18 02:30:55,14.6,SEN121
T004617,SHP01141,2024-03-17 08:31:59,14.5,SEN100
T004618,SHP01141,2024-03-18 21:59:38,16.4,SEN170
T004619,SHP01142,2024-01-11 02:16:58,2.6,SEN175
T004620,SHP01142,2024-01-11 06:39:25,9.4,SEN156
T004621,SHP01143,2024-04-22 15:08:11,0.5,SEN153
T004622,SHP01143,2024-04-22 22:18:47,0.7,SEN141
T004623,SHP01143,2024-04-21 10:56:33,7.8,SEN191
T004624,SHP01143,2024-04-22 04:48:24,3.0,SEN129
T004625,SHP01143,2024-04-21 02:36:01,6.4,SEN188
T004626,SHP01144,2024-12-31 08:04:57,3.0,SEN132
T004627,SHP01144,2025-01-01 13:50:22,3.3,SEN130
T004628,SHP01144,2024-12-31 13:31:20,2.0,SEN106
T004629,SHP01145,2024-07-06 12:19:50,1.6,SEN176
T004630,SHP01145,2024-07-07 16:27:46,1.1,SEN171
T004631,SHP01145,2024-07-06 00:55:10,9.9,SEN128
T004632,SHP01146,2024-03-23 15:24:51,2.6,SEN136
T004633,SHP01146,2024-03-23 15:48:55,2.6,SEN175
T004634,SHP01147,2024-07-28 15:58:10,1.4,SEN107
T004635,SHP01147,2024-07-29 08:12:40,4.2,SEN163
T004636,SHP01148,2024-04-10 15:07:03,0.1,SEN171
T004637,SHP01148,2024-04-10 23:26:05,0.8,SEN113
T004638,SHP01149,2024-04-05 13:52:08,1.9,SEN160
T004639,SHP01149,2024-04-05 05:08:47,0.9,SEN109
T004640,SHP01150,2024-11-08 16:59:50,3.8,SEN101
T004641,SHP01150,2024-11-07 17:06:50,2.8,SEN167
T004642,SHP01150,2024-11-07 13:17:52,2.0,SEN167
T004643,SHP01150,2024-11-07 23:21:52,2.7,SEN126
T004644,SHP01150,2024-11-08 04:44:45,3.1,SEN151
T004646,SHP01151,2024-03-10 14:01:29,2.1,SEN160
T004647,SHP01151,2024-03-11 02:47:59,2.3,SEN169
T004648,SHP01151,2024-03-11 04:31:19,2.9,SEN164
T004649,SHP01151,2024-03-11 17:09:51,2.7,SEN168
T004650,SHP01152,2024-11-06 10:21:55,0.0,SEN131
T004651,SHP01152,2024-11-06 00:52:27,4.9,SEN150
T004652,SHP01152,2024-11-06 23:11:28,2.8,SEN156
T004653,SHP01152,2024-11-06 20:40:00,2.8,SEN171
T004654,SHP01152,2024-11-06 02:27:48,2.2,SEN185
T004655,SHP01152,2024-11-06 19:13:06,1.7,SEN166
T004656,SHP01153,2024-11-04 16:02:34,2.3,SEN170
T004657,SHP01153,2024-11-03 23:23:57,2.7,SEN134
T004658,SHP01154,2024-11-23 00:43:36,3.8,SEN196
T004659,SHP01154,2024-11-23 21:54:11,2.0,SEN197
T004661,SHP01155,2024-07-24 23:07:15,2.6,SEN124
T004662,SHP01155,2024-07-24 16:09:38,3.2,SEN130
T004663,SHP01155,2024-07-23 04:27:49,3.5,SEN132
T004664,SHP01155,2024-07-24 16:07:00,2.4,SEN138
T004665,SHP01155,2024-07-24 10:55:14,1.3,SEN125
T004666,SHP01156,2024-01-29 12:31:15,6.3,SEN178
T004667,SHP01156,2024-01-28 22:01:24,5.9,SEN108
T004668,SHP01156,2024-01-29 14:00:32,3.5,SEN143
T004669,SHP01156,2024-01-28 11:11:04,5.8,SEN149
T004670,SHP01156,2024-01-29 07:50:22,5.7,SEN198
T004671,SHP01157,2024-06-30 19:36:32,2.9,SEN151
T004672,SHP01157,2024-06-30 03:52:00,3.7,SEN106
T004673,SHP01157,2024-06-29 14:04:48,3.5,SEN114
T004674,SHP01157,2024-06-30 18:24:55,3.0,SEN154
T004675,SHP01158,2024-08-17 01:31:17,3.6,SEN191
T004676,SHP01158,2024-08-18 19:05:47,10.4,SEN164
T004677,SHP01158,2024-08-18 07:45:51,2.0,SEN108
T004678,SHP01158,2024-08-18 20:18:48,1.7,SEN175
T004679,SHP01158,2024-08-17 22:12:16,1.3,SEN129
T004680,SHP01158,2024-08-17 03:22:00,1.2,SEN104
T004681,SHP01159,2024-09-21 23:50:34,1.3,SEN191
T004682,SHP01159,2024-09-20 05:17:53,3.7,SEN118
T004683,SHP01159,2024-09-21 09:19:24,3.2,SEN170
T004684,SHP01159,2024-09-20 06:53:29,8.4,SEN198
T004685,SHP01160,2024-03-13 23:32:46,5.3,SEN171
T004686,SHP01160,2024-03-14 00:25:36,3.4,SEN183
T004687,SHP01160,2024-03-14 08:20:27,2.3,SEN108
T004688,SHP01160,2024-03-14 06:37:56,1.6,SEN137
T004689,SHP01160,2024-03-14 08:30:52,2.8,SEN171
T004690,SHP01160,2024-03-13 09:16:42,11.0,SEN191
T004691,SHP01161,2024-03-18 10:17:46,11.2,SEN153
T004692,SHP01161,2024-03-18 17:41:01,10.1,SEN151
T004694,SHP01162,2024-03-25 12:15:10,12.7,SEN190
T004695,SHP01162,2024-03-26 11:59:14,6.8,SEN100
T004696,SHP01162,2024-03-25 13:02:34,5.0,SEN156
T004697,SHP01162,2024-03-25 11:26:42,2.2,SEN115
T004698,SHP01162,2024-03-26 22:30:41,3.7,SEN105
T004699,SHP01163,2024-12-06 07:37:39,8.9,SEN152
T004700,SHP01163,2024-12-07 11:10:58,0.6,SEN164
T004701,SHP01163,2024-12-07 14:01:02,1.3,SEN119
T004702,SHP01163,2024-12-06 12:50:02,0.8,SEN175
T004703,SHP01163,2024-12-07 11:33:39,2.3,SEN119
T004704,SHP01164,2024-06-03 20:08:44,1.6,SEN161
T004705,SHP01164,2024-06-02 19:34:39,1.4,SEN141
T004707,SHP01164,2024-06-03 16:08:35,1.5,SEN189
T004709,SHP01165,2024-03-20 22:44:53,6.6,SEN195
T004710,SHP01165,2024-03-20 10:16:10,1.4,SEN107
T004711,SHP01166,2024-06-09 05:46:40,2.0,SEN141
T004712,SHP01166,2024-06-10 12:51:24,1.6,SEN113
T004713,SHP01166,2024-06-10 09:37:50,3.7,SEN132
T004714,SHP01166,2024-06-09 16:48:33,3.7,SEN107
T004715,SHP01166,2024-06-10 19:13:05,0.5,SEN152
T004716,SHP01167,2024-07-21 07:05:15,7.7,SEN199
T004718,SHP01167,2024-07-22 09:55:04,8.6,SEN188
T004719,SHP01167,2024-07-21 10:13:24,1.8,SEN141
T004720,SHP01167,2024-07-22 12:31:53,3.5,SEN122
T004721,SHP01168,2024-02-13 20:00:18,2.9,SEN188
T004722,SHP01168,2024-02-13 06:11:44,2.0,SEN162
T004723,SHP01168,2024-02-12 19:05:12,7.3,SEN121
T004724,SHP01168,2024-02-12 06:54:14,7.5,SEN144
T004725,SHP01168,2024-02-12 19:01:14,3.8,SEN129
T004726,SHP01169,2024-07-07 23:47:21,3.0,SEN134
T004727,SHP01169,2024-07-06 20:05:24,5.0,SEN136
T004728,SHP01169,2024-07-07 18:47:01,2.9,SEN120
T004730,SHP01169,2024-07-07 19:35:10,2.8,SEN140
T004731,SHP01169,2024-07-06 01:34:30,3.4,SEN123
T004732,SHP01170,2024-01-01 01:24:59,7.9,SEN179
T004733,SHP01170,2024-01-01 04:29:33,9.8,SEN117
T004734,SHP01170,2024-01-01 02:39:37,5.1,SEN191
T004735,SHP01170,2024-01-01 19:29:07,3.8,SEN141
T004736,SHP01170,2024-01-01 11:14:49,2.0,SEN181
T004737,SHP01171,2024-11-10 07:17:33,2.5,SEN188
T004738,SHP01171,2024-11-09 13:19:19,11.8,SEN142
T004739,SHP01171,2024-11-10 22:22:59,0.7,SEN195
T004740,SHP01172,2024-06-23 07:56:43,7.7,SEN146
T004741,SHP01172,2024-06-23 22:50:52,2.1,SEN166
T004742,SHP01172,2024-06-22 10:46:07,2.7,SEN114
T004743,SHP01172,2024-06-22 21:17:30,3.6,SEN171
T004744,SHP01172,2024-06-23 02:53:03,11.3,SEN137
T004745,SHP01173,2024-06-16 19:37:14,1.5,SEN140
T004746,SHP01173,2024-06-17 23:39:33,1.8,SEN144
T004747,SHP01173,2024-06-16 00:24:11,3.9,SEN120
T004748,SHP01173,2024-06-17 02:58:55,1.5,SEN168
T004749,SHP01174,2024-06-19 04:26:42,8.1,SEN198
T004750,SHP01174,2024-06-20 04:09:38,5.7,SEN189
T004751,SHP01174,2024-06-19 08:19:12,3.7,SEN140
T004752,SHP01174,2024-06-20 17:57:51,4.4,SEN131
T004753,SHP01174,2024-06-19 18:22:40,2.1,SEN123
T004754,SHP01175,2024-07-19 04:11:41,2.1,SEN197
T004756,SHP01175,2024-07-19 22:46:54,3.2,SEN166
T004757,SHP01175,2024-07-19 03:12:43,2.7,SEN122
T004758,SHP01176,2024-03-10 17:40:42,6.1,SEN142
T004759,SHP01176,2024-03-09 03:10:28,0.1,SEN163
T004760,SHP01176,2024-03-09 09:28:23,0.6,SEN134
T004761,SHP01176,2024-03-09 13:18:25,0.4,SEN148
T004762,SHP01176,2024-03-10 09:35:44,0.6,SEN155
T004763,SHP01177,2024-01-22 06:07:13,3.2,SEN186
T004764,SHP01177,2024-01-23 13:08:29,11.2,SEN105
T004765,SHP01177,2024-01-23 23:03:02,2.0,SEN100
T004766,SHP01177,2024-01-22 05:11:26,2.1,SEN174
T004767,SHP01178,2024-06-21 13:04:42,0.7,SEN199
T004768,SHP01178,2024-06-22 22:26:13,6.8,SEN132
T004769,SHP01178,2024-06-22 21:31:23,1.3,SEN170
T004770,SHP01178,2024-06-22 07:05:53,1.8,SEN193
T004771,SHP01178,2024-06-22 18:55:24,8.5,SEN165
T004772,SHP01179,2024-09-27 11:59:14,1.8,SEN193
T004773,SHP01179,2024-09-27 15:32:03,1.6,SEN169
T004774,SHP01180,2024-08-22 16:55:57,-18.0,SEN165
T004775,SHP01180,2024-08-21 00:46:18,-17.6,SEN127
T004776,SHP01180,2024-08-21 16:18:57,-15.5,SEN104
T004777,SHP01180,2024-08-22 09:21:14,-15.8,SEN106
T004778,SHP01180,2024-08-22 10:05:23,-15.1,SEN143
T004780,SHP01181,2024-06-10 01:49:32,8.7,SEN123
T004782,SHP01181,2024-06-10 14:33:58,1.7,SEN102
T004783,SHP01181,2024-06-10 03:36:14,11.7,SEN137
T004784,SHP01181,2024-06-11 15:48:50,11.7,SEN199
T004785,SHP01182,2024-04-28 09:52:16,-0.7,SEN192
T004786,SHP01182,2024-04-28 17:28:10,0.7,SEN150
T004787,SHP01182,2024-04-28 15:16:32,2.4,SEN134
T004788,SHP01182,2024-04-28 13:36:15,1.5,SEN133
T004789,SHP01183,2024-09-14 04:44:35,9.8,SEN122
T004790,SHP01183,2024-09-13 07:08:04,3.4,SEN131
T004791,SHP01183,2024-09-13 12:27:59,2.9,SEN155
T004792,SHP01183,2024-09-13 16:59:22,3.9,SEN191
T004793,SHP01183,2024-09-13 20:08:21,5.0,SEN145
T004794,SHP01183,2024-09-14 00:35:23,3.4,SEN112
T004795,SHP01184,2024-03-01 05:56:01,3.9,SEN107
T004796,SHP01184,2024-03-01 03:21:03,3.7,SEN196
T004797,SHP01184,2024-02-29 19:06:03,2.6,SEN145
T004798,SHP01185,2024-02-21 10:45:26,0.6,SEN172
T004799,SHP01185,2024-02-21 18:36:32,5.5,SEN198
T004800,SHP01186,2024-12-21 23:48:59,-14.8,SEN134
T004801,SHP01186,2024-12-21 02:31:26,-7.2,SEN162
T004802,SHP01186,2024-12-20 08:56:41,-17.7,SEN112
T004803,SHP01187,2024-08-20 15:06:27,0.7,SEN199
T004804,SHP01187,2024-08-20 02:06:58,-0.2,SEN115
T004805,SHP01187,2024-08-19 15:29:59,-1.0,SEN164
T004806,SHP01188,2024-04-01 22:17:22,1.2,SEN166
T004807,SHP01188,2024-04-01 15:08:52,1.1,SEN135
T004808,SHP01188,2024-03-31 22:44:37,9.4,SEN167
T004809,SHP01189,2024-12-19 05:59:57,3.7,SEN122
T004810,SHP01189,2024-12-19 17:53:55,2.4,SEN178
T004811,SHP01189,2024-12-20 19:56:15,1.5,SEN153
T004812,SHP01189,2024-12-19 20:54:30,11.6,SEN120
T004813,SHP01190,2024-03-26 03:58:46,2.2,SEN122
T004814,SHP01190,2024-03-26 12:12:25,0.9,SEN168
T004815,SHP01190,2024-03-27 09:46:42,3.0,SEN144
T004816,SHP01191,2024-11-25 02:55:44,1.9,SEN195
T004817,SHP01191,2024-11-25 19:26:38,4.3,SEN117
T004818,SHP01191,2024-11-25 17:19:22,4.1,SEN163
T004819,SHP01191,2024-11-24 20:11:01,3.9,SEN172
T004820,SHP01192,2024-08-25 06:24:32,14.8,SEN149
T004821,SHP01192,2024-08-25 12:50:16,14.1,SEN128
T004822,SHP01192,2024-08-25 13:19:24,20.3,SEN182
T004823,SHP01192,2024-08-25 03:30:53,13.5,SEN195
T004824,SHP01193,2024-01-18 09:36:38,-0.3,SEN167
T004825,SHP01193,2024-01-17 20:29:37,1.0,SEN159
T004826,SHP01193,2024-01-18 18:38:41,7.1,SEN154
T004828,SHP01194,2024-07-14 10:11:47,3.0,SEN112
T004829,SHP01194,2024-07-13 14:10:23,3.5,SEN170
T004830,SHP01194,2024-07-14 11:36:02,1.0,SEN171
T004831,SHP01194,2024-07-13 04:04:36,0.1,SEN169
T004832,SHP01195,2024-05-26 05:48:06,14.0,SEN144
T004833,SHP01195,2024-05-26 20:47:36,13.4,SEN136
T004834,SHP01195,2024-05-26 04:23:26,13.6,SEN178
T004835,SHP01195,2024-05-25 17:17:02,13.5,SEN197
T004836,SHP01195,2024-05-25 08:42:35,13.9,SEN158
T004837,SHP01196,2024-04-03 02:17:57,1.0,SEN113
T004838,SHP01196,2024-04-04 18:06:31,0.6,SEN123
T004839,SHP01196,2024-04-03 13:32:05,1.8,SEN139
T004840,SHP01196,2024-04-04 10:07:36,-0.9,SEN124
T004841,SHP01197,2024-12-03 10:09:07,3.3,SEN168
T004842,SHP01197,2024-12-03 17:54:45,3.3,SEN122
T004843,SHP01197,2024-12-03 11:54:28,4.1,SEN185
T004844,SHP01197,2024-12-03 09:01:36,1.3,SEN188
T004845,SHP01197,2024-12-02 11:50:09,10.2,SEN184
T004846,SHP01197,2024-12-02 21:27:34,2.4,SEN160
T004847,SHP01198,2024-02-19 21:42:16,8.6,SEN131
T004848,SHP01198,2024-02-18 16:20:09,2.4,SEN116
T004849,SHP01199,2024-05-06 15:13:37,11.9,SEN152
T004850,SHP01199,2024-05-07 07:55:40,9.7,SEN182
T004851,SHP01200,2024-07-28 11:48:51,1.2,SEN156
T004852,SHP01200,2024-07-28 14:04:08,2.1,SEN166
T004854,SHP01200,2024-07-28 20:08:10,1.7,SEN128
T004855,SHP01200,2024-07-28 10:29:42,6.6,SEN199
T004857,SHP01201,2024-09-28 11:55:10,2.2,SEN122
T004858,SHP01201,2024-09-28 22:08:21,2.5,SEN106
T004859,SHP01201,2024-09-27 10:15:38,1.1,SEN162
T004860,SHP01202,2024-01-01 09:26:30,0.2,SEN174
T004861,SHP01202,2024-01-01 14:01:07,1.5,SEN172
T004863,SHP01202,2024-01-02 06:05:53,0.4,SEN119
T004864,SHP01202,2024-01-01 00:58:32,8.4,SEN170
T004865,SHP01202,2024-01-02 13:52:18,-0.6,SEN112
T004866,SHP01203,2024-01-22 08:03:16,3.3,SEN176
T004867,SHP01203,2024-01-21 04:07:07,0.7,SEN162
T004868,SHP01203,2024-01-21 12:09:40,1.4,SEN174
T004869,SHP01203,2024-01-22 03:07:22,10.1,SEN150
T004870,SHP01204,2024-12-23 08:11:35,2.8,SEN101
T004871,SHP01204,2024-12-23 10:13:56,0.0,SEN180
T004873,SHP01204,2024-12-22 23:13:15,2.6,SEN186
T004874,SHP01204,2024-12-23 22:50:45,6.3,SEN188
T004876,SHP01205,2024-05-21 00:46:52,1.2,SEN105
T004878,SHP01205,2024-05-20 15:55:50,0.6,SEN123
T004879,SHP01205,2024-05-20 12:17:20,3.5,SEN197
T004881,SHP01206,2024-08-25 23:14:05,0.3,SEN156
T004882,SHP01206,2024-08-26 13:46:36,1.7,SEN116
T004883,SHP01206,2024-08-25 16:04:14,1.5,SEN161
T004884,SHP01206,2024-08-25 03:20:26,-0.4,SEN138
T004885,SHP01206,2024-08-26 04:45:53,0.8,SEN132
T004886,SHP01207,2024-01-09 06:13:05,1.9,SEN187
T004887,SHP01207,2024-01-08 01:25:57,3.5,SEN152
T004889,SHP01208,2024-03-23 18:51:56,12.0,SEN190
T004890,SHP01209,2024-12-04 08:05:17,0.5,SEN160
T004891,SHP01209,2024-12-04 19:59:50,1.5,SEN111
T004892,SHP01209,2024-12-03 08:10:24,1.3,SEN198
T004893,SHP01209,2024-12-04 00:01:18,0.2,SEN131
T004894,SHP01209,2024-12-03 10:27:54,7.9,SEN144
T004895,SHP01210,2024-11-11 20:01:24,4.0,SEN147
T004896,SHP01210,2024-11-10 15:38:39,3.5,SEN157
T004897,SHP01210,2024-11-10 23:30:06,3.6,SEN140
T004898,SHP01211,2024-06-23 04:29:36,2.2,SEN107
T004899,SHP01211,2024-06-24 09:03:05,0.7,SEN183
T004900,SHP01212,2024-10-15 18:31:42,1.8,SEN192
T004901,SHP01212,2024-10-16 21:06:05,2.7,SEN123
T004902,SHP01212,2024-10-16 05:15:03,0.4,SEN181
T004903,SHP01212,2024-10-15 19:26:03,5.6,SEN130
T004904,SHP01212,2024-10-15 08:27:02,2.3,SEN156
T004905,SHP01212,2024-10-15 12:16:19,2.8,SEN174
T004906,SHP01213,2024-10-15 05:02:50,0.3,SEN143
T004907,SHP01213,2024-10-14 10:27:00,4.0,SEN102
T004908,SHP01214,2024-10-07 06:57:52,2.8,SEN115
T004909,SHP01214,2024-10-08 08:35:00,6.4,SEN149
T004910,SHP01215,2024-02-18 17:45:57,10.0,SEN191
T004911,SHP01215,2024-02-17 14:25:19,12.4,SEN164
T004912,SHP01215,2024-02-18 07:23:37,8.8,SEN197
T004913,SHP01215,2024-02-18 17:56:05,18.0,SEN188
T004914,SHP01216,2024-09-08 06:17:16,4.0,SEN177
T004915,SHP01216,2024-09-07 23:10:15,3.7,SEN180
T004916,SHP01216,2024-09-08 04:35:36,10.1,SEN174
T004917,SHP01216,2024-09-07 22:07:08,1.6,SEN189
T004918,SHP01216,2024-09-08 00:48:28,1.4,SEN174
T004919,SHP01217,2024-08-20 09:16:58,3.9,SEN177
T004920,SHP01217,2024-08-20 20:39:41,3.1,SEN141
T004921,SHP01218,2024-01-25 15:27:37,0.7,SEN161
T004922,SHP01218,2024-01-25 03:32:46,2.6,SEN127
T004923,SHP01218,2024-01-24 10:10:58,10.6,SEN116
T004924,SHP01218,2024-01-24 22:36:22,2.3,SEN133
T004925,SHP01219,2024-06-02 20:51:31,0.3,SEN169
T004926,SHP01219,2024-06-02 17:15:57,6.3,SEN161
T004927,SHP01219,2024-06-03 05:09:40,0.5,SEN108
T004928,SHP01219,2024-06-03 06:01:09,0.7,SEN147
T004929,SHP01219,2024-06-03 14:13:54,2.4,SEN196
T004930,SHP01220,2024-03-22 19:32:42,14.3,SEN143
T004931,SHP01220,2024-03-21 10:33:55,13.3,SEN147
T004932,SHP01221,2024-06-17 15:30:42,9.5,SEN162
T004933,SHP01221,2024-06-18 19:06:57,3.5,SEN124
T004934,SHP01221,2024-06-18 12:51:12,2.7,SEN170
T004935,SHP01221,2024-06-18 05:12:03,9.7,SEN128
T004936,SHP01222,2024-05-14 16:59:07,0.6,SEN167
T004937,SHP01222,2024-05-14 10:51:27,0.4,SEN124
T004938,SHP01222,2024-05-14 07:08:53,3.6,SEN138
T004940,SHP01223,2024-12-24 19:47:35,8.0,SEN186
T004941,SHP01223,2024-12-25 08:51:12,0.1,SEN166
T004942,SHP01223,2024-12-25 20:19:06,3.0,SEN115
T004944,SHP01224,2024-01-26 23:02:55,3.7,SEN151
T004945,SHP01224,2024-01-27 21:12:51,3.3,SEN196
T004946,SHP01224,2024-01-27 02:03:39,2.7,SEN183
T004947,SHP01224,2024-01-26 05:13:33,2.1,SEN171
T004948,SHP01224,2024-01-27 08:39:38,8.4,SEN153
T004949,SHP01224,2024-01-27 22:22:39,2.0,SEN132
T004950,SHP01225,2024-04-01 21:26:01,0.8,SEN198
T004951,SHP01225,2024-04-01 18:05:33,1.9,SEN149
T004952,SHP01225,2024-04-02 12:36:50,4.4,SEN131
T004954,SHP01225,2024-04-01 19:36:15,1.2,SEN129
T004956,SHP01226,2024-06-14 09:14:05,14.7,SEN121
T004957,SHP01226,2024-06-13 03:33:52,14.2,SEN100
T004958,SHP01227,2024-03-26 02:22:18,2.6,SEN181
T004959,SHP01227,2024-03-25 15:02:04,2.6,SEN141
T004961,SHP01228,2024-03-17 22:42:55,4.0,SEN196
T004962,SHP01228,2024-03-18 17:29:10,3.2,SEN182
T004963,SHP01228,2024-03-17 03:38:58,2.3,SEN145
T004965,SHP01229,2024-10-23 11:35:28,2.1,SEN140
T004966,SHP01229,2024-10-22 04:28:13,2.4,SEN196
T004967,SHP01229,2024-10-22 11:07:42,3.9,SEN155
T004968,SHP01229,2024-10-23 06:59:10,2.5,SEN167
T004969,SHP01229,2024-10-22 14:22:23,1.8,SEN195
T004970,SHP01230,2024-08-11 07:25:11,1.4,SEN146
T004971,SHP01230,2024-08-11 14:23:23,1.0,SEN178
T004972,SHP01230,2024-08-10 12:40:09,3.8,SEN192
T004973,SHP01230,2024-08-11 20:06:11,1.6,SEN131
T004974,SHP01230,2024-08-10 16:16:10,6.6,SEN132
T004975,SHP01230,2024-08-10 11:22:34,1.9,SEN181
T004976,SHP01231,2024-07-12 13:09:35,0.9,SEN158
T004977,SHP01231,2024-07-13 15:06:40,1.5,SEN179
T004978,SHP01231,2024-07-13 03:00:49,2.2,SEN166
T004979,SHP01232,2024-01-23 17:46:57,2.0,SEN168
T004980,SHP01232,2024-01-23 11:03:45,5.8,SEN176
T004981,SHP01232,2024-01-23 20:04:15,3.1,SEN141
T004982,SHP01232,2024-01-22 16:49:57,1.3,SEN114
T004983,SHP01232,2024-01-23 02:25:31,1.5,SEN136
T004984,SHP01233,2024-02-04 03:26:21,2.3,SEN135
T004985,SHP01233,2024-02-03 19:37:11,0.7,SEN184
T004986,SHP01234,2024-11-26 05:16:59,-0.6,SEN131
T004988,SHP01234,2024-11-25 17:50:57,-0.3,SEN124
T004989,SHP01234,2024-11-26 21:21:16,4.9,SEN140
T004991,SHP01235,2024-05-05 00:10:51,5.2,SEN193
T004992,SHP01235,2024-05-05 19:58:44,4.4,SEN167
T004993,SHP01235,2024-05-05 06:12:06,4.0,SEN181
T004994,SHP01235,2024-05-05 02:29:50,4.6,SEN199
T004995,SHP01235,2024-05-04 09:08:11,3.9,SEN154
T004996,SHP01235,2024-05-04 22:30:19,4.4,SEN128
T004997,SHP01236,2024-03-22 11:52:06,-16.5,SEN155
T004998,SHP01236,2024-03-23 03:19:21,-11.7,SEN184
T004999,SHP01236,2024-03-23 14:53:59,-16.5,SEN142
T005001,SHP01236,2024-03-22 02:13:32,-16.9,SEN190
T005002,SHP01236,2024-03-23 21:22:02,-16.8,SEN193
T005003,SHP01237,2024-01-21 21:11:21,-0.9,SEN129
T005004,SHP01237,2024-01-21 07:04:59,1.1,SEN145
T005005,SHP01238,2024-10-05 13:54:11,0.6,SEN130
T005006,SHP01238,2024-10-06 08:11:38,2.5,SEN194
T005007,SHP01238,2024-10-05 03:14:56,2.0,SEN156
T005008,SHP01239,2024-10-22 12:59:27,0.7,SEN192
T005010,SHP01239,2024-10-22 18:12:17,-0.7,SEN170
T005011,SHP01239,2024-10-22 00:17:20,-0.9,SEN164
T005012,SHP01240,2024-05-21 15:08:25,1.3,SEN125
T005013,SHP01240,2024-05-21 17:29:57,3.2,SEN194
T005014,SHP01240,2024-05-21 22:54:23,2.5,SEN155
T005015,SHP01240,2024-05-22 21:23:12,3.5,SEN104
T005016,SHP01241,2024-04-20 16:45:41,-15.1,SEN124
T005017,SHP01241,2024-04-20 19:56:22,-11.7,SEN123
T005018,SHP01241,2024-04-20 05:07:27,-17.6,SEN149
T005019,SHP01241,2024-04-21 13:30:23,-16.3,SEN123
T005020,SHP01241,2024-04-21 20:58:11,-15.2,SEN128
T005021,SHP01242,2024-12-31 13:00:12,5.3,SEN114
T005022,SHP01242,2024-12-31 03:31:41,5.8,SEN139
T005023,SHP01242,2024-12-30 23:00:47,3.9,SEN100
T005024,SHP01242,2024-12-30 09:13:34,9.4,SEN104
T005025,SHP01242,2024-12-31 01:28:24,10.2,SEN104
T005026,SHP01243,2024-03-10 00:05:21,2.7,SEN154
T005027,SHP01243,2024-03-10 20:35:07,10.1,SEN154
T005028,SHP01243,2024-03-09 18:56:38,0.8,SEN143
T005029,SHP01243,2024-03-09 19:09:22,0.2,SEN161
T005030,SHP01243,2024-03-10 03:04:40,3.7,SEN157
T005031,SHP01244,2024-02-18 15:42:10,3.0,SEN112
T005032,SHP01244,2024-02-19 11:45:44,6.5,SEN181
T005033,SHP01244,2024-02-19 19:12:35,1.8,SEN116
T005035,SHP01245,2024-06-21 01:35:35,3.6,SEN178
T005036,SHP01245,2024-06-20 01:14:16,3.1,SEN169
T005037,SHP01245,2024-06-21 01:22:21,10.4,SEN119
T005038,SHP01246,2024-05-26 12:17:29,2.0,SEN160
T005039,SHP01246,2024-05-25 01:01:17,0.2,SEN136
T005041,SHP01247,2024-06-09 21:35:56,1.9,SEN197
T005042,SHP01247,2024-06-08 19:29:28,1.0,SEN101
T005043,SHP01247,2024-06-09 12:47:35,0.5,SEN114
T005044,SHP01247,2024-06-09 06:13:29,2.5,SEN155
T005045,SHP01248,2024-01-15 09:49:19,1.1,SEN156
T005046,SHP01248,2024-01-14 02:01:13,1.4,SEN139
T005047,SHP01249,2024-06-21 06:45:16,0.1,SEN175
T005048,SHP01249,2024-06-20 01:06:32,2.5,SEN173
T005049,SHP01249,2024-06-21 07:14:21,0.1,SEN139
T005050,SHP01249,2024-06-20 11:36:56,1.2,SEN155
T005051,SHP01250,2024-01-12 07:10:29,3.7,SEN164
T005053,SHP01250,2024-01-11 19:21:56,3.1,SEN162
T005054,SHP01250,2024-01-11 17:24:55,2.3,SEN198
T005055,SHP01251,2024-01-10 01:50:32,4.8,SEN193
T005056,SHP01251,2024-01-11 13:33:09,1.4,SEN198
T005057,SHP01251,2024-01-10 08:49:51,2.6,SEN134
T005058,SHP01251,2024-01-11 05:24:12,3.5,SEN190
T005059,SHP01251,2024-01-11 08:13:02,2.8,SEN104
T005060,SHP01251,2024-01-10 12:28:22,9.8,SEN127
T005061,SHP01252,2024-12-16 00:52:21,9.7,SEN189
T005063,SHP01252,2024-12-16 23:47:56,3.5,SEN121
T005064,SHP01252,2024-12-16 00:29:30,4.8,SEN173
T005065,SHP01252,2024-12-16 02:26:40,3.5,SEN174
T005066,SHP01252,2024-12-16 03:31:43,2.9,SEN101
T005067,SHP01253,2024-04-03 19:06:14,13.2,SEN152
T005069,SHP01253,2024-04-03 14:06:53,14.3,SEN177
T005070,SHP01253,2024-04-03 04:36:16,13.4,SEN106
T005071,SHP01253,2024-04-03 12:31:59,13.5,SEN152
T005072,SHP01253,2024-04-03 21:04:52,13.3,SEN114
T005073,SHP01254,2024-05-03 05:11:03,-13.2,SEN156
T005074,SHP01254,2024-05-03 18:56:37,-16.5,SEN198
T005075,SHP01254,2024-05-04 21:18:59,-8.7,SEN174
T005076,SHP01255,2024-07-28 06:39:57,10.3,SEN139
T005077,SHP01255,2024-07-28 02:39:28,1.5,SEN180
T005078,SHP01255,2024-07-28 13:36:53,2.0,SEN115
T005079,SHP01255,2024-07-27 10:34:57,0.9,SEN197
T005080,SHP01256,2024-10-16 20:21:59,4.8,SEN135
T005081,SHP01256,2024-10-17 15:41:41,3.9,SEN133
T005082,SHP01256,2024-10-16 21:29:39,10.2,SEN153
T005083,SHP01256,2024-10-16 12:35:58,3.7,SEN113
T005084,SHP01257,2024-10-21 22:29:24,1.0,SEN187
T005085,SHP01257,2024-10-20 06:53:05,3.0,SEN153
T005086,SHP01257,2024-10-21 23:19:44,1.1,SEN132
T005087,SHP01257,2024-10-21 03:31:16,2.7,SEN114
T005089,SHP01258,2024-09-24 20:34:17,1.9,SEN102
T005090,SHP01258,2024-09-25 14:46:57,3.2,SEN156
T005091,SHP01259,2024-10-19 11:19:30,3.9,SEN139
T005092,SHP01259,2024-10-19 08:09:56,10.5,SEN100
T005093,SHP01259,2024-10-19 07:40:29,3.0,SEN115
T005094,SHP01260,2024-10-16 18:53:24,3.4,SEN100
T005095,SHP01260,2024-10-15 05:57:02,7.5,SEN145
T005096,SHP01260,2024-10-15 16:57:16,0.6,SEN149
T005097,SHP01260,2024-10-16 15:13:41,0.8,SEN155
T005098,SHP01261,2024-04-20 12:16:47,5.7,SEN115
T005099,SHP01261,2024-04-20 03:28:29,6.9,SEN101
T005100,SHP01261,2024-04-21 20:37:37,2.7,SEN180
T005101,SHP01262,2024-05-25 16:17:05,10.9,SEN147
T005102,SHP01262,2024-05-26 06:39:12,2.2,SEN165
T005103,SHP01262,2024-05-26 01:13:42,9.2,SEN122
T005104,SHP01262,2024-05-25 22:35:56,1.8,SEN119
T005105,SHP01263,2024-03-17 09:13:43,-0.1,SEN123
T005106,SHP01263,2024-03-17 01:24:57,-0.4,SEN113
T005107,SHP01263,2024-03-16 19:31:19,-0.3,SEN120
T005108,SHP01263,2024-03-17 18:09:47,-0.3,SEN116
T005109,SHP01263,2024-03-16 20:37:05,1.7,SEN137
T005110,SHP01264,2024-02-08 00:19:02,6.7,SEN165
T005111,SHP01264,2024-02-08 16:32:13,8.6,SEN197
T005112,SHP01264,2024-02-08 06:43:40,3.9,SEN158
T005113,SHP01264,2024-02-07 07:15:01,8.7,SEN173
T005114,SHP01264,2024-02-07 09:18:22,2.4,SEN109
T005115,SHP01265,2024-04-09 18:28:17,0.0,SEN120
T005117,SHP01265,2024-04-09 15:07:09,-0.2,SEN100
T005118,SHP01266,2024-04-25 19:04:59,2.6,SEN182
T005119,SHP01266,2024-04-24 01:31:26,3.1,SEN109
T005120,SHP01266,2024-04-25 10:08:22,3.6,SEN126
T005121,SHP01266,2024-04-25 04:38:59,7.9,SEN143
T005122,SHP01267,2024-02-09 02:37:11,3.7,SEN168
T005123,SHP01267,2024-02-09 07:24:03,0.8,SEN185
T005125,SHP01268,2024-11-19 15:15:16,-0.2,SEN120
T005126,SHP01268,2024-11-18 02:47:57,-0.6,SEN115
T005127,SHP01269,2024-07-08 09:16:11,2.1,SEN178
T005128,SHP01269,2024-07-07 09:18:34,1.5,SEN114
T005129,SHP01269,2024-07-08 08:04:16,3.1,SEN130
T005130,SHP01269,2024-07-07 04:31:25,2.2,SEN162
T005131,SHP01269,2024-07-08 17:17:32,3.2,SEN174
T005132,SHP01269,2024-07-07 18:07:25,4.2,SEN154
T005133,SHP01270,2024-07-25 11:18:45,3.4,SEN148
T005134,SHP01270,2024-07-25 01:49:04,1.2,SEN118
T005135,SHP01271,2024-03-24 14:52:02,9.2,SEN139
T005136,SHP01271,2024-03-24 06:40:36,8.0,SEN116
T005137,SHP01271,2024-03-23 16:10:14,3.7,SEN181
T005138,SHP01271,2024-03-23 07:01:40,11.9,SEN154
T005140,SHP01272,2024-03-08 06:01:04,3.8,SEN107
T005141,SHP01272,2024-03-08 15:30:27,0.1,SEN161
T005142,SHP01272,2024-03-08 23:49:41,11.1,SEN183
T005143,SHP01273,2024-03-26 18:26:42,2.8,SEN108
T005144,SHP01273,2024-03-25 22:55:31,4.0,SEN145
T005145,SHP01274,2024-09-10 18:59:30,5.4,SEN147
T005146,SHP01274,2024-09-10 20:05:59,0.6,SEN111
T005147,SHP01274,2024-09-11 14:51:25,6.5,SEN120
T005148,SHP01275,2024-01-25 10:50:58,1.8,SEN125
T005149,SHP01275,2024-01-25 21:45:43,2.7,SEN135
T005150,SHP01276,2024-02-22 00:28:50,0.8,SEN119
T005151,SHP01276,2024-02-23 16:35:05,0.2,SEN194
T005152,SHP01276,2024-02-23 14:12:44,0.7,SEN161
T005153,SHP01277,2024-03-24 20:54:57,5.9,SEN163
T005154,SHP01277,2024-03-24 18:51:18,5.3,SEN157
T005155,SHP01278,2024-10-07 01:25:23,14.1,SEN121
T005156,SHP01278,2024-10-06 10:57:49,13.3,SEN115
T005157,SHP01278,2024-10-06 07:19:42,22.5,SEN126
T005158,SHP01278,2024-10-07 08:11:23,14.1,SEN122
T005160,SHP01278,2024-10-07 08:26:47,14.3,SEN170
T005161,SHP01279,2024-10-05 13:59:55,5.5,SEN182
T005162,SHP01279,2024-10-06 13:47:44,4.1,SEN146
T005163,SHP01279,2024-10-05 02:30:04,3.8,SEN160
T005164,SHP01279,2024-10-06 03:33:05,12.6,SEN194
T005165,SHP01280,2024-03-01 19:43:56,16.7,SEN176
T005166,SHP01280,2024-03-02 16:25:44,16.9,SEN146
T005168,SHP01280,2024-03-02 02:07:09,14.8,SEN169
T005169,SHP01281,2024-01-03 11:36:02,2.0,SEN195
T005170,SHP01281,2024-01-03 03:53:26,2.1,SEN193
T005171,SHP01281,2024-01-02 06:57:03,2.9,SEN180
T005172,SHP01281,2024-01-03 12:45:44,10.3,SEN175
T005173,SHP01281,2024-01-02 09:15:41,2.0,SEN130
T005174,SHP01282,2024-06-20 20:11:22,7.0,SEN153
T005175,SHP01282,2024-06-20 04:00:10,0.5,SEN151
T005176,SHP01283,2024-10-17 09:35:42,10.5,SEN126
T005177,SHP01283,2024-10-18 20:55:31,8.0,SEN121
T005178,SHP01284,2024-01-10 08:57:20,-11.9,SEN126
T005179,SHP01284,2024-01-09 13:15:49,-16.8,SEN197
T005180,SHP01284,2024-01-09 10:52:56,-15.5,SEN114
T005181,SHP01285,2024-05-30 02:23:14,0.2,SEN119
T005182,SHP01285,2024-05-29 22:49:01,0.0,SEN188
T005183,SHP01285,2024-05-30 03:56:23,2.4,SEN140
T005184,SHP01285,2024-05-29 02:13:03,3.0,SEN197
T005185,SHP01285,2024-05-30 03:29:15,2.7,SEN103
T005186,SHP01286,2024-01-19 00:33:27,3.6,SEN196
T005187,SHP01286,2024-01-19 21:10:00,7.3,SEN129
T005188,SHP01286,2024-01-19 20:01:31,0.6,SEN128
T005189,SHP01286,2024-01-19 22:38:54,1.5,SEN155
T005190,SHP01286,2024-01-19 05:15:09,0.7,SEN183
T005192,SHP01287,2024-08-19 19:02:56,0.4,SEN141
T005193,SHP01287,2024-08-19 14:09:10,0.1,SEN121
T005195,SHP01287,2024-08-19 14:26:55,0.3,SEN105
T005196,SHP01287,2024-08-19 16:10:56,0.3,SEN119
T005197,SHP01288,2024-11-16 05:57:14,3.5,SEN179
T005198,SHP01288,2024-11-16 14:02:03,7.9,SEN198
T005199,SHP01288,2024-11-15 05:51:25,1.6,SEN167
T005201,SHP01289,2024-09-25 19:15:00,2.9,SEN193
T005202,SHP01289,2024-09-25 22:54:46,1.0,SEN113
T005203,SHP01289,2024-09-25 04:29:36,3.8,SEN133
T005204,SHP01289,2024-09-25 07:32:46,1.1,SEN189
T005205,SHP01290,2024-11-13 14:39:25,1.5,SEN153
T005206,SHP01290,2024-11-14 08:17:38,0.3,SEN126
T005207,SHP01290,2024-11-13 22:33:29,3.7,SEN191
T005208,SHP01290,2024-11-14 20:15:31,2.3,SEN187
T005209,SHP01290,2024-11-13 14:53:33,2.4,SEN140
T005210,SHP01290,2024-11-13 22:49:41,2.2,SEN100
T005211,SHP01291,2024-09-26 07:10:38,1.7,SEN111
T005213,SHP01291,2024-09-25 09:54:08,0.2,SEN104
T005214,SHP01292,2024-10-21 10:14:03,0.5,SEN128
T005215,SHP01292,2024-10-22 01:04:21,9.3,SEN183
T005216,SHP01293,2024-06-21 11:43:50,-0.9,SEN140
T005217,SHP01293,2024-06-22 21:50:27,0.1,SEN154
T005218,SHP01294,2024-11-07 03:03:48,0.3,SEN199
T005219,SHP01294,2024-11-08 19:43:30,11.4,SEN137
T005220,SHP01294,2024-11-08 10:41:39,10.2,SEN190
T005221,SHP01294,2024-11-08 15:21:19,7.5,SEN119
T005222,SHP01295,2024-05-14 13:26:51,2.8,SEN134
T005223,SHP01295,2024-05-15 22:05:56,5.4,SEN190
T005225,SHP01295,2024-05-15 18:07:37,7.8,SEN184
T005227,SHP01296,2024-06-06 21:42:42,0.5,SEN107
T005228,SHP01296,2024-06-06 18:21:02,3.6,SEN116
T005229,SHP01296,2024-06-05 20:17:27,3.2,SEN165
T005230,SHP01296,2024-06-06 00:53:20,0.2,SEN176
T005231,SHP01297,2024-12-27 05:26:32,3.4,SEN130
T005232,SHP01297,2024-12-26 18:45:49,3.4,SEN118
T005233,SHP01297,2024-12-26 13:45:28,3.5,SEN132
T005234,SHP01297,2024-12-26 11:12:49,3.5,SEN155
T005235,SHP01298,2024-06-16 20:38:49,3.3,SEN199
T005236,SHP01298,2024-06-16 04:57:47,5.3,SEN188
T005237,SHP01298,2024-06-17 23:58:18,9.8,SEN183
T005238,SHP01298,2024-06-17 08:21:58,2.9,SEN182
T005239,SHP01299,2024-06-12 06:22:16,14.6,SEN196
T005240,SHP01299,2024-06-12 02:04:46,14.9,SEN187
T005241,SHP01299,2024-06-11 20:33:19,14.0,SEN187
T005242,SHP01299,2024-06-11 18:02:08,13.9,SEN114
T005243,SHP01299,2024-06-11 10:54:58,14.5,SEN101
T005244,SHP01300,2024-07-16 06:25:54,2.7,SEN135
T005245,SHP01300,2024-07-16 16:12:54,2.0,SEN130
T005246,SHP01300,2024-07-15 17:48:49,2.8,SEN183
T005247,SHP01300,2024-07-15 22:30:08,10.9,SEN155
T005248,SHP01301,2024-03-07 20:28:31,2.2,SEN198
T005249,SHP01301,2024-03-07 17:24:53,3.7,SEN130
T005250,SHP01301,2024-03-08 09:42:52,3.6,SEN140
T005251,SHP01301,2024-03-08 14:10:04,4.0,SEN127
T005252,SHP01301,2024-03-08 11:53:11,2.2,SEN166
T005253,SHP01301,2024-03-08 03:28:13,2.8,SEN157
T005254,SHP01302,2024-07-31 17:12:23,1.2,SEN172
T005255,SHP01302,2024-08-01 07:32:44,1.2,SEN145
T005256,SHP01302,2024-08-01 20:14:29,0.1,SEN119
T005257,SHP01302,2024-07-31 21:27:06,0.6,SEN119
T005258,SHP01303,2024-06-23 21:25:25,-0.9,SEN194
T005259,SHP01303,2024-06-23 18:48:12,6.8,SEN136
T005260,SHP01303,2024-06-22 04:33:09,1.8,SEN176
T005261,SHP01303,2024-06-23 14:59:59,-0.2,SEN192
T005262,SHP01303,2024-06-23 15:48:06,1.7,SEN148
T005263,SHP01304,2024-12-21 18:48:47,2.1,SEN178
T005264,SHP01304,2024-12-21 23:51:03,3.9,SEN195
T005265,SHP01304,2024-12-21 14:21:17,1.6,SEN111
T005266,SHP01305,2024-04-28 05:39:07,2.7,SEN174
T005267,SHP01305,2024-04-29 02:36:42,0.6,SEN199
T005268,SHP01306,2024-01-18 08:53:53,1.9,SEN149
T005269,SHP01306,2024-01-18 00:06:39,-0.6,SEN188
T005270,SHP01306,2024-01-19 16:51:46,-0.4,SEN196
T005271,SHP01307,2024-09-08 22:06:13,0.7,SEN114
T005273,SHP01307,2024-09-09 10:00:10,8.0,SEN124
T005274,SHP01307,2024-09-08 23:36:39,1.3,SEN189
T005275,SHP01307,2024-09-09 19:35:37,1.0,SEN112
T005276,SHP01308,2024-07-06 12:07:34,0.0,SEN104
T005277,SHP01308,2024-07-06 23:05:42,1.0,SEN114
T005278,SHP01308,2024-07-06 03:08:39,2.0,SEN190
T005279,SHP01308,2024-07-06 02:25:11,0.6,SEN184
T005281,SHP01309,2024-02-03 06:46:04,5.5,SEN100
T005282,SHP01309,2024-02-02 17:13:36,10.6,SEN194
T005283,SHP01309,2024-02-03 05:10:27,4.0,SEN190
T005284,SHP01310,2024-08-01 13:37:03,3.2,SEN162
T005285,SHP01310,2024-07-31 21:47:02,4.3,SEN128
T005286,SHP01310,2024-07-31 20:16:09,4.5,SEN187
T005287,SHP01310,2024-08-01 03:59:01,6.6,SEN110
T005288,SHP01310,2024-08-01 07:39:56,2.4,SEN181
T005289,SHP01310,2024-07-31 02:26:05,4.6,SEN103
T005290,SHP01311,2024-04-03 12:43:02,3.5,SEN105
T005291,SHP01311,2024-04-03 22:46:06,3.0,SEN135
T005293,SHP01311,2024-04-03 11:00:20,2.6,SEN123
T005294,SHP01311,2024-04-02 01:36:08,2.7,SEN161
T005295,SHP01312,2024-11-13 09:47:09,2.6,SEN160
T005296,SHP01312,2024-11-13 12:40:41,3.5,SEN173
T005297,SHP01312,2024-11-13 16:01:14,3.2,SEN131
T005298,SHP01313,2024-11-26 16:57:23,2.1,SEN156
T005300,SHP01313,2024-11-26 05:21:25,3.8,SEN194
T005301,SHP01313,2024-11-27 07:10:33,0.6,SEN166
T005302,SHP01313,2024-11-27 04:36:38,4.0,SEN157
T005303,SHP01314,2024-04-03 03:34:35,2.5,SEN157
T005304,SHP01314,2024-04-04 10:17:22,6.4,SEN169
T005305,SHP01315,2024-11-24 01:56:05,8.4,SEN125
T005306,SHP01315,2024-11-24 07:12:03,-0.2,SEN194
T005307,SHP01315,2024-11-23 04:35:40,6.3,SEN126
T005308,SHP01315,2024-11-24 03:35:36,1.0,SEN150
T005309,SHP01315,2024-11-23 15:01:53,1.5,SEN103
T005310,SHP01315,2024-11-24 23:13:03,0.5,SEN101
T005311,SHP01316,2024-10-11 15:27:05,11.3,SEN164
T005312,SHP01316,2024-10-12 20:01:35,3.4,SEN170
T005313,SHP01316,2024-10-12 13:23:40,2.7,SEN103
T005314,SHP01316,2024-10-12 03:06:11,3.2,SEN195
T005315,SHP01317,2024-05-14 14:41:11,2.6,SEN117
T005316,SHP01317,2024-05-13 23:37:24,3.1,SEN175
T005318,SHP01318,2024-04-05 03:22:02,8.9,SEN147
T005319,SHP01318,2024-04-05 15:24:50,9.2,SEN130
T005320,SHP01318,2024-04-06 13:02:48,8.1,SEN148
T005321,SHP01318,2024-04-05 23:41:02,10.7,SEN182
T005322,SHP01318,2024-04-05 10:13:54,17.6,SEN129
T005323,SHP01319,2024-06-16 03:18:58,3.2,SEN155
T005324,SHP01319,2024-06-17 23:28:55,4.0,SEN175
T005325,SHP01320,2024-01-29 04:33:30,0.9,SEN162
T005326,SHP01320,2024-01-28 09:08:06,0.5,SEN187
T005327,SHP01320,2024-01-29 05:53:34,2.0,SEN159
T005328,SHP01320,2024-01-28 23:18:39,3.8,SEN180
T005329,SHP01321,2024-04-18 01:50:44,0.4,SEN117
T005330,SHP01321,2024-04-17 13:45:58,11.2,SEN147
T005331,SHP01321,2024-04-17 06:54:22,0.2,SEN112
T005332,SHP01322,2024-07-18 22:44:28,-0.2,SEN138
T005333,SHP01322,2024-07-17 12:57:38,0.3,SEN161
T005334,SHP01322,2024-07-18 13:53:18,0.1,SEN141
T005335,SHP01322,2024-07-17 15:46:00,0.3,SEN117
T005336,SHP01322,2024-07-17 16:05:37,0.8,SEN128
T005337,SHP01323,2024-03-18 05:57:54,19.5,SEN115
T005338,SHP01323,2024-03-18 23:21:26,11.3,SEN195
T005339,SHP01323,2024-03-17 22:52:51,10.5,SEN184
T005341,SHP01323,2024-03-17 00:32:10,10.8,SEN168
T005342,SHP01324,2024-11-10 13:54:07,3.0,SEN153
T005343,SHP01324,2024-11-10 20:50:10,3.2,SEN133
T005344,SHP01325,2024-01-26 09:47:38,3.3,SEN195
T005345,SHP01325,2024-01-25 03:48:47,4.2,SEN193
T005346,SHP01325,2024-01-25 08:54:05,3.2,SEN140
T005347,SHP01325,2024-01-26 06:31:13,5.7,SEN110
T005348,SHP01326,2024-12-10 20:09:06,11.3,SEN135
T005349,SHP01326,2024-12-10 02:19:41,5.1,SEN193
T005350,SHP01326,2024-12-10 15:09:57,4.0,SEN194
T005351,SHP01326,2024-12-11 20:23:17,3.0,SEN103
T005352,SHP01327,2024-08-13 06:07:41,-0.2,SEN138
T005353,SHP01327,2024-08-13 06:11:56,4.8,SEN106
T005354,SHP01328,2024-12-06 03:27:49,0.1,SEN132
T005355,SHP01328,2024-12-06 20:48:10,6.2,SEN139
T005356,SHP01328,2024-12-06 02:21:11,0.0,SEN105
T005357,SHP01328,2024-12-06 14:03:31,4.3,SEN152
T005358,SHP01328,2024-12-07 05:55:01,1.4,SEN149
T005359,SHP01329,2024-01-06 22:27:10,6.4,SEN156
T005360,SHP01329,2024-01-05 00:54:30,1.4,SEN170
T005361,SHP01329,2024-01-05 13:32:13,0.6,SEN154
T005362,SHP01329,2024-01-05 02:54:17,1.8,SEN124
T005363,SHP01329,2024-01-06 04:55:01,2.8,SEN194
T005364,SHP01329,2024-01-05 05:22:51,4.0,SEN185
T005365,SHP01330,2024-07-13 08:29:25,7.1,SEN184
T005366,SHP01330,2024-07-13 05:38:24,2.2,SEN172
T005367,SHP01331,2024-08-20 05:13:29,2.6,SEN102
T005368,SHP01331,2024-08-21 16:48:53,3.7,SEN199
T005369,SHP01331,2024-08-20 20:46:34,2.1,SEN135
T005370,SHP01331,2024-08-21 17:07:27,3.6,SEN192
T005371,SHP01332,2024-03-21 15:59:28,10.5,SEN112
T005372,SHP01332,2024-03-21 18:51:00,3.4,SEN199
T005373,SHP01332,2024-03-20 05:50:19,9.6,SEN158
T005374,SHP01332,2024-03-20 17:23:11,2.1,SEN148
T005375,SHP01332,2024-03-21 20:11:24,3.0,SEN135
T005376,SHP01333,2024-11-14 12:31:54,2.6,SEN182
T005377,SHP01333,2024-11-13 08:38:26,3.8,SEN187
T005378,SHP01333,2024-11-14 02:01:39,3.9,SEN123
T005379,SHP01333,2024-11-14 17:36:24,3.5,SEN130
T005380,SHP01333,2024-11-13 13:02:56,9.1,SEN195
T005381,SHP01334,2024-02-25 04:35:36,-7.5,SEN190
T005382,SHP01334,2024-02-25 11:54:43,-16.3,SEN141
T005384,SHP01334,2024-02-25 01:27:11,-12.6,SEN173
T005385,SHP01335,2024-11-12 07:42:22,2.0,SEN149
T005386,SHP01335,2024-11-12 02:07:54,3.5,SEN151
T005387,SHP01335,2024-11-12 03:50:30,3.9,SEN182
T005388,SHP01335,2024-11-12 16:27:50,3.1,SEN164
T005389,SHP01336,2024-12-12 22:52:34,2.6,SEN131
T005390,SHP01336,2024-12-13 08:19:53,2.7,SEN161
T005391,SHP01336,2024-12-13 03:27:50,1.0,SEN126
T005392,SHP01336,2024-12-12 11:54:54,0.2,SEN118
T005393,SHP01336,2024-12-13 17:02:24,2.3,SEN158
T005394,SHP01337,2024-10-12 03:26:21,3.7,SEN139
T005395,SHP01337,2024-10-11 20:45:41,3.6,SEN188
T005396,SHP01338,2024-03-23 03:55:02,7.5,SEN115
T005397,SHP01338,2024-03-23 07:51:24,1.7,SEN132
T005398,SHP01338,2024-03-24 07:08:05,0.7,SEN126
T005399,SHP01338,2024-03-24 03:48:35,0.3,SEN101
T005400,SHP01338,2024-03-24 12:05:49,0.1,SEN157
T005401,SHP01339,2024-02-01 17:59:19,2.1,SEN183
T005402,SHP01339,2024-02-02 14:13:55,5.1,SEN193
T005403,SHP01339,2024-02-02 23:03:13,4.7,SEN162
T005404,SHP01339,2024-02-01 13:19:07,3.2,SEN157
T005406,SHP01340,2024-09-28 22:28:02,10.8,SEN107
T005407,SHP01340,2024-09-29 21:40:42,2.7,SEN102
T005408,SHP01340,2024-09-29 22:12:36,2.7,SEN132
T005409,SHP01340,2024-09-29 15:52:29,2.1,SEN179
T005410,SHP01341,2024-09-28 14:59:15,6.6,SEN116
T005411,SHP01341,2024-09-27 10:23:25,4.0,SEN133
T005413,SHP01341,2024-09-27 16:10:04,1.3,SEN185
T005414,SHP01341,2024-09-28 16:00:19,1.6,SEN196
T005415,SHP01341,2024-09-28 15:44:51,0.8,SEN188
T005417,SHP01342,2024-03-21 16:23:24,2.3,SEN127
T005418,SHP01342,2024-03-21 07:42:22,9.5,SEN193
T005419,SHP01342,2024-03-22 09:55:30,2.1,SEN199
T005420,SHP01343,2024-05-04 08:16:05,10.3,SEN171
T005421,SHP01343,2024-05-04 02:39:19,11.8,SEN134
T005422,SHP01343,2024-05-04 11:17:53,18.9,SEN182
T005423,SHP01344,2024-02-04 19:40:04,2.2,SEN154
T005424,SHP01344,2024-02-05 13:49:19,6.3,SEN123
T005425,SHP01344,2024-02-05 18:00:24,5.5,SEN133
T005426,SHP01344,2024-02-05 12:58:23,0.9,SEN136
T005427,SHP01344,2024-02-04 02:43:06,0.1,SEN161
T005428,SHP01345,2024-10-15 20:45:10,10.4,SEN128
T005429,SHP01345,2024-10-15 22:25:03,3.5,SEN167
T005430,SHP01345,2024-10-15 05:05:46,1.1,SEN136
T005431,SHP01345,2024-10-15 05:21:41,0.3,SEN124
T005433,SHP01345,2024-10-16 14:32:06,9.5,SEN143
T005434,SHP01346,2024-11-08 18:38:00,0.1,SEN109
T005435,SHP01346,2024-11-09 01:26:52,2.5,SEN161
T005436,SHP01346,2024-11-08 02:33:59,0.6,SEN185
T005437,SHP01346,2024-11-08 09:26:25,2.1,SEN196
T005438,SHP01346,2024-11-09 11:22:26,6.5,SEN102
T005439,SHP01346,2024-11-08 23:03:20,3.8,SEN129
T005440,SHP01347,2024-04-25 17:18:07,7.5,SEN122
T005441,SHP01347,2024-04-24 13:30:27,6.2,SEN170
T005442,SHP01347,2024-04-25 08:17:29,2.8,SEN181
T005443,SHP01348,2024-05-26 05:39:47,8.9,SEN188
T005444,SHP01348,2024-05-26 20:11:07,3.4,SEN133
T005445,SHP01348,2024-05-26 05:08:05,0.3,SEN119
T005446,SHP01348,2024-05-27 19:28:21,4.0,SEN133
T005447,SHP01349,2024-05-28 04:36:09,8.7,SEN110
T005448,SHP01349,2024-05-28 09:03:04,0.1,SEN129
T005449,SHP01349,2024-05-29 23:06:21,3.6,SEN147
T005450,SHP01349,2024-05-28 20:44:47,1.5,SEN155
T005451,SHP01349,2024-05-28 10:24:30,1.0,SEN137
T005452,SHP01350,2024-08-27 23:07:12,0.8,SEN186
T005453,SHP01350,2024-08-28 18:33:27,4.0,SEN167
T005454,SHP01350,2024-08-27 22:45:14,1.5,SEN161
T005455,SHP01351,2024-10-07 13:20:35,0.6,SEN106
T005456,SHP01351,2024-10-07 23:05:39,-1.0,SEN122
T005457,SHP01351,2024-10-06 06:33:31,5.8,SEN110
T005458,SHP01352,2024-10-02 19:14:58,3.3,SEN145
T005459,SHP01352,2024-10-02 16:55:12,3.4,SEN120
T005460,SHP01352,2024-10-02 06:59:35,2.5,SEN183
T005461,SHP01352,2024-10-03 09:44:30,2.7,SEN131
T005462,SHP01352,2024-10-03 21:48:00,0.6,SEN191
T005463,SHP01353,2024-03-24 18:28:57,-11.1,SEN193
T005464,SHP01353,2024-03-24 03:19:51,-16.0,SEN134
T005465,SHP01353,2024-03-23 08:13:49,-14.4,SEN167
T005467,SHP01353,2024-03-24 01:50:31,-16.5,SEN178
T005468,SHP01354,2024-10-03 18:12:40,0.1,SEN121
T005469,SHP01354,2024-10-04 21:56:43,3.5,SEN148
T005470,SHP01355,2024-06-02 04:48:57,3.0,SEN140
T005471,SHP01355,2024-06-03 00:39:43,0.3,SEN118
T005472,SHP01355,2024-06-02 03:43:10,0.1,SEN101
T005473,SHP01355,2024-06-02 03:18:53,0.4,SEN176
T005474,SHP01356,2024-08-04 21:54:24,2.8,SEN123
T005475,SHP01356,2024-08-05 20:18:42,1.8,SEN137
T005476,SHP01356,2024-08-04 17:09:54,0.9,SEN103
T005477,SHP01356,2024-08-04 10:01:59,0.8,SEN108
T005478,SHP01357,2024-12-31 15:31:06,8.5,SEN138
T005479,SHP01357,2024-12-31 10:48:42,9.8,SEN111
T005480,SHP01358,2024-12-12 10:44:49,2.8,SEN191
T005481,SHP01358,2024-12-11 22:08:10,2.7,SEN172
T005482,SHP01358,2024-12-11 21:38:54,3.6,SEN153
T005483,SHP01359,2024-11-23 00:19:37,12.0,SEN113
T005484,SHP01359,2024-11-24 23:53:19,2.8,SEN156
T005485,SHP01360,2024-05-17 04:35:13,0.9,SEN181
T005486,SHP01360,2024-05-17 18:30:39,0.3,SEN100
T005487,SHP01360,2024-05-16 13:53:32,3.5,SEN121
T005488,SHP01361,2024-05-05 23:00:56,3.3,SEN178
T005489,SHP01361,2024-05-04 07:38:45,11.4,SEN192
T005490,SHP01361,2024-05-05 23:10:32,1.0,SEN153
T005491,SHP01361,2024-05-04 16:03:45,2.1,SEN188
T005492,SHP01361,2024-05-04 02:32:38,3.7,SEN183
T005493,SHP01362,2024-01-22 13:00:02,11.8,SEN143
T005494,SHP01362,2024-01-22 13:17:01,0.2,SEN160
T005495,SHP01362,2024-01-23 10:08:18,3.3,SEN103
T005497,SHP01363,2024-06-02 11:38:10,1.3,SEN108
T005498,SHP01363,2024-06-02 15:44:34,2.3,SEN180
T005499,SHP01364,2024-07-27 23:07:55,3.9,SEN176
T005500,SHP01364,2024-07-28 09:44:00,10.4,SEN135
T005501,SHP01364,2024-07-27 23:43:51,11.8,SEN162
T005502,SHP01364,2024-07-28 16:40:21,1.7,SEN132
T005503,SHP01364,2024-07-27 15:56:59,10.7,SEN119
T005504,SHP01365,2024-06-19 13:07:17,0.0,SEN122
T005505,SHP01365,2024-06-20 12:20:30,3.5,SEN149
T005506,SHP01365,2024-06-20 11:48:56,1.1,SEN164
T005507,SHP01365,2024-06-20 10:59:15,0.4,SEN162
T005508,SHP01366,2024-11-29 11:27:32,13.0,SEN120
T005509,SHP01366,2024-11-29 14:04:48,4.0,SEN138
T005510,SHP01366,2024-11-28 04:39:45,5.3,SEN107
T005511,SHP01366,2024-11-29 21:28:04,4.2,SEN172
T005512,SHP01367,2024-09-21 16:59:52,3.5,SEN162
T005513,SHP01367,2024-09-21 23:36:41,0.7,SEN170
T005514,SHP01367,2024-09-22 18:36:14,3.8,SEN133
T005515,SHP01367,2024-09-22 19:18:38,1.2,SEN135
T005516,SHP01367,2024-09-22 20:22:09,2.5,SEN198
T005517,SHP01368,2024-02-11 06:11:58,2.0,SEN167
T005518,SHP01368,2024-02-11 16:42:22,2.8,SEN108
T005519,SHP01368,2024-02-10 21:02:10,0.5,SEN165
T005521,SHP01369,2024-11-11 21:19:25,9.6,SEN137
T005522,SHP01369,2024-11-12 10:49:46,-0.8,SEN185
T005523,SHP01369,2024-11-12 17:57:24,-0.1,SEN100
T005524,SHP01369,2024-11-12 01:52:14,0.1,SEN156
T005525,SHP01370,2024-06-24 19:16:49,-16.4,SEN128
T005526,SHP01370,2024-06-23 07:23:59,-16.3,SEN128
T005527,SHP01371,2024-12-22 18:47:19,3.1,SEN194
T005528,SHP01371,2024-12-22 12:04:32,0.2,SEN158
T005529,SHP01371,2024-12-22 01:24:22,6.6,SEN163
T005530,SHP01371,2024-12-23 15:55:19,0.3,SEN158
T005531,SHP01371,2024-12-23 10:05:49,3.8,SEN168
T005532,SHP01371,2024-12-22 21:32:28,4.0,SEN160
T005533,SHP01372,2024-10-12 22:44:53,2.0,SEN146
T005534,SHP01372,2024-10-12 06:00:22,0.4,SEN161
T005535,SHP01372,2024-10-11 20:32:15,0.2,SEN116
T005536,SHP01372,2024-10-11 07:38:50,2.4,SEN122
T005537,SHP01372,2024-10-12 04:08:14,0.9,SEN115
T005538,SHP01372,2024-10-12 06:29:03,0.0,SEN119
T005539,SHP01373,2024-07-13 08:28:54,1.8,SEN146
T005540,SHP01373,2024-07-13 09:25:17,2.1,SEN159
T005541,SHP01374,2024-10-13 01:08:46,4.4,SEN173
T005542,SHP01374,2024-10-12 02:09:25,2.7,SEN175
T005543,SHP01374,2024-10-12 13:45:20,1.1,SEN159
T005544,SHP01374,2024-10-13 04:21:47,3.1,SEN168
T005545,SHP01375,2024-08-15 13:09:43,0.7,SEN143
T005546,SHP01375,2024-08-14 02:55:11,10.4,SEN127
T005547,SHP01375,2024-08-15 17:15:55,3.0,SEN169
T005548,SHP01375,2024-08-15 15:32:33,1.4,SEN104
T005549,SHP01375,2024-08-15 17:59:59,10.8,SEN121
T005550,SHP01375,2024-08-14 19:06:51,2.9,SEN130
T005551,SHP01376,2024-05-05 20:29:59,3.8,SEN179
T005552,SHP01376,2024-05-04 05:04:09,3.8,SEN115
T005553,SHP01376,2024-05-05 12:09:26,3.8,SEN155
T005554,SHP01376,2024-05-05 03:28:55,2.3,SEN144
T005555,SHP01376,2024-05-05 17:55:35,2.8,SEN124
T005556,SHP01377,2024-11-20 13:27:58,4.4,SEN131
T005558,SHP01377,2024-11-20 05:42:13,10.5,SEN122
T005559,SHP01377,2024-11-19 02:12:28,2.6,SEN170
T005561,SHP01378,2024-08-20 20:42:34,2.2,SEN126
T005562,SHP01378,2024-08-20 17:22:49,11.2,SEN163
T005563,SHP01379,2024-12-29 09:36:15,10.3,SEN136
T005564,SHP01379,2024-12-30 23:08:51,12.0,SEN181
T005565,SHP01380,2024-10-01 14:03:28,2.6,SEN136
T005567,SHP01381,2024-01-07 00:16:44,0.1,SEN155
T005568,SHP01381,2024-01-07 15:01:57,2.8,SEN183
T005569,SHP01381,2024-01-08 01:37:00,0.0,SEN189
T005570,SHP01381,2024-01-08 18:36:14,9.0,SEN149
T005571,SHP01381,2024-01-08 08:47:44,3.4,SEN160
T005572,SHP01381,2024-01-07 13:39:43,3.2,SEN159
T005574,SHP01382,2024-09-27 02:46:07,3.3,SEN160
T005575,SHP01382,2024-09-28 01:25:43,2.0,SEN103
T005576,SHP01382,2024-09-27 12:37:06,1.8,SEN114
T005578,SHP01382,2024-09-28 14:09:48,3.7,SEN115
T005579,SHP01383,2024-11-22 19:56:48,3.8,SEN142
T005580,SHP01383,2024-11-22 02:01:17,0.8,SEN199
T005581,SHP01383,2024-11-21 23:15:58,1.1,SEN103
T005582,SHP01383,2024-11-22 00:03:57,2.0,SEN100
T005583,SHP01383,2024-11-21 10:44:14,1.4,SEN101
T005584,SHP01383,2024-11-22 01:44:23,0.6,SEN109
T005585,SHP01384,2024-12-12 05:37:09,9.2,SEN142
T005586,SHP01384,2024-12-12 04:24:35,0.4,SEN156
T005587,SHP01384,2024-12-13 12:31:00,0.4,SEN199
T005588,SHP01384,2024-12-12 05:51:36,1.2,SEN179
T005589,SHP01385,2024-08-17 04:12:50,9.1,SEN103
T005590,SHP01385,2024-08-17 13:53:44,0.4,SEN116
T005592,SHP01386,2024-11-25 11:16:43,11.8,SEN147
T005593,SHP01387,2024-10-05 19:52:53,2.3,SEN127
T005594,SHP01387,2024-10-04 22:41:43,3.1,SEN189
T005595,SHP01388,2024-04-28 02:57:51,3.5,SEN174
T005596,SHP01388,2024-04-27 22:20:32,2.5,SEN178
T005597,SHP01388,2024-04-27 07:14:27,3.1,SEN147
T005598,SHP01388,2024-04-27 02:19:29,2.4,SEN106
T005599,SHP01388,2024-04-28 14:56:15,2.4,SEN156
T005600,SHP01388,2024-04-28 15:01:29,2.6,SEN115
T005601,SHP01389,2024-07-21 14:15:34,4.4,SEN111
T005602,SHP01389,2024-07-22 23:26:46,3.3,SEN108
T005603,SHP01389,2024-07-21 18:41:23,5.6,SEN136
T005604,SHP01390,2024-08-06 20:31:15,0.8,SEN186
T005605,SHP01390,2024-08-06 14:41:57,0.3,SEN194
T005608,SHP01391,2024-11-24 15:20:29,2.2,SEN113
T005609,SHP01391,2024-11-24 11:10:12,7.1,SEN183
T005610,SHP01391,2024-11-24 21:29:30,4.9,SEN170
T005611,SHP01392,2024-07-16 10:57:24,0.2,SEN186
T005612,SHP01392,2024-07-16 00:22:33,3.0,SEN119
T005613,SHP01392,2024-07-17 15:01:15,3.7,SEN188
T005614,SHP01392,2024-07-16 11:29:13,0.9,SEN184
T005615,SHP01392,2024-07-16 06:58:06,-1.0,SEN103
T005616,SHP01392,2024-07-16 07:22:15,1.1,SEN102
T005617,SHP01393,2024-10-23 11:46:03,-15.7,SEN169
T005618,SHP01393,2024-10-23 20:34:46,-7.6,SEN138
T005619,SHP01393,2024-10-24 07:18:40,-15.6,SEN149
T005620,SHP01393,2024-10-23 15:05:41,-17.5,SEN193
T005621,SHP01394,2024-07-14 09:43:18,3.8,SEN164
T005622,SHP01394,2024-07-15 23:47:13,0.8,SEN124
T005623,SHP01394,2024-07-15 13:10:55,3.4,SEN118
T005624,SHP01394,2024-07-14 02:04:18,3.5,SEN158
T005625,SHP01394,2024-07-15 23:40:19,2.4,SEN169
T005626,SHP01394,2024-07-14 02:25:04,1.9,SEN187
T005627,SHP01395,2024-02-23 20:15:54,2.1,SEN117
T005628,SHP01395,2024-02-23 07:41:27,2.3,SEN183
T005629,SHP01395,2024-02-22 09:01:47,7.3,SEN158
T005630,SHP01395,2024-02-22 08:20:44,3.9,SEN183
T005631,SHP01395,2024-02-23 02:07:59,3.5,SEN173
T005632,SHP01396,2024-09-21 18:26:32,1.5,SEN151
T005633,SHP01396,2024-09-21 19:35:14,8.0,SEN108
T005634,SHP01396,2024-09-21 04:13:25,5.3,SEN139
T005635,SHP01396,2024-09-20 08:14:57,0.7,SEN186
T005636,SHP01396,2024-09-21 20:35:13,1.3,SEN154
T005637,SHP01397,2024-02-03 04:38:44,9.4,SEN120
T005638,SHP01397,2024-02-03 05:20:06,0.4,SEN158
T005640,SHP01397,2024-02-02 10:10:55,0.2,SEN171
T005641,SHP01397,2024-02-03 19:52:39,2.5,SEN144
T005642,SHP01397,2024-02-03 19:35:59,6.1,SEN158
T005643,SHP01398,2024-07-10 14:19:12,5.8,SEN134
T005644,SHP01398,2024-07-09 09:14:06,10.3,SEN153
T005645,SHP01398,2024-07-09 18:06:10,8.5,SEN188
T005646,SHP01398,2024-07-09 06:30:13,4.9,SEN107
T005647,SHP01398,2024-07-10 08:09:30,2.9,SEN164
T005648,SHP01398,2024-07-09 20:16:47,3.7,SEN193
T005649,SHP01399,2024-01-26 06:43:06,9.3,SEN173
T005650,SHP01399,2024-01-25 10:41:00,10.7,SEN103
T005651,SHP01399,2024-01-25 00:24:48,10.9,SEN189
T005652,SHP01399,2024-01-26 20:16:21,10.1,SEN182
T005653,SHP01399,2024-01-26 16:21:56,17.6,SEN156
T005654,SHP01400,2024-04-12 17:58:32,4.9,SEN167
T005655,SHP01400,2024-04-12 18:58:33,3.1,SEN142
T005656,SHP01401,2024-01-11 04:43:28,3.8,SEN180
T005657,SHP01401,2024-01-11 03:44:08,0.8,SEN121
T005659,SHP01401,2024-01-11 12:57:53,3.9,SEN176
T005660,SHP01402,2024-02-14 11:49:12,2.9,SEN114
T005661,SHP01402,2024-02-14 21:34:47,2.2,SEN192
T005662,SHP01402,2024-02-15 17:28:22,6.8,SEN161
T005663,SHP01402,2024-02-15 01:20:17,0.5,SEN101
T005664,SHP01402,2024-02-14 13:09:48,7.5,SEN151
T005665,SHP01402,2024-02-14 05:30:59,0.1,SEN156
T005666,SHP01403,2024-10-29 06:40:04,3.9,SEN176
T005667,SHP01403,2024-10-30 07:47:08,1.9,SEN154
T005668,SHP01403,2024-10-30 19:20:31,0.5,SEN184
T005669,SHP01403,2024-10-29 16:02:12,5.2,SEN154
T005670,SHP01403,2024-10-29 08:34:31,0.7,SEN177
T005672,SHP01404,2024-09-30 02:05:46,2.5,SEN185
T005673,SHP01405,2024-10-16 12:28:10,4.0,SEN129
T005674,SHP01405,2024-10-17 20:21:34,1.8,SEN129
T005675,SHP01406,2024-08-20 10:29:39,14.1,SEN130
T005676,SHP01406,2024-08-21 16:02:49,14.6,SEN185
T005677,SHP01406,2024-08-20 06:36:56,19.2,SEN145
T005678,SHP01406,2024-08-21 07:09:38,13.5,SEN194
T005679,SHP01406,2024-08-21 18:53:06,14.1,SEN111
T005680,SHP01406,2024-08-20 17:54:01,13.7,SEN134
T005681,SHP01407,2024-11-19 09:38:13,3.7,SEN183
T005682,SHP01407,2024-11-20 15:57:24,9.6,SEN174
T005683,SHP01407,2024-11-19 11:07:37,0.6,SEN146
T005684,SHP01407,2024-11-19 02:30:35,1.6,SEN109
T005685,SHP01407,2024-11-20 17:21:54,1.7,SEN149
T005686,SHP01407,2024-11-20 14:22:12,0.1,SEN109
T005687,SHP01408,2024-02-08 19:32:22,8.1,SEN110
T005688,SHP01408,2024-02-07 20:37:30,10.4,SEN145
T005689,SHP01408,2024-02-07 15:30:27,16.7,SEN143
T005691,SHP01409,2024-07-16 12:54:02,2.1,SEN151
T005692,SHP01409,2024-07-16 23:33:50,2.9,SEN138
T005693,SHP01410,2024-04-01 07:02:31,4.0,SEN123
T005694,SHP01410,2024-04-01 07:55:48,5.0,SEN170
T005695,SHP01410,2024-03-31 21:58:19,3.7,SEN125
T005696,SHP01411,2024-02-23 07:34:35,3.8,SEN152
T005698,SHP01412,2024-07-06 21:28:36,12.4,SEN180
T005699,SHP01412,2024-07-07 12:02:54,10.7,SEN108
T005700,SHP01412,2024-07-06 04:28:26,18.5,SEN185
T005701,SHP01412,2024-07-06 07:02:51,12.0,SEN104
T005704,SHP01413,2024-08-23 14:43:01,14.2,SEN185
T005705,SHP01413,2024-08-23 20:41:26,13.3,SEN187
T005706,SHP01413,2024-08-23 15:21:15,15.5,SEN124
T005707,SHP01414,2024-02-16 16:47:20,0.5,SEN110
T005708,SHP01414,2024-02-15 07:32:03,0.2,SEN147
T005709,SHP01414,2024-02-15 09:13:40,1.6,SEN170
T005710,SHP01414,2024-02-15 17:14:21,0.5,SEN181
T005711,SHP01415,2024-10-05 20:44:08,13.6,SEN123
T005712,SHP01415,2024-10-05 08:18:32,14.4,SEN141
T005713,SHP01415,2024-10-05 01:24:43,14.6,SEN121
T005714,SHP01415,2024-10-05 17:23:13,15.4,SEN151
T005715,SHP01415,2024-10-04 11:05:15,17.2,SEN184
T005716,SHP01415,2024-10-04 06:25:37,14.9,SEN163
T005717,SHP01416,2024-10-22 13:10:40,2.6,SEN129
T005718,SHP01416,2024-10-21 06:58:58,3.4,SEN189
T005719,SHP01416,2024-10-22 01:12:51,3.4,SEN163
T005720,SHP01416,2024-10-22 18:09:05,3.5,SEN106
T005721,SHP01416,2024-10-21 22:40:38,3.7,SEN158
T005722,SHP01417,2024-08-13 18:52:49,3.3,SEN135
T005723,SHP01417,2024-08-14 13:46:50,7.8,SEN194
T005724,SHP01417,2024-08-14 13:07:50,5.7,SEN113
T005725,SHP01418,2024-12-01 06:08:07,7.3,SEN184
T005726,SHP01418,2024-12-01 04:37:44,4.2,SEN156
T005727,SHP01418,2024-11-30 08:20:22,1.2,SEN165
T005728,SHP01418,2024-11-30 03:10:09,2.3,SEN181
T005729,SHP01418,2024-12-01 00:07:57,0.5,SEN154
T005730,SHP01418,2024-12-01 05:00:47,1.4,SEN199
T005732,SHP01419,2024-07-30 17:27:32,9.4,SEN172
T005733,SHP01420,2024-09-21 16:44:01,13.7,SEN167
T005734,SHP01420,2024-09-21 08:34:12,13.5,SEN144
T005735,SHP01420,2024-09-20 05:36:53,17.8,SEN118
T005737,SHP01420,2024-09-20 22:26:06,14.4,SEN103
T005738,SHP01420,2024-09-21 16:57:33,13.0,SEN127
T005740,SHP01421,2024-01-25 20:46:54,2.5,SEN169
T005741,SHP01422,2024-09-26 11:38:11,9.0,SEN126
T005743,SHP01422,2024-09-25 04:50:10,0.3,SEN109
T005744,SHP01422,2024-09-25 07:18:18,1.2,SEN184
T005745,SHP01423,2024-08-08 12:52:19,13.5,SEN170
T005746,SHP01423,2024-08-07 22:17:28,13.4,SEN158
T005747,SHP01423,2024-08-08 17:04:30,13.1,SEN156
T005748,SHP01423,2024-08-08 06:58:30,13.7,SEN102
T005749,SHP01423,2024-08-07 18:28:18,14.9,SEN127
T005750,SHP01423,2024-08-08 20:43:13,13.8,SEN191
T005751,SHP01424,2024-11-18 07:20:25,1.3,SEN198
T005752,SHP01424,2024-11-18 12:15:21,2.1,SEN162
T005753,SHP01424,2024-11-19 23:56:23,2.1,SEN195
T005754,SHP01425,2024-08-17 23:56:25,3.8,SEN184
T005755,SHP01425,2024-08-18 07:17:05,3.4,SEN179
T005756,SHP01425,2024-08-18 16:02:52,2.9,SEN149
T005757,SHP01426,2024-06-15 14:25:33,10.5,SEN135
T005758,SHP01426,2024-06-16 14:42:42,3.5,SEN169
T005759,SHP01426,2024-06-16 19:53:42,3.9,SEN157
T005761,SHP01426,2024-06-16 05:01:31,0.6,SEN112
T005762,SHP01426,2024-06-15 05:01:25,3.7,SEN177
T005763,SHP01427,2024-02-18 13:38:05,1.9,SEN169
T005764,SHP01427,2024-02-19 21:58:17,12.0,SEN146
T005765,SHP01427,2024-02-18 09:16:02,2.9,SEN126
T005766,SHP01427,2024-02-19 03:33:30,2.6,SEN199
T005767,SHP01427,2024-02-18 10:13:54,3.2,SEN138
T005768,SHP01427,2024-02-18 18:22:49,6.6,SEN108
T005769,SHP01428,2024-11-14 17:14:59,10.0,SEN148
T005770,SHP01428,2024-11-13 05:24:10,2.1,SEN102
T005771,SHP01428,2024-11-13 08:14:00,10.3,SEN167
T005772,SHP01428,2024-11-14 13:00:48,3.3,SEN145
T005773,SHP01428,2024-11-14 08:10:32,10.6,SEN196
T005774,SHP01428,2024-11-14 12:53:08,7.7,SEN144
T005775,SHP01429,2024-06-09 10:54:38,3.8,SEN183
T005776,SHP01429,2024-06-09 20:14:47,2.6,SEN112
T005777,SHP01430,2024-06-21 10:21:24,3.3,SEN163
T005778,SHP01430,2024-06-22 04:42:28,9.1,SEN121
T005779,SHP01430,2024-06-22 03:37:34,3.9,SEN187
T005780,SHP01430,2024-06-22 21:51:13,5.5,SEN136
T005781,SHP01430,2024-06-22 13:11:09,5.2,SEN122
T005782,SHP01430,2024-06-22 05:19:44,4.1,SEN140
T005783,SHP01431,2024-09-09 16:41:59,3.0,SEN185
T005784,SHP01431,2024-09-10 01:52:29,3.2,SEN117
T005785,SHP01431,2024-09-09 15:36:29,4.2,SEN177
T005786,SHP01432,2024-12-08 07:14:54,1.2,SEN132
T005787,SHP01432,2024-12-08 13:35:02,1.1,SEN114
T005788,SHP01432,2024-12-08 07:40:06,2.3,SEN140
T005790,SHP01433,2024-05-22 13:20:30,8.8,SEN173
T005792,SHP01433,2024-05-22 03:34:27,11.8,SEN145
T005793,SHP01433,2024-05-23 07:57:23,11.7,SEN152
T005794,SHP01433,2024-05-22 21:20:43,8.0,SEN141
T005795,SHP01434,2024-11-30 04:15:22,5.2,SEN115
T005796,SHP01434,2024-11-30 04:18:11,11.5,SEN168
T005797,SHP01435,2024-07-17 22:53:21,4.0,SEN174
T005798,SHP01435,2024-07-18 11:36:26,1.1,SEN153
T005799,SHP01435,2024-07-18 05:43:24,3.6,SEN151
T005800,SHP01435,2024-07-18 14:13:03,2.7,SEN111
T005801,SHP01435,2024-07-17 12:58:30,0.2,SEN134
T005802,SHP01436,2024-10-06 08:53:51,4.0,SEN183
T005803,SHP01436,2024-10-07 09:19:49,1.8,SEN159
T005804,SHP01437,2024-05-28 12:56:53,2.6,SEN150
T005805,SHP01437,2024-05-27 09:14:37,1.8,SEN117
T005806,SHP01437,2024-05-28 22:45:33,1.9,SEN110
T005807,SHP01437,2024-05-27 20:47:40,6.7,SEN141
T005808,SHP01438,2024-01-06 10:52:26,3.0,SEN130
T005809,SHP01438,2024-01-05 14:15:15,2.4,SEN154
T005810,SHP01438,2024-01-05 14:54:34,5.5,SEN162
T005811,SHP01438,2024-01-06 16:13:01,3.5,SEN148
T005813,SHP01438,2024-01-05 00:36:33,3.3,SEN126
T005814,SHP01439,2024-08-24 21:38:42,2.4,SEN190
T005815,SHP01439,2024-08-24 15:56:33,2.5,SEN119
T005816,SHP01439,2024-08-24 03:37:26,0.2,SEN183
T005817,SHP01439,2024-08-23 02:41:45,1.4,SEN114
T005818,SHP01440,2024-01-18 04:59:14,2.5,SEN128
T005819,SHP01440,2024-01-17 02:46:07,5.5,SEN173
T005820,SHP01441,2024-07-21 07:31:55,2.5,SEN173
T005821,SHP01441,2024-07-20 21:16:01,4.7,SEN155
T005822,SHP01442,2024-10-05 13:41:04,10.3,SEN156
T005823,SHP01442,2024-10-05 18:35:15,11.7,SEN106
T005824,SHP01442,2024-10-05 20:10:09,9.1,SEN108
T005825,SHP01443,2024-04-02 00:32:27,3.5,SEN102
T005826,SHP01443,2024-04-02 01:58:14,3.0,SEN139
T005827,SHP01443,2024-04-02 03:01:58,1.8,SEN165
T005828,SHP01444,2024-08-15 21:51:10,3.1,SEN179
T005829,SHP01444,2024-08-15 18:48:07,2.1,SEN187
T005830,SHP01444,2024-08-16 23:21:09,0.7,SEN164
T005831,SHP01444,2024-08-15 00:35:09,2.8,SEN199
T005833,SHP01444,2024-08-16 15:05:23,6.1,SEN175
T005834,SHP01445,2024-11-07 09:19:52,3.2,SEN197
T005835,SHP01445,2024-11-07 21:42:42,5.7,SEN119
T005836,SHP01445,2024-11-08 16:05:38,0.4,SEN148
T005837,SHP01445,2024-11-08 22:25:08,2.9,SEN135
T005838,SHP01446,2024-02-27 08:45:37,5.6,SEN137
T005839,SHP01446,2024-02-28 21:02:01,9.2,SEN182
T005840,SHP01447,2024-12-19 20:10:00,1.8,SEN141
T005841,SHP01447,2024-12-20 06:42:50,1.1,SEN184
T005842,SHP01448,2024-10-08 03:21:46,1.5,SEN181
T005843,SHP01448,2024-10-07 04:07:04,3.9,SEN128
T005844,SHP01448,2024-10-08 05:20:24,2.6,SEN146
T005845,SHP01449,2024-02-19 11:34:58,-17.8,SEN174
T005846,SHP01449,2024-02-20 19:19:47,-14.8,SEN176
T005847,SHP01450,2024-12-05 13:30:29,2.9,SEN133
T005848,SHP01450,2024-12-06 14:39:34,1.4,SEN108
T005849,SHP01451,2024-07-04 05:34:44,5.0,SEN119
T005850,SHP01451,2024-07-03 04:28:11,4.3,SEN190
T005851,SHP01451,2024-07-04 22:54:54,2.3,SEN120
T005852,SHP01451,2024-07-04 04:37:59,5.4,SEN102
T005853,SHP01452,2024-03-09 21:56:46,2.0,SEN106
T005854,SHP01452,2024-03-09 01:05:11,1.5,SEN137
T005855,SHP01452,2024-03-09 19:01:51,-0.8,SEN154
T005856,SHP01452,2024-03-08 04:56:08,5.1,SEN197
T005857,SHP01452,2024-03-09 05:14:50,-0.5,SEN120
T005859,SHP01453,2024-08-02 11:32:17,0.1,SEN195
T005861,SHP01454,2024-07-01 23:15:26,2.6,SEN187
T005862,SHP01454,2024-07-02 09:40:47,2.8,SEN122
T005864,SHP01455,2024-07-13 13:44:45,2.3,SEN152
T005865,SHP01455,2024-07-13 02:48:09,3.4,SEN155
T005866,SHP01455,2024-07-12 14:53:07,2.6,SEN138
T005867,SHP01456,2024-11-13 04:49:33,2.6,SEN134
T005868,SHP01456,2024-11-14 17:27:52,3.4,SEN127
T005869,SHP01456,2024-11-14 04:45:21,1.5,SEN104
T005870,SHP01456,2024-11-14 17:20:15,0.5,SEN151
T005871,SHP01456,2024-11-14 05:53:33,1.0,SEN117
T005872,SHP01457,2024-07-21 09:28:23,3.0,SEN160
T005873,SHP01457,2024-07-20 14:41:07,1.3,SEN186
T005874,SHP01457,2024-07-20 11:16:11,2.0,SEN184
T005875,SHP01458,2024-06-05 09:19:04,1.1,SEN132
T005876,SHP01458,2024-06-04 11:34:12,0.7,SEN181
T005877,SHP01458,2024-06-05 07:06:06,0.5,SEN143
T005878,SHP01458,2024-06-05 13:22:35,2.4,SEN186
T005879,SHP01459,2024-04-26 05:52:59,4.8,SEN197
T005880,SHP01459,2024-04-26 14:41:14,11.9,SEN131
T005881,SHP01459,2024-04-25 22:35:11,3.7,SEN101
T005882,SHP01459,2024-04-25 23:45:31,0.9,SEN115
T005883,SHP01460,2024-05-31 15:20:57,13.3,SEN187
T005885,SHP01460,2024-06-01 11:27:38,13.3,SEN172
T005886,SHP01460,2024-06-01 13:59:48,14.5,SEN155
T005887,SHP01460,2024-06-01 02:28:55,13.9,SEN162
T005888,SHP01461,2024-01-21 00:35:28,7.0,SEN190
T005889,SHP01461,2024-01-22 13:01:20,2.8,SEN192
T005890,SHP01461,2024-01-21 14:37:52,4.0,SEN166
T005891,SHP01462,2024-12-15 22:50:27,3.2,SEN186
T005892,SHP01462,2024-12-15 08:59:05,4.1,SEN194
T005893,SHP01462,2024-12-15 08:37:32,3.8,SEN124
T005894,SHP01463,2024-05-01 12:07:42,2.9,SEN180
T005895,SHP01463,2024-05-01 21:41:01,3.7,SEN192
T005896,SHP01463,2024-04-30 02:54:12,2.0,SEN145
T005897,SHP01463,2024-04-30 06:31:20,3.7,SEN118
T005898,SHP01463,2024-05-01 07:53:27,11.5,SEN152
T005899,SHP01464,2024-01-15 04:02:56,0.1,SEN125
T005900,SHP01464,2024-01-15 21:33:48,9.1,SEN103
T005902,SHP01464,2024-01-15 13:42:31,3.6,SEN156
T005903,SHP01464,2024-01-15 18:13:37,1.3,SEN189
T005904,SHP01465,2024-07-03 10:09:14,1.0,SEN162
T005905,SHP01465,2024-07-04 23:24:17,2.0,SEN175
T005906,SHP01465,2024-07-03 01:29:21,-1.0,SEN188
T005908,SHP01465,2024-07-04 11:27:10,0.7,SEN109
T005909,SHP01465,2024-07-04 07:25:35,7.6,SEN199
T005911,SHP01466,2024-02-03 16:33:42,3.0,SEN197
T005912,SHP01466,2024-02-02 18:40:05,3.2,SEN136
T005913,SHP01467,2024-02-15 20:29:04,2.5,SEN119
T005915,SHP01467,2024-02-14 19:34:36,1.1,SEN132
T005916,SHP01467,2024-02-14 06:18:45,3.2,SEN172
T005917,SHP01468,2024-05-02 21:28:59,2.1,SEN171
T005918,SHP01468,2024-05-02 02:07:46,3.8,SEN193
T005919,SHP01468,2024-05-03 07:18:18,2.4,SEN177
T005920,SHP01468,2024-05-02 01:46:22,1.4,SEN149
T005921,SHP01468,2024-05-03 00:53:51,2.1,SEN119
T005922,SHP01469,2024-05-16 22:46:08,-16.9,SEN166
T005924,SHP01469,2024-05-16 09:39:09,-16.5,SEN113
T005925,SHP01469,2024-05-16 07:14:40,-13.0,SEN181
T005926,SHP01469,2024-05-15 15:59:11,-16.9,SEN183
T005927,SHP01469,2024-05-15 15:10:01,-7.7,SEN104
T005928,SHP01470,2024-10-17 06:43:41,1.2,SEN140
T005929,SHP01470,2024-10-18 05:29:37,2.1,SEN186
T005930,SHP01470,2024-10-18 22:22:40,4.0,SEN170
T005931,SHP01470,2024-10-18 00:54:41,10.1,SEN149
T005932,SHP01470,2024-10-17 04:24:16,8.2,SEN100
T005933,SHP01470,2024-10-18 11:44:18,1.1,SEN126
T005934,SHP01471,2024-07-01 19:52:18,5.1,SEN103
T005935,SHP01471,2024-07-02 02:48:03,3.3,SEN164
T005936,SHP01471,2024-07-01 13:03:20,5.1,SEN162
T005937,SHP01471,2024-07-01 09:31:24,2.5,SEN155
T005938,SHP01471,2024-07-01 23:43:43,11.7,SEN163
T005939,SHP01472,2024-12-03 21:44:01,2.2,SEN199
T005941,SHP01472,2024-12-02 14:36:45,4.4,SEN165
T005942,SHP01472,2024-12-02 02:14:22,9.6,SEN175
T005944,SHP01473,2024-09-11 08:28:32,3.1,SEN171
T005945,SHP01473,2024-09-11 01:34:53,3.0,SEN167
T005946,SHP01473,2024-09-11 22:12:26,7.8,SEN176
T005947,SHP01473,2024-09-12 18:45:16,3.8,SEN113
T005948,SHP01473,2024-09-11 17:07:35,3.9,SEN188
T005949,SHP01474,2024-08-19 02:44:54,0.0,SEN187
T005950,SHP01474,2024-08-19 23:29:14,0.5,SEN114
T005951,SHP01474,2024-08-19 14:48:14,3.0,SEN190
T005952,SHP01474,2024-08-20 17:05:19,0.6,SEN167
T005953,SHP01474,2024-08-19 03:48:32,0.4,SEN140
T005954,SHP01475,2024-03-19 10:29:41,4.2,SEN133
T005955,SHP01475,2024-03-20 17:32:37,2.7,SEN121
T005956,SHP01475,2024-03-20 18:37:59,4.7,SEN113
T005957,SHP01475,2024-03-19 04:38:58,2.7,SEN105
T005958,SHP01475,2024-03-19 03:19:59,3.8,SEN177
T005959,SHP01475,2024-03-19 15:32:41,2.4,SEN128
T005960,SHP01476,2024-06-07 09:21:30,5.4,SEN183
T005961,SHP01476,2024-06-07 21:32:29,0.9,SEN104
T005962,SHP01476,2024-06-08 07:19:42,3.4,SEN171
T005963,SHP01476,2024-06-08 04:38:39,4.7,SEN100
T005964,SHP01476,2024-06-07 13:18:28,3.7,SEN178
T005965,SHP01477,2024-07-23 15:09:58,4.8,SEN104
T005967,SHP01477,2024-07-22 13:33:08,4.5,SEN106
T005968,SHP01477,2024-07-23 02:28:03,4.3,SEN155
T005969,SHP01477,2024-07-23 09:06:53,5.6,SEN144
T005970,SHP01478,2024-07-19 01:18:24,0.8,SEN151
T005971,SHP01478,2024-07-19 15:37:19,1.7,SEN108
T005972,SHP01478,2024-07-20 03:39:25,3.4,SEN148
T005973,SHP01479,2024-12-04 18:55:46,0.1,SEN185
T005974,SHP01479,2024-12-03 16:13:13,2.9,SEN126
T005975,SHP01480,2024-03-30 18:59:55,0.1,SEN125
T005976,SHP01480,2024-03-31 04:09:05,3.5,SEN119
T005977,SHP01480,2024-03-30 14:51:04,0.0,SEN181
T005978,SHP01481,2024-01-18 20:08:28,4.5,SEN143
T005979,SHP01481,2024-01-18 10:40:12,4.3,SEN149
T005980,SHP01481,2024-01-19 21:53:06,5.9,SEN146
T005981,SHP01482,2024-03-22 04:51:23,2.9,SEN140
T005982,SHP01482,2024-03-22 00:33:35,6.2,SEN170
T005983,SHP01482,2024-03-23 08:43:11,3.6,SEN162
T005984,SHP01482,2024-03-22 14:53:01,2.4,SEN166
T005985,SHP01482,2024-03-22 18:47:01,2.5,SEN100
T005986,SHP01483,2024-12-14 06:23:24,1.0,SEN147
T005987,SHP01483,2024-12-14 10:23:50,6.9,SEN192
T005988,SHP01484,2024-04-13 06:51:21,1.2,SEN107
T005989,SHP01484,2024-04-13 06:59:20,-0.7,SEN176
T005990,SHP01484,2024-04-12 00:06:18,-0.4,SEN148
T005992,SHP01485,2024-11-21 16:28:03,3.0,SEN114
T005993,SHP01485,2024-11-20 01:33:08,10.1,SEN143
T005994,SHP01485,2024-11-21 03:45:42,3.9,SEN120
T005995,SHP01485,2024-11-20 22:42:42,3.6,SEN145
T005996,SHP01485,2024-11-20 04:31:08,6.2,SEN150
T005997,SHP01485,2024-11-21 08:20:04,2.6,SEN165
T005999,SHP01486,2024-07-01 11:41:12,2.2,SEN181
T006000,SHP01486,2024-06-30 23:57:13,3.0,SEN121
T006001,SHP01486,2024-06-30 12:20:25,3.6,SEN171
T006002,SHP01487,2024-05-05 10:54:49,0.1,SEN186
T006003,SHP01487,2024-05-05 18:04:35,1.1,SEN137
T006004,SHP01487,2024-05-05 06:50:50,1.2,SEN190
T006005,SHP01487,2024-05-06 08:56:20,7.8,SEN174
T006007,SHP01488,2024-10-13 00:44:08,0.1,SEN171
T006009,SHP01488,2024-10-14 10:30:25,9.8,SEN144
T006010,SHP01488,2024-10-13 15:07:35,-0.4,SEN132
T006011,SHP01489,2024-05-27 04:29:17,9.5,SEN126
T006012,SHP01489,2024-05-27 21:47:19,2.2,SEN178
T006013,SHP01489,2024-05-26 07:39:19,3.0,SEN141
T006014,SHP01490,2024-05-09 10:04:07,2.2,SEN185
T006015,SHP01490,2024-05-09 16:07:47,2.1,SEN153
T006016,SHP01491,2024-05-19 02:50:38,-0.7,SEN154
T006017,SHP01491,2024-05-19 08:09:01,-0.5,SEN141
T006018,SHP01492,2024-01-01 12:13:15,0.3,SEN111
T006019,SHP01492,2024-01-01 08:57:43,0.7,SEN103
T006020,SHP01492,2024-01-02 20:27:10,6.8,SEN162
T006021,SHP01493,2024-06-06 18:38:29,0.1,SEN157
T006022,SHP01493,2024-06-07 02:22:10,1.4,SEN170
T006023,SHP01493,2024-06-06 09:01:13,0.5,SEN126
T006024,SHP01493,2024-06-07 11:39:32,3.4,SEN179
T006025,SHP01494,2024-08-31 12:38:09,3.8,SEN169
T006026,SHP01494,2024-08-31 07:16:57,3.2,SEN145
T006028,SHP01495,2024-12-22 19:37:19,2.6,SEN161
T006029,SHP01495,2024-12-23 15:11:47,2.9,SEN148
T006030,SHP01495,2024-12-23 02:38:37,3.8,SEN145
T006031,SHP01495,2024-12-23 07:08:27,3.4,SEN139
T006032,SHP01496,2024-03-01 03:31:56,18.6,SEN172
T006033,SHP01496,2024-02-29 00:44:58,9.9,SEN174
T006034,SHP01496,2024-02-29 20:43:57,8.7,SEN101
T006035,SHP01497,2024-02-06 12:42:21,2.5,SEN113
T006036,SHP01497,2024-02-06 17:11:57,2.1,SEN141
T006037,SHP01497,2024-02-05 11:48:48,0.6,SEN186
T006038,SHP01498,2024-08-04 03:05:31,6.7,SEN168
T006039,SHP01498,2024-08-04 16:16:56,5.0,SEN167
T006040,SHP01498,2024-08-04 01:26:38,2.7,SEN126
T006041,SHP01498,2024-08-04 18:19:29,10.2,SEN143
T006042,SHP01498,2024-08-03 23:28:16,3.9,SEN101
T006043,SHP01498,2024-08-04 14:58:08,3.1,SEN129
T006044,SHP01499,2024-08-02 05:01:15,6.3,SEN155
T006045,SHP01499,2024-08-02 19:17:19,1.9,SEN118
T006046,SHP01499,2024-08-03 03:55:13,3.5,SEN182
T006047,SHP01499,2024-08-02 00:36:34,0.1,SEN162
T006048,SHP01499,2024-08-02 01:40:48,8.6,SEN145
T006050,SHP01500,2024-01-20 01:10:33,2.8,SEN155
T006051,SHP01500,2024-01-20 05:35:06,4.0,SEN139
T006052,SHP01500,2024-01-20 20:49:53,1.8,SEN126
T006053,SHP01500,2024-01-20 05:35:21,1.2,SEN188
