shipment_id,product_id,supplier_id,route_id,shipment_date,expected_delivery_date,actual_delivery_date,shipment_status,transit_hours,quantity,unit_cost,recorded_temperature,required_temp_min,required_temp_max,deviation_c,temperature_excursion_flag,excursion_severity,excursion_duration_hours,delay_flag,delay_duration_hours,spoilage_risk_score,spoilage_risk_category,estimated_spoilage_qty,estimated_financial_loss
SHP00001,P008,S001,R003,2024-12-28,2025-01-02 12:14:26,2025-01-08 13:16:48,In Transit,173.3,200.0,19.33,10.6,0,4,6.6,1,Severe,0.0,1.0,145.03944444444446,5,Critical Risk,150,2899.5
SHP00002,P005,S010,R019,2024-08-30,2024-08-31 17:05:14,2024-08-31 15:06:00,In Transit,39.1,300.0,13.38,2.6,0,4,0.0,0,,9.8,0.0,0.0,2,Medium Risk,30,401.4
SHP00003,P002,S002,R002,2024-07-25,2024-07-26 00:47:33,2024-07-26 06:54:00,Delivered,30.9,150.0,6.75,3.1,2,4,0.0,0,,15.4,1.0,6.1075,4,High Risk,52,351.0
SHP00004,P003,S008,R026,2024-10-08,2024-10-10 23:41:11,2024-10-10 10:18:00,In Transit,58.3,200.0,18.91,2.4,2,6,0.0,0,,11.7,0.0,0.0,1,Medium Risk,20,378.2
SHP00005,P013,S001,R006,2024-07-13,2024-07-16 15:31:27,2024-07-17 13:16:48,Delivered,68.3,500.0,3.35,8.2,0,4,4.199999999999999,1,Mild,0.0,1.0,21.75583333333333,2,Medium Risk,50,167.5
SHP00006,P002,S010,R024,2024-10-04,2024-10-08 12:19:38,,Cancelled,90.8,150.0,6.75,3.8,2,4,0.0,0,,45.4,,,3,High Risk,52,351.0
SHP00007,P006,S002,R020,2024-02-04,2024-02-09 14:23:04,2024-02-11 12:36:00,In Transit,180.6,50.0,16.77,12.2,0,4,8.2,1,Severe,0.0,1.0,46.215555555555554,5,Critical Risk,37,620.49
SHP00008,P019,S009,R011,2024-05-13,2024-05-15 16:49:44,2024-05-15 09:06:00,Delivered,57.1,250.0,9.85,10.7,8,12,0.0,0,,0.0,0.0,0.0,0,Low Risk,0,0.0
SHP00009,P020,S010,R004,2024-02-07,2024-02-07 08:32:58,2024-02-07 10:00:00,Delivered,10.0,200.0,23.51,0.3,0,4,0.0,0,,0.0,1.0,1.4505555555555556,0,Low Risk,0,0.0
SHP00010,P018,S005,R020,2024-11-30,2024-12-06 02:02:51,2024-12-07 13:23:24,Delivered,164.9,150.0,16.44,10.9,0,4,6.9,1,Severe,27.5,1.0,35.3425,5,Critical Risk,112,1841.28
SHP00011,P005,S005,R010,2024-11-05,2024-11-08 16:05:23,2024-11-08 20:10:48,Delivered,83.8,250.0,13.38,14.5,0,4,10.5,1,Severe,0.0,1.0,4.090277777777778,3,High Risk,87,1164.06
SHP00012,P014,S005,R002,2024-01-02,2024-01-02 21:48:03,2024-01-04 04:21:36,Delivered,23.8,400.0,16.04,13.9,13,15,0.0,0,,11.9,1.0,30.559166666666663,4,High Risk,140,2245.6
SHP00013,P005,S009,R002,2024-07-08,2024-07-08 21:52:41,2024-07-09 04:18:00,Delivered,28.3,50.0,13.38,3.6,0,4,0.0,0,,9.4,1.0,6.421944444444445,3,High Risk,17,227.46
SHP00014,P004,S006,R025,2024-10-13,2024-10-18 12:17:43,2024-10-21 20:44:24,Delivered,193.4,150.0,11.42,5.7,2,6,0.0,0,,64.5,1.0,80.44472222222223,5,Critical Risk,112,1279.04
SHP00015,P001,S003,R024,2024-06-19,2024-06-23 14:25:34,2024-06-25 23:45:00,Delivered,152.5,100.0,16.53,5.0,2,4,1.0,1,Mild,0.0,1.0,57.32388888888889,4,High Risk,35,578.55
SHP00016,P008,S004,R027,2024-08-23,2024-08-23 11:57:29,2024-08-23 18:33:36,Delivered,11.6,400.0,19.33,2.6,0,4,0.0,0,,4.6,1.0,6.601944444444444,3,High Risk,140,2706.2
SHP00017,P009,S006,R021,2024-09-17,2024-09-20 16:40:47,2024-09-20 14:36:00,Delivered,86.6,250.0,8.03,9.0,-1,2,7.0,1,Severe,0.0,0.0,0.0,4,High Risk,87,698.61
SHP00018,P020,S007,R012,2024-06-09,2024-06-11 08:18:36,2024-06-11 08:24:00,Delivered,56.4,50.0,23.51,11.7,0,4,7.699999999999999,1,Severe,18.8,1.0,0.09,5,Critical Risk,37,869.87
SHP00019,P018,S004,R012,2024-08-08,2024-08-10 05:10:04,2024-08-09 18:00:00,Delivered,42.0,250.0,16.44,3.4,0,4,0.0,0,,0.0,0.0,0.0,0,Low Risk,0,0.0
SHP00020,P013,S005,R018,2024-03-06,2024-03-07 06:44:19,2024-03-07 03:06:00,Delivered,27.1,400.0,3.35,7.4,0,4,3.4000000000000004,1,Mild,5.4,0.0,0.0,1,Medium Risk,40,134.0
SHP00021,P007,S007,R026,2024-10-23,2024-10-25 19:18:31,2024-10-26 13:18:00,Delivered,85.3,150.0,12.06,-1.2,0,4,1.2,1,Mild,0.0,1.0,17.99138888888889,2,Medium Risk,15,180.9
SHP00022,P020,S006,R003,2024-04-30,2024-05-05 12:07:35,2024-05-07 09:42:00,Delivered,177.7,500.0,23.51,1.0,0,4,0.0,0,,0.0,1.0,45.57361111111111,2,Medium Risk,50,1175.5
SHP00023,P019,S004,R023,2024-12-22,2024-12-24 13:42:36,2024-12-24 18:18:00,Delivered,66.3,100.0,9.85,7.2,8,12,0.7999999999999998,1,Mild,16.6,1.0,4.59,3,High Risk,35,344.75
SHP00024,P017,S008,R002,2024-10-12,2024-10-13 01:00:21,2024-10-12 22:18:00,In Transit,22.3,300.0,21.86,-0.1,0,4,0.1,1,Mild,14.9,0.0,0.0,3,High Risk,105,2295.3
SHP00025,P017,S007,R027,2024-10-07,2024-10-07 10:32:17,,Cancelled,12.4,250.0,21.86,3.0,0,4,0.0,0,,4.1,,,2,Medium Risk,25,546.5
SHP00026,P008,S005,R015,2024-02-09,2024-02-10 11:25:23,2024-02-11 00:42:00,Delivered,48.7,150.0,19.33,10.7,0,4,6.699999999999999,1,Severe,0.0,1.0,13.276944444444444,4,High Risk,52,1005.16
SHP00027,P007,S002,R014,2024-07-27,2024-07-31 01:32:16,,Cancelled,99.5,50.0,12.06,8.6,0,4,4.6,1,Mild,0.0,,,1,Medium Risk,5,60.3
SHP00028,P001,S006,R010,2024-07-18,2024-07-22 02:39:01,2024-07-23 08:12:00,Delivered,128.2,200.0,16.53,-0.4,2,4,2.4,1,Mild,21.4,1.0,29.549722222222226,4,High Risk,70,1157.1
SHP00029,P001,S007,R011,2024-12-08,2024-12-10 13:07:48,,Cancelled,79.7,50.0,16.53,2.3,2,4,0.0,0,,0.0,,,1,Medium Risk,5,82.65
SHP00030,P001,S002,R021,2024-08-07,2024-08-10 08:38:32,2024-08-09 22:18:00,In Transit,70.3,300.0,16.53,2.4,2,4,0.0,0,,23.4,0.0,0.0,3,High Risk,105,1735.65
SHP00031,P014,S005,R027,2024-02-11,2024-02-11 11:48:16,2024-02-11 12:36:00,Delivered,12.6,100.0,16.04,23.0,13,15,8.0,1,Severe,5.0,1.0,0.7955555555555556,5,Critical Risk,75,1203.0
SHP00032,P001,S004,R007,2024-01-11,2024-01-16 08:35:17,2024-01-17 23:12:00,Delivered,167.2,500.0,16.53,3.9,2,4,0.0,0,,0.0,1.0,38.61194444444445,3,High Risk,175,2892.75
SHP00033,P020,S002,R025,2024-03-24,2024-03-29 04:38:33,2024-04-01 09:36:00,Delivered,201.6,400.0,23.51,2.7,0,4,0.0,0,,80.6,1.0,76.9575,4,High Risk,140,3291.4
SHP00034,P019,S004,R004,2024-12-22,2024-12-22 09:06:35,2024-12-22 12:39:00,In Transit,11.5,50.0,9.85,11.9,8,12,0.0,0,,0.0,1.0,3.540277777777778,0,Low Risk,0,0.0
SHP00035,P003,S009,R021,2024-06-23,2024-06-26 07:59:52,2024-06-25 14:42:00,In Transit,62.7,500.0,18.91,3.4,2,6,0.0,0,,0.0,0.0,0.0,1,Medium Risk,50,945.5
SHP00036,P017,S005,R020,2024-10-02,2024-10-07 20:34:32,2024-10-12 08:49:12,Delivered,191.4,200.0,21.86,1.3,0,4,0.0,0,,191.4,1.0,108.24444444444444,4,High Risk,70,1530.2
SHP00037,P015,S004,R025,2024-08-25,2024-08-30 19:00:45,2024-08-31 17:06:00,Delivered,161.1,500.0,6.02,1.3,0,4,0.0,0,,80.6,1.0,22.0875,3,High Risk,175,1053.5
SHP00038,P020,S005,R018,2024-01-06,2024-01-07 04:02:55,2024-01-07 10:24:00,Delivered,34.4,200.0,23.51,2.2,0,4,0.0,0,,34.4,1.0,6.351388888888889,3,High Risk,70,1645.7
SHP00039,P015,S001,R003,2024-05-30,2024-06-05 00:32:01,2024-06-04 09:48:00,Delivered,129.8,300.0,6.02,1.9,0,4,0.0,0,,64.9,0.0,0.0,2,Medium Risk,30,180.6
SHP00040,P012,S008,R009,2024-06-05,2024-06-07 04:23:31,2024-06-07 05:48:00,Delivered,53.8,150.0,18.65,2.1,0,4,0.0,0,,17.9,1.0,1.4080555555555556,2,Medium Risk,15,279.75
SHP00041,P019,S009,R020,2024-05-24,2024-05-30 06:29:20,2024-06-01 21:36:00,Delivered,213.6,150.0,9.85,9.2,8,12,0.0,0,,0.0,1.0,63.11111111111112,2,Medium Risk,15,147.75
SHP00042,P005,S008,R004,2024-01-07,2024-01-07 08:29:24,2024-01-07 10:12:00,Delivered,10.2,500.0,13.38,0.2,0,4,0.0,0,,0.0,1.0,1.71,0,Low Risk,0,0.0
SHP00043,P003,S010,R021,2024-12-17,2024-12-20 03:48:24,2024-12-19 23:43:12,In Transit,65.2,100.0,18.91,6.0,2,6,0.0,0,,0.0,0.0,0.0,1,Medium Risk,10,189.1
SHP00044,P020,S004,R025,2024-09-24,2024-09-30 01:10:42,2024-09-29 21:42:00,Delivered,141.7,50.0,23.51,1.7,0,4,0.0,0,,0.0,0.0,0.0,0,Low Risk,0,0.0
SHP00045,P007,S004,R009,2024-12-04,2024-12-06 05:40:27,2024-12-06 03:09:00,Delivered,46.5,500.0,12.06,1.6,0,4,0.0,0,,0.0,0.0,0.0,0,Low Risk,0,0.0
SHP00046,P010,S008,R003,2024-12-17,2024-12-22 13:11:11,,Cancelled,131.0,200.0,3.9,-15.6,-18,-15,0.0,0,,131.0,,,3,High Risk,70,273.0
SHP00047,P005,S005,R027,2024-03-13,2024-03-13 10:33:10,2024-03-13 09:12:00,Delivered,9.2,100.0,13.38,-4.3,0,4,4.3,1,Mild,0.0,0.0,0.0,1,Medium Risk,10,133.8
SHP00048,P009,S009,R018,2024-09-09,2024-09-10 06:21:32,,Cancelled,32.6,200.0,8.03,-6.8,-1,2,5.8,1,Severe,32.6,,,6,Critical Risk,150,1204.5
SHP00049,P001,S005,R019,2024-01-21,2024-01-22 14:44:41,2024-01-23 07:30:00,In Transit,55.5,400.0,16.53,2.6,2,4,0.0,0,,0.0,1.0,16.755277777777778,2,Medium Risk,40,661.2
SHP00050,P016,S006,R014,2024-06-19,2024-06-22 18:46:51,,Cancelled,98.8,400.0,19.67,2.0,0,4,0.0,0,,0.0,,,0,Low Risk,0,0.0
SHP00051,P003,S006,R009,2024-06-14,2024-06-16 11:24:15,2024-06-16 14:24:00,Delivered,48.0,500.0,18.91,11.2,2,6,5.199999999999999,1,Severe,24.0,1.0,2.995833333333333,6,Critical Risk,375,7091.25
SHP00052,P020,S008,R021,2024-08-14,2024-08-17 04:38:53,2024-08-18 12:54:00,Delivered,108.9,500.0,23.51,13.9,0,4,9.9,1,Severe,18.2,1.0,32.25194444444445,5,Critical Risk,375,8816.25
SHP00053,P008,S003,R010,2024-10-09,2024-10-12 17:12:57,2024-10-11 22:06:00,Delivered,70.1,150.0,19.33,9.7,0,4,5.699999999999999,1,Severe,0.0,0.0,0.0,3,High Risk,52,1005.16
SHP00054,P009,S007,R027,2024-09-04,2024-09-04 10:43:11,2024-09-04 18:42:00,Delivered,17.0,150.0,8.03,1.8,-1,2,0.0,0,,4.2,1.0,7.980277777777777,2,Medium Risk,15,120.45
SHP00055,P014,S006,R026,2024-09-16,2024-09-18 15:03:59,2024-09-19 02:01:48,In Transit,67.3,150.0,16.04,11.0,13,15,2.0,1,Mild,0.0,1.0,10.963611111111112,2,Medium Risk,15,240.6
SHP00056,P018,S009,R013,2024-08-21,2024-08-28 00:22:55,2024-09-11 05:44:24,Delivered,231.7,400.0,16.44,1.5,0,4,0.0,0,,0.0,1.0,341.35805555555555,2,Medium Risk,40,657.6
SHP00057,P013,S007,R022,2024-11-29,2024-12-04 06:26:50,2024-12-06 23:00:00,In Transit,191.0,100.0,3.35,2.4,0,4,0.0,0,,0.0,1.0,64.55277777777778,2,Medium Risk,10,33.5
SHP00058,P015,S001,R024,2024-03-14,2024-03-18 19:37:34,2024-03-19 00:42:00,In Transit,120.7,300.0,6.02,3.9,0,4,0.0,0,,0.0,1.0,5.073888888888889,0,Low Risk,0,0.0
SHP00059,P011,S009,R013,2024-06-11,2024-06-18 00:54:59,2024-06-19 03:00:00,Delivered,195.0,200.0,21.42,0.9,-1,2,0.0,0,,0.0,1.0,26.08361111111111,3,High Risk,70,1499.4
SHP00060,P003,S007,R004,2024-11-20,2024-11-20 07:53:24,2024-11-20 11:06:00,Delivered,11.1,300.0,18.91,2.1,2,6,0.0,0,,0.0,1.0,3.21,1,Medium Risk,30,567.3
SHP00061,P014,S003,R008,2024-09-28,2024-10-01 11:33:33,2024-10-01 14:54:00,Delivered,86.9,400.0,16.04,14.2,13,15,0.0,0,,0.0,1.0,3.3408333333333333,0,Low Risk,0,0.0
SHP00062,P019,S003,R008,2024-08-24,2024-08-27 08:08:26,2024-08-28 14:52:48,Delivered,100.8,250.0,9.85,22.2,8,12,10.2,1,Severe,20.2,1.0,30.739444444444445,5,Critical Risk,187,1841.95
SHP00063,P012,S010,R010,2024-11-23,2024-11-26 22:05:57,2024-11-28 15:42:00,In Transit,135.7,500.0,18.65,4.0,0,4,0.0,0,,22.6,1.0,41.60083333333333,2,Medium Risk,50,932.5
SHP00064,P019,S005,R023,2024-05-31,2024-06-02 18:52:02,2024-06-02 01:00:00,Delivered,49.0,50.0,9.85,11.5,8,12,0.0,0,,0.0,0.0,0.0,0,Low Risk,0,0.0
SHP00065,P010,S004,R020,2024-06-29,2024-07-04 13:10:10,2024-07-04 11:24:00,Delivered,131.4,150.0,3.9,-19.9,-18,-15,1.8999999999999984,1,Mild,0.0,0.0,0.0,2,Medium Risk,15,58.5
SHP00066,P010,S008,R002,2024-10-23,2024-10-23 21:48:13,,Cancelled,24.4,200.0,3.9,-16.8,-18,-15,0.0,0,,0.0,,,1,Medium Risk,20,78.0
SHP00067,P012,S009,R017,2024-05-19,2024-05-21 22:51:55,2024-05-24 14:40:48,In Transit,103.6,300.0,18.65,3.2,0,4,0.0,0,,0.0,1.0,63.81472222222222,2,Medium Risk,30,559.5
SHP00068,P005,S004,R028,2024-12-12,2024-12-15 05:44:10,2024-12-20 13:55:12,Delivered,93.6,50.0,13.38,8.7,0,4,4.699999999999999,1,Mild,18.7,1.0,128.1838888888889,3,High Risk,17,227.46
SHP00069,P009,S010,R013,2024-11-22,2024-11-28 01:34:20,2024-12-01 16:36:00,Delivered,232.6,300.0,8.03,1.7,-1,2,0.0,0,,58.2,1.0,87.02777777777777,5,Critical Risk,225,1806.75
SHP00070,P015,S005,R021,2024-07-28,2024-07-31 02:11:59,,Cancelled,69.1,100.0,6.02,3.1,0,4,0.0,0,,0.0,,,0,Low Risk,0,0.0
SHP00071,P015,S006,R022,2024-12-22,2024-12-27 04:36:37,,Cancelled,187.6,100.0,6.02,1.7,0,4,0.0,0,,0.0,,,0,Low Risk,0,0.0
SHP00072,P009,S001,R023,2024-07-08,2024-07-10 14:14:59,2024-07-10 10:18:00,Delivered,58.3,300.0,8.03,1.9,-1,2,0.0,0,,11.7,0.0,0.0,1,Medium Risk,30,240.9
SHP00073,P013,S005,R007,2024-03-03,2024-03-08 23:41:02,2024-03-11 09:00:00,Delivered,201.0,50.0,3.35,2.6,0,4,0.0,0,,40.2,1.0,57.31611111111111,2,Medium Risk,5,16.75
SHP00074,P005,S010,R007,2024-02-05,2024-02-10 16:43:29,2024-02-13 15:34:12,Delivered,188.7,50.0,13.38,8.6,0,4,4.6,1,Mild,75.5,1.0,70.84527777777778,5,Critical Risk,37,495.06
SHP00075,P018,S005,R026,2024-03-30,2024-04-02 02:31:48,2024-04-01 10:54:00,Delivered,58.9,200.0,16.44,3.2,0,4,0.0,0,,19.6,0.0,0.0,2,Medium Risk,20,328.8
SHP00076,P014,S009,R004,2024-02-02,2024-02-02 08:59:32,2024-02-02 09:36:00,Delivered,87.2,200.0,16.04,14.0,13,15,0.0,0,,17.4,1.0,0.6077777777777778,0,Low Risk,0,0.0
SHP00077,P015,S001,R002,2024-09-02,2024-09-02 23:07:14,2024-09-03 09:00:00,Delivered,33.0,300.0,6.02,9.4,0,4,5.4,1,Severe,0.0,1.0,9.879444444444443,4,High Risk,105,632.1
SHP00078,P020,S010,R018,2024-12-30,2024-12-31 08:36:37,2024-12-31 06:06:00,Delivered,30.1,100.0,23.51,2.4,0,4,0.0,0,,0.0,0.0,0.0,0,Low Risk,0,0.0
SHP00079,P018,S004,R014,2024-08-19,2024-08-23 00:33:47,2024-08-26 15:33:36,Delivered,141.2,300.0,16.44,2.9,0,4,0.0,0,,28.2,1.0,86.99694444444444,2,Medium Risk,30,493.2
SHP00080,P005,S008,R003,2024-02-16,2024-02-21 08:38:10,2024-02-24 02:36:00,In Transit,194.6,300.0,13.38,-2.7,0,4,2.7,1,Mild,38.9,1.0,65.96388888888889,3,High Risk,105,1404.9
SHP00081,P014,S001,R010,2024-11-03,2024-11-06 11:57:04,,Cancelled,90.8,100.0,16.04,14.0,13,15,0.0,0,,0.0,,,0,Low Risk,0,0.0
SHP00082,P009,S010,R008,2024-08-07,2024-08-10 16:03:45,2024-08-13 03:33:00,Delivered,113.5,50.0,8.03,0.9,-1,2,0.0,0,,0.0,1.0,59.4875,3,High Risk,17,136.51
SHP00083,P009,S001,R006,2024-05-19,2024-05-22 14:08:15,2024-05-23 20:00:00,Delivered,116.0,400.0,8.03,1.6,-1,2,0.0,0,,0.0,1.0,29.8625,3,High Risk,140,1124.2
SHP00084,P001,S002,R024,2024-09-28,2024-10-02 14:35:59,2024-10-02 08:00:00,Delivered,104.0,100.0,16.53,3.4,2,4,0.0,0,,52.0,0.0,0.0,3,High Risk,35,578.55
SHP00085,P020,S001,R022,2024-02-11,2024-02-16 10:27:49,2024-02-16 02:42:00,Delivered,122.7,100.0,23.51,1.1,0,4,0.0,0,,0.0,0.0,0.0,0,Low Risk,0,0.0
SHP00086,P019,S008,R017,2024-12-07,2024-12-09 22:20:57,2024-12-13 19:01:12,Delivered,74.1,200.0,9.85,8.8,8,12,0.0,0,,0.0,1.0,92.67083333333332,2,Medium Risk,20,197.0
SHP00087,P004,S001,R016,2024-08-08,2024-08-11 19:17:00,2024-08-11 20:04:12,Delivered,83.7,300.0,11.42,5.3,2,6,0.0,0,,16.7,1.0,0.7866666666666666,1,Medium Risk,30,342.6
SHP00088,P001,S008,R003,2024-06-09,2024-06-14 21:23:22,2024-06-16 16:08:24,Delivered,167.4,50.0,16.53,2.2,2,4,0.0,0,,27.9,1.0,42.75055555555556,3,High Risk,17,281.01
SHP00089,P020,S008,R027,2024-12-19,2024-12-19 10:23:09,2024-12-19 21:27:00,Delivered,16.5,100.0,23.51,2.4,0,4,0.0,0,,0.0,1.0,11.064166666666669,1,Medium Risk,10,235.1
SHP00090,P008,S006,R025,2024-03-27,2024-04-01 18:06:56,2024-03-31 14:30:00,Delivered,110.5,300.0,19.33,3.1,0,4,0.0,0,,55.2,0.0,0.0,2,Medium Risk,30,579.9
SHP00091,P008,S002,R005,2024-05-11,2024-05-14 11:20:12,,Cancelled,74.6,500.0,19.33,8.6,0,4,4.6,1,Mild,14.9,,,1,Medium Risk,50,966.5
SHP00092,P015,S010,R021,2024-11-21,2024-11-24 06:29:57,2024-12-02 06:36:00,Delivered,87.2,200.0,6.02,1.8,0,4,0.0,0,,43.6,1.0,192.10083333333333,4,High Risk,70,421.4
SHP00093,P019,S001,R012,2024-09-16,2024-09-18 03:10:45,,Cancelled,42.2,100.0,9.85,9.1,8,12,0.0,0,,14.1,,,2,Medium Risk,10,98.5
SHP00094,P019,S009,R026,2024-01-22,2024-01-25 01:46:43,2024-01-25 12:42:00,In Transit,77.0,150.0,9.85,9.9,8,12,0.0,0,,0.0,1.0,10.921388888888888,1,Medium Risk,15,147.75
SHP00095,P011,S002,R017,2024-11-26,2024-11-28 22:44:05,2024-11-28 18:24:00,Delivered,66.4,150.0,21.42,0.6,-1,2,0.0,0,,33.2,0.0,0.0,3,High Risk,52,1113.84
SHP00096,P011,S010,R002,2024-11-19,2024-11-19 21:30:39,,Cancelled,29.4,150.0,21.42,6.3,-1,2,4.3,1,Mild,0.0,,,2,Medium Risk,15,321.3
SHP00097,P012,S005,R021,2024-12-23,2024-12-26 03:29:37,2024-12-27 17:11:24,Delivered,102.9,300.0,18.65,2.2,0,4,0.0,0,,0.0,1.0,37.69638888888889,2,Medium Risk,30,559.5
SHP00098,P017,S002,R021,2024-12-09,2024-12-12 07:05:49,2024-12-12 16:06:00,Delivered,88.1,500.0,21.86,0.9,0,4,0.0,0,,0.0,1.0,9.003055555555555,1,Medium Risk,50,1093.0
SHP00099,P010,S002,R017,2024-10-03,2024-10-06 07:44:07,2024-10-07 07:54:00,Delivered,103.9,150.0,3.9,-15.7,-18,-15,0.0,0,,0.0,1.0,24.164722222222224,3,High Risk,52,202.8
SHP00100,P020,S003,R024,2024-08-12,2024-08-16 13:24:42,2024-08-16 02:13:48,Delivered,89.3,500.0,23.51,15.5,0,4,11.5,1,Severe,35.7,0.0,0.0,5,Critical Risk,375,8816.25
SHP00101,P016,S004,R012,2024-12-13,2024-12-15 08:18:43,2024-12-16 04:30:00,Delivered,76.5,400.0,19.67,1.5,0,4,0.0,0,,0.0,1.0,20.188055555555557,1,Medium Risk,40,786.8
SHP00102,P005,S005,R002,2024-11-24,2024-11-24 22:52:29,2024-11-25 18:24:00,Delivered,87.2,100.0,13.38,-5.3,0,4,5.3,1,Severe,17.4,1.0,19.525277777777777,4,High Risk,35,468.3
SHP00103,P017,S003,R027,2024-08-11,2024-08-11 12:09:04,,Cancelled,9.4,400.0,21.86,18.4,0,4,14.4,1,Severe,0.0,,,3,High Risk,140,3060.4
SHP00104,P013,S002,R012,2024-04-24,2024-04-26 07:47:08,2024-04-26 04:31:12,In Transit,40.4,150.0,3.35,3.2,0,4,0.0,0,,6.7,0.0,0.0,0,Low Risk,0,0.0
SHP00105,P005,S008,R015,2024-11-11,2024-11-12 10:19:10,2024-11-12 04:36:00,Delivered,28.6,400.0,13.38,-1.6,0,4,1.6,1,Mild,0.0,0.0,0.0,1,Medium Risk,40,535.2
SHP00106,P004,S001,R008,2024-08-02,2024-08-05 10:39:06,2024-08-06 04:54:00,Delivered,100.9,200.0,11.42,9.2,2,6,3.1999999999999997,1,Mild,0.0,1.0,18.24833333333333,3,High Risk,70,799.4
SHP00107,P020,S006,R008,2024-10-19,2024-10-22 11:17:27,2024-10-22 15:12:00,In Transit,87.2,50.0,23.51,0.875,0,4,0.0,0,,0.0,1.0,3.9091666666666662,0,Low Risk,0,0.0
SHP00108,P013,S006,R009,2024-01-09,2024-01-11 03:49:15,2024-01-11 10:24:00,Delivered,58.4,300.0,3.35,7.5,0,4,3.5,1,Mild,0.0,1.0,6.579166666666667,2,Medium Risk,30,100.5
SHP00109,P006,S008,R023,2024-09-02,2024-09-04 18:38:43,2024-09-05 06:12:00,Delivered,78.2,50.0,16.77,5.8,0,4,1.7999999999999998,1,Mild,19.6,1.0,11.554722222222225,4,High Risk,17,285.09
SHP00110,P010,S009,R013,2024-10-05,2024-10-10 23:25:23,2024-10-13 02:15:36,Delivered,176.6,50.0,3.9,-15.4,-18,-15,0.0,0,,117.7,1.0,50.83694444444444,5,Critical Risk,37,144.3
SHP00111,P012,S007,R013,2024-08-13,2024-08-19 09:54:39,2024-09-02 19:37:12,Delivered,227.1,250.0,18.65,2.0,0,4,0.0,0,,0.0,1.0,345.70916666666665,2,Medium Risk,25,466.25
SHP00112,P014,S010,R027,2024-04-02,2024-04-02 10:53:10,2024-04-02 13:18:00,In Transit,13.3,400.0,16.04,18.6,13,15,3.6000000000000014,1,Mild,6.6,1.0,2.4138888888888888,3,High Risk,140,2245.6
SHP00113,P002,S006,R020,2024-08-10,2024-08-16 10:27:44,2024-08-19 03:50:24,Delivered,137.4,300.0,6.75,3.3,2,4,0.0,0,,0.0,1.0,65.37777777777778,3,High Risk,105,708.75
SHP00114,P001,S003,R028,2024-11-07,2024-11-09 22:23:10,,Cancelled,91.1,300.0,16.53,3.3,2,4,0.0,0,,36.4,,,3,High Risk,105,1735.65
SHP00115,P005,S008,R012,2024-07-09,2024-07-10 23:24:00,2024-07-11 08:42:00,Delivered,56.7,250.0,13.38,1.3,0,4,0.0,0,,0.0,1.0,9.3,1,Medium Risk,25,334.5
SHP00116,P006,S008,R017,2024-07-17,2024-07-19 20:53:42,2024-07-22 20:47:24,Delivered,108.3,500.0,16.77,7.7,0,4,3.7,1,Mild,0.0,1.0,71.895,3,High Risk,175,2934.75
SHP00117,P015,S003,R023,2024-08-15,2024-08-17 18:38:00,,Cancelled,95.7,300.0,6.02,1.4,0,4,0.0,0,,0.0,,,0,Low Risk,0,0.0
SHP00118,P010,S003,R023,2024-12-29,2024-12-31 16:33:45,2025-01-03 00:07:12,Delivered,92.4,200.0,3.9,-17.6,-18,-15,0.0,0,,0.0,1.0,55.5575,3,High Risk,70,273.0
SHP00119,P001,S006,R018,2024-10-20,2024-10-21 07:31:34,2024-10-21 10:12:36,Delivered,31.1,250.0,16.53,2.2,2,4,0.0,0,,5.2,1.0,2.6838888888888888,1,Medium Risk,25,413.25
SHP00120,P017,S007,R025,2024-07-28,2024-08-02 03:45:40,,Cancelled,187.1,300.0,21.86,1.8,0,4,0.0,0,,112.3,,,2,Medium Risk,30,655.8
SHP00121,P006,S003,R014,2024-09-14,2024-09-17 17:51:40,2024-09-19 22:54:00,Delivered,142.9,300.0,16.77,0.7,0,4,0.0,0,,0.0,1.0,53.03888888888889,2,Medium Risk,30,503.1
SHP00122,P017,S005,R028,2024-02-10,2024-02-13 01:03:26,2024-02-13 02:41:24,Delivered,67.9,100.0,21.86,1.2,0,4,0.0,0,,0.0,1.0,1.632777777777778,0,Low Risk,0,0.0
SHP00123,P019,S003,R006,2024-12-03,2024-12-07 00:14:05,2024-12-07 14:36:00,Delivered,110.6,50.0,9.85,18.4,8,12,6.399999999999999,1,Severe,0.0,1.0,14.365277777777775,4,High Risk,17,167.45
SHP00124,P009,S004,R025,2024-10-19,2024-10-24 18:15:48,2024-10-25 01:24:00,Delivered,145.4,250.0,8.03,-0.1,-1,2,0.0,0,,58.2,1.0,7.136666666666667,4,High Risk,87,698.61
SHP00125,P015,S002,R023,2024-01-31,2024-02-02 13:54:04,2024-02-02 07:30:00,Delivered,55.5,300.0,6.02,0.6,0,4,0.0,0,,11.1,0.0,0.0,0,Low Risk,0,0.0
SHP00126,P005,S006,R017,2024-10-14,2024-10-16 22:38:59,2024-10-16 14:36:00,In Transit,62.6,50.0,13.38,0.6,0,4,0.0,0,,20.9,0.0,0.0,2,Medium Risk,5,66.9
SHP00127,P014,S004,R028,2024-03-22,2024-03-25 05:06:34,2024-03-26 12:14:24,Delivered,98.4,500.0,16.04,13.3,13,15,0.0,0,,16.4,1.0,31.13055555555556,2,Medium Risk,50,802.0
SHP00128,P003,S007,R017,2024-08-22,2024-08-24 22:16:24,2024-08-26 15:18:00,Delivered,111.3,500.0,18.91,4.0,2,6,0.0,0,,0.0,1.0,41.02666666666666,3,High Risk,175,3309.25
SHP00129,P014,S003,R009,2024-07-06,2024-07-08 07:01:49,,Cancelled,75.9,250.0,16.04,13.4,13,15,0.0,0,,0.0,,,0,Low Risk,0,0.0
SHP00130,P018,S005,R027,2024-11-15,2024-11-15 10:27:06,2024-11-16 07:40:48,Delivered,14.4,300.0,16.44,3.2,0,4,0.0,0,,2.9,1.0,21.22833333333333,1,Medium Risk,30,493.2
SHP00131,P007,S010,R017,2024-07-24,2024-07-26 19:52:10,,Cancelled,84.9,500.0,12.06,1.9,0,4,0.0,0,,28.3,,,2,Medium Risk,50,603.0
SHP00132,P020,S006,R006,2024-07-20,2024-07-23 21:27:53,2024-07-25 15:36:00,Delivered,135.6,500.0,23.51,3.3,0,4,0.0,0,,0.0,1.0,42.13527777777778,2,Medium Risk,50,1175.5
SHP00133,P001,S006,R011,2024-12-10,2024-12-12 13:16:30,2024-12-12 04:36:00,Delivered,52.6,50.0,16.53,17.8,2,4,13.8,1,Severe,17.5,0.0,0.0,6,Critical Risk,37,611.61
SHP00134,P019,S010,R008,2024-01-27,2024-01-30 03:41:37,2024-01-31 11:08:24,Delivered,97.4,150.0,9.85,11.4,8,12,0.0,0,,0.0,1.0,31.44638888888889,2,Medium Risk,15,147.75
SHP00135,P004,S004,R001,2024-08-13,2024-08-14 23:43:24,2024-08-15 08:19:12,Delivered,51.2,500.0,11.42,5.1,2,6,0.0,0,,0.0,1.0,8.596666666666666,2,Medium Risk,50,571.0
SHP00136,P005,S009,R007,2024-10-14,2024-10-19 19:30:32,2024-10-19 16:36:00,Delivered,136.6,300.0,13.38,0.7,0,4,0.0,0,,82.0,0.0,0.0,2,Medium Risk,30,401.4
SHP00137,P009,S010,R016,2024-04-08,2024-04-11 17:28:58,2024-04-13 19:18:00,Delivered,139.3,250.0,8.03,16.8,-1,2,14.8,1,Severe,27.9,1.0,49.81722222222222,6,Critical Risk,187,1501.61
SHP00138,P011,S008,R012,2024-10-13,2024-10-15 06:27:21,2024-10-16 04:00:00,In Transit,76.0,400.0,21.42,1.0,-1,2,0.0,0,,0.0,1.0,21.544166666666666,2,Medium Risk,40,856.8
SHP00139,P005,S005,R002,2024-05-27,2024-05-27 21:34:10,2024-05-29 07:50:24,Delivered,34.9,250.0,13.38,-4.7,0,4,4.7,1,Mild,17.4,1.0,34.27055555555555,5,Critical Risk,187,2502.06
SHP00140,P004,S010,R024,2024-10-27,2024-10-31 06:42:15,2024-11-03 01:36:00,Delivered,106.0,100.0,11.42,2.9,2,6,0.0,0,,63.6,1.0,66.89583333333333,5,Critical Risk,75,856.5
SHP00141,P005,S001,R018,2024-03-21,2024-03-22 08:16:19,2024-03-23 03:02:24,Delivered,31.9,250.0,13.38,0.8,0,4,0.0,0,,10.6,1.0,18.76805555555556,3,High Risk,87,1164.06
SHP00142,P003,S010,R008,2024-09-30,2024-10-03 14:09:06,2024-10-04 11:00:00,Delivered,107.0,150.0,18.91,15.8,2,6,9.8,1,Severe,64.2,1.0,20.848333333333333,7,Critical Risk,112,2117.92
SHP00143,P013,S008,R006,2024-05-28,2024-05-31 09:02:04,2024-06-02 20:34:48,Delivered,127.8,250.0,3.35,3.9,0,4,0.0,0,,42.6,1.0,59.54555555555555,4,High Risk,87,291.45
SHP00144,P016,S003,R028,2024-09-15,2024-09-17 19:03:26,2024-09-18 07:42:00,Delivered,79.7,250.0,19.67,1.8,0,4,0.0,0,,26.6,1.0,12.642777777777775,3,High Risk,87,1711.29
SHP00145,P010,S010,R022,2024-04-08,2024-04-13 15:08:43,2024-04-15 13:16:48,Delivered,113.3,100.0,3.9,-23.5,-18,-15,5.5,1,Severe,22.7,1.0,46.13472222222222,6,Critical Risk,75,292.5
SHP00146,P008,S001,R009,2024-07-15,2024-07-17 11:12:07,2024-07-19 21:02:24,Delivered,53.2,50.0,19.33,2.9,0,4,0.0,0,,10.6,1.0,57.83805555555556,2,Medium Risk,5,96.65
SHP00147,P002,S002,R015,2024-06-06,2024-06-07 14:37:56,2024-06-08 04:48:00,Delivered,33.0,100.0,6.75,16.9,2,4,12.9,1,Severe,0.0,1.0,14.167777777777776,5,Critical Risk,75,506.25
SHP00148,P008,S004,R005,2024-09-01,2024-09-04 13:35:59,2024-09-04 06:58:48,Delivered,71.8,500.0,19.33,2.2,0,4,0.0,0,,23.9,0.0,0.0,2,Medium Risk,50,966.5
SHP00149,P008,S010,R028,2024-02-11,2024-02-13 23:36:25,2024-02-14 10:48:00,Delivered,82.8,200.0,19.33,11.0,0,4,7.0,1,Severe,27.6,1.0,11.193055555555556,6,Critical Risk,150,2899.5
SHP00150,P017,S008,R004,2024-12-14,2024-12-14 08:40:30,2024-12-14 07:48:00,In Transit,7.8,500.0,21.86,3.2,0,4,0.0,0,,2.6,0.0,0.0,2,Medium Risk,50,1093.0
SHP00151,P002,S009,R015,2024-12-10,2024-12-11 14:53:48,2024-12-12 03:24:00,Delivered,51.4,50.0,6.75,-0.5,2,4,2.5,1,Mild,0.0,1.0,12.503333333333334,3,High Risk,17,114.75
SHP00152,P002,S002,R016,2024-01-17,2024-01-20 15:43:14,2024-01-20 19:36:00,In Transit,91.6,400.0,6.75,3.5,2,4,0.0,0,,0.0,1.0,3.879444444444444,1,Medium Risk,40,270.0
SHP00153,P013,S007,R003,2024-12-15,2024-12-21 05:23:17,2024-12-23 16:42:00,Delivered,208.7,400.0,3.35,11.1,0,4,7.1,1,Severe,104.4,1.0,59.31194444444444,7,Critical Risk,300,1005.0
SHP00154,P001,S001,R010,2024-08-25,2024-08-28 19:34:34,2024-08-29 19:48:00,Delivered,115.8,250.0,16.53,6.1,2,4,2.1,1,Mild,38.6,1.0,24.22388888888889,6,Critical Risk,187,3091.11
SHP00155,P002,S007,R020,2024-01-09,2024-01-14 09:51:29,2024-01-15 03:10:48,Delivered,133.8,50.0,6.75,3.3,2,4,0.0,0,,33.4,1.0,17.321944444444444,2,Medium Risk,5,33.75
SHP00156,P008,S009,R007,2024-01-29,2024-02-04 04:02:52,2024-02-02 21:36:00,Delivered,117.6,300.0,19.33,15.2,0,4,11.2,1,Severe,23.5,0.0,0.0,3,High Risk,105,2029.65
SHP00157,P017,S004,R014,2024-06-02,2024-06-06 03:14:08,2024-06-06 08:56:24,Delivered,95.4,500.0,21.86,8.1,0,4,4.1,1,Mild,47.7,1.0,5.704444444444444,3,High Risk,175,3825.5
SHP00158,P013,S009,R011,2024-12-22,2024-12-24 10:06:16,2024-12-24 19:12:00,Delivered,67.2,250.0,3.35,9.1,0,4,5.1,1,Severe,0.0,1.0,9.095555555555556,4,High Risk,87,291.45
SHP00159,P002,S009,R014,2024-08-01,2024-08-04 19:19:57,2024-08-05 20:30:00,Delivered,116.5,500.0,6.75,3.3,2,4,0.0,0,,23.3,1.0,25.1675,3,High Risk,175,1181.25
SHP00160,P007,S001,R009,2024-07-12,2024-07-14 09:34:46,2024-07-16 19:12:00,Delivered,72.0,200.0,12.06,3.0,0,4,0.0,0,,0.0,1.0,57.62055555555556,2,Medium Risk,20,241.2
SHP00161,P001,S004,R007,2024-03-01,2024-03-06 21:52:59,2024-03-13 00:09:36,Delivered,180.1,200.0,16.53,-1.6,2,4,3.6,1,Mild,36.0,1.0,146.27694444444444,4,High Risk,70,1157.1
SHP00162,P018,S006,R010,2024-05-13,2024-05-17 01:25:43,2024-05-16 22:06:00,Delivered,94.1,300.0,16.44,-1.4,0,4,1.4,1,Mild,0.0,0.0,0.0,1,Medium Risk,30,493.2
SHP00163,P002,S010,R028,2024-04-23,2024-04-25 16:39:42,2024-04-27 07:57:00,Delivered,94.5,250.0,6.75,3.4,2,4,0.0,0,,0.0,1.0,39.28833333333333,3,High Risk,87,587.25
SHP00164,P019,S004,R016,2024-10-08,2024-10-12 00:42:14,2024-10-12 21:48:00,Delivered,117.8,500.0,9.85,5.9,8,12,2.1,1,Mild,0.0,1.0,21.09611111111111,2,Medium Risk,50,492.5
SHP00165,P006,S003,R024,2024-10-06,2024-10-11 01:14:01,2024-10-11 07:24:00,Delivered,127.4,50.0,16.77,0.2,0,4,0.0,0,,0.0,1.0,6.166388888888889,1,Medium Risk,5,83.85
SHP00166,P002,S001,R014,2024-03-11,2024-03-14 21:09:10,2024-03-17 07:34:48,Delivered,137.8,300.0,6.75,3.0,2,4,0.0,0,,45.9,1.0,58.42722222222222,5,Critical Risk,225,1518.75
SHP00167,P020,S008,R022,2024-09-06,2024-09-11 07:20:11,2024-09-10 01:54:00,Delivered,97.9,200.0,23.51,2.9,0,4,0.0,0,,0.0,0.0,0.0,0,Low Risk,0,0.0
SHP00168,P004,S009,R005,2024-05-03,2024-05-06 10:09:15,2024-05-07 00:27:36,In Transit,74.2,300.0,11.42,3.6,2,6,0.0,0,,24.7,1.0,14.305833333333334,4,High Risk,105,1199.1
SHP00169,P008,S005,R022,2024-02-11,2024-02-16 15:11:43,2024-02-19 15:21:00,Delivered,159.5,500.0,19.33,1.5,0,4,0.0,0,,0.0,1.0,72.15472222222222,2,Medium Risk,50,966.5
SHP00170,P003,S008,R028,2024-08-10,2024-08-12 20:56:09,2024-08-18 04:27:36,Delivered,89.3,50.0,18.91,5.48,2,6,0.0,0,,17.9,1.0,127.52416666666667,3,High Risk,17,321.47
SHP00171,P016,S005,R002,2024-02-08,2024-02-08 22:28:08,,Cancelled,30.1,50.0,19.67,9.1,0,4,5.1,1,Severe,0.0,,,3,High Risk,17,334.39
SHP00172,P013,S002,R010,2024-03-24,2024-03-27 19:57:40,2024-03-29 20:39:36,Delivered,108.2,150.0,3.35,-3.7,0,4,3.7,1,Mild,27.0,1.0,48.69888888888889,3,High Risk,52,174.2
SHP00173,P017,S006,R002,2024-02-20,2024-02-21 00:57:45,2024-02-21 01:42:00,Delivered,25.7,300.0,21.86,-3.6,0,4,3.6,1,Mild,6.4,1.0,0.7375,1,Medium Risk,30,655.8
SHP00174,P015,S008,R008,2024-07-01,2024-07-04 06:50:46,2024-07-04 23:36:00,Delivered,95.6,250.0,6.02,1.5,0,4,0.0,0,,0.0,1.0,16.753888888888888,1,Medium Risk,25,150.5
SHP00175,P009,S003,R013,2024-12-30,2025-01-05 02:56:54,2025-01-07 21:48:00,Delivered,213.8,250.0,8.03,-0.7,-1,2,0.0,0,,106.9,1.0,66.85166666666667,5,Critical Risk,187,1501.61
SHP00176,P003,S003,R014,2024-08-17,2024-08-21 02:24:27,2024-08-21 20:30:00,Delivered,116.5,300.0,18.91,4.2,2,6,0.0,0,,0.0,1.0,18.0925,2,Medium Risk,30,567.3
SHP00177,P013,S002,R024,2024-10-13,2024-10-18 02:32:40,2024-10-20 11:18:00,Delivered,163.0,150.0,3.35,1.5,0,4,0.0,0,,0.0,1.0,56.75555555555555,2,Medium Risk,15,50.25
SHP00178,P003,S003,R014,2024-05-21,2024-05-25 01:52:48,2024-05-25 10:18:00,Delivered,106.3,500.0,18.91,3.0,2,6,0.0,0,,63.8,1.0,8.42,4,High Risk,175,3309.25
SHP00179,P005,S005,R001,2024-07-21,2024-07-23 04:17:15,,Cancelled,51.9,150.0,13.38,1.3,0,4,0.0,0,,13.0,,,2,Medium Risk,15,200.7
SHP00180,P007,S008,R011,2024-03-31,2024-04-02 19:49:26,2024-04-03 21:12:00,Delivered,93.2,200.0,12.06,7.5,0,4,3.5,1,Mild,46.6,1.0,25.37611111111111,5,Critical Risk,150,1809.0
SHP00181,P013,S006,R004,2024-10-15,2024-10-15 09:20:55,2024-10-15 07:48:00,Delivered,7.8,200.0,3.35,8.4,0,4,4.4,1,Mild,0.0,0.0,0.0,1,Medium Risk,20,67.0
SHP00182,P003,S007,R022,2024-09-12,2024-09-17 01:48:25,,Cancelled,87.2,400.0,18.91,3.7,2,6,0.0,0,,0.0,,,1,Medium Risk,40,756.4
SHP00183,P013,S009,R017,2024-12-20,2024-12-22 19:44:55,2024-12-27 08:39:36,Delivered,80.3,100.0,3.35,-2.4,0,4,2.4,1,Mild,0.0,1.0,108.9113888888889,3,High Risk,35,117.25
SHP00184,P012,S003,R021,2024-11-09,2024-11-12 16:43:04,2024-11-11 23:03:36,Delivered,64.6,400.0,18.65,3.0,0,4,0.0,0,,16.2,0.0,0.0,2,Medium Risk,40,746.0
SHP00185,P017,S009,R018,2024-10-24,2024-10-25 04:13:08,2024-10-25 14:18:00,Delivered,38.3,150.0,21.86,2.7,0,4,0.0,0,,0.0,1.0,10.081111111111111,1,Medium Risk,15,327.9
SHP00186,P010,S007,R003,2024-02-29,2024-03-06 01:33:10,2024-03-08 02:36:00,Delivered,194.6,500.0,3.9,-15.6,-18,-15,0.0,0,,77.8,1.0,49.047222222222224,5,Critical Risk,375,1462.5
SHP00187,P015,S006,R003,2024-06-02,2024-06-08 01:02:17,2024-06-06 15:00:00,Delivered,111.0,150.0,6.02,0.4,0,4,0.0,0,,44.4,0.0,0.0,2,Medium Risk,15,90.3
SHP00188,P006,S009,R006,2024-06-18,2024-06-22 01:11:45,2024-06-22 10:12:00,Delivered,106.2,400.0,16.77,0.7,0,4,0.0,0,,21.2,1.0,9.004166666666666,1,Medium Risk,40,670.8
SHP00189,P007,S008,R019,2024-08-07,2024-08-08 18:54:38,,Cancelled,43.7,100.0,12.06,-5.6,0,4,5.6,1,Severe,0.0,,,3,High Risk,35,422.1
SHP00190,P011,S004,R015,2024-02-28,2024-02-29 15:53:13,2024-02-29 11:54:00,Delivered,35.9,400.0,21.42,0.8,-1,2,0.0,0,,12.0,0.0,0.0,3,High Risk,140,2998.8
SHP00191,P015,S010,R006,2024-12-10,2024-12-13 13:56:28,2024-12-15 07:49:12,Delivered,116.2,100.0,6.02,0.5,0,4,0.0,0,,29.0,1.0,41.87888888888889,2,Medium Risk,10,60.2
SHP00192,P005,S009,R013,2024-08-02,2024-08-08 15:32:56,2024-08-09 23:18:00,In Transit,191.3,150.0,13.38,2.1,0,4,0.0,0,,0.0,1.0,31.75111111111111,2,Medium Risk,15,200.7
SHP00193,P006,S006,R027,2024-08-18,2024-08-18 12:03:16,,Cancelled,13.9,400.0,16.77,0.8,0,4,0.0,0,,7.0,,,2,Medium Risk,40,670.8
SHP00194,P014,S008,R014,2024-12-29,2025-01-02 01:57:49,2025-01-03 17:36:00,Delivered,137.6,250.0,16.04,14.5,13,15,0.0,0,,34.4,1.0,39.63638888888889,4,High Risk,87,1395.48
SHP00195,P006,S008,R019,2024-09-10,2024-09-11 14:15:26,2024-09-12 00:48:00,In Transit,48.8,50.0,16.77,-3.8,0,4,3.8,1,Mild,0.0,1.0,10.542777777777776,2,Medium Risk,5,83.85
SHP00196,P014,S002,R024,2024-11-30,2024-12-04 11:59:14,2024-12-13 17:46:48,Delivered,149.9,100.0,16.04,13.7,13,15,0.0,0,,0.0,1.0,221.7927777777778,2,Medium Risk,10,160.4
SHP00197,P008,S004,R026,2024-10-28,2024-10-31 02:27:31,2024-11-01 02:40:12,Delivered,89.7,200.0,19.33,2.5,0,4,0.0,0,,0.0,1.0,24.211388888888887,2,Medium Risk,20,386.6
SHP00198,P018,S005,R020,2024-10-02,2024-10-08 10:26:05,2024-10-07 06:00:00,In Transit,126.0,100.0,16.44,3.8,0,4,0.0,0,,42.0,0.0,0.0,2,Medium Risk,10,164.4
SHP00199,P009,S003,R023,2024-03-08,2024-03-10 17:26:44,2024-03-11 05:52:12,In Transit,59.9,250.0,8.03,-4.1,-1,2,3.1,1,Mild,20.0,1.0,12.424444444444443,5,Critical Risk,187,1501.61
SHP00200,P003,S007,R017,2024-05-22,2024-05-25 07:38:43,2024-05-25 23:54:00,In Transit,95.9,100.0,18.91,4.3,2,6,0.0,0,,0.0,1.0,16.254722222222224,2,Medium Risk,10,189.1
SHP00201,P012,S002,R026,2024-09-30,2024-10-03 03:52:46,,Cancelled,74.2,250.0,18.65,1.3,0,4,0.0,0,,0.0,,,0,Low Risk,0,0.0
SHP00202,P016,S006,R022,2024-01-25,2024-01-30 09:36:06,2024-01-30 11:10:12,Delivered,100.9,150.0,19.67,3.7,0,4,0.0,0,,20.2,1.0,1.5683333333333334,0,Low Risk,0,0.0
SHP00203,P014,S004,R023,2024-03-08,2024-03-10 12:32:17,2024-03-14 00:19:12,Delivered,90.2,300.0,16.04,21.8,13,15,6.800000000000001,1,Severe,22.6,1.0,83.78194444444445,7,Critical Risk,225,3609.0
SHP00204,P006,S001,R013,2024-11-16,2024-11-22 19:17:00,,Cancelled,156.5,500.0,16.77,-6.0,0,4,6.0,1,Severe,0.0,,,3,High Risk,175,2934.75
SHP00205,P015,S001,R001,2024-12-22,2024-12-23 23:25:24,2024-12-24 19:59:24,Delivered,52.3,100.0,6.02,5.4,0,4,1.4000000000000004,1,Mild,17.4,1.0,20.566666666666663,4,High Risk,35,210.7
SHP00206,P012,S005,R005,2024-07-14,2024-07-17 13:41:03,2024-07-18 14:30:00,Delivered,110.5,100.0,18.65,1.1749999999999998,0,4,0.0,0,,0.0,1.0,24.81583333333333,2,Medium Risk,10,186.5
SHP00207,P006,S008,R012,2024-04-19,2024-04-21 00:07:53,2024-04-21 16:00:00,Delivered,64.0,100.0,16.77,-5.5,0,4,5.5,1,Severe,21.3,1.0,15.868611111111113,6,Critical Risk,75,1257.75
SHP00208,P013,S006,R014,2024-06-10,2024-06-13 21:27:30,2024-06-16 03:24:00,Delivered,134.0,250.0,3.35,2.4,0,4,0.0,0,,67.0,1.0,53.94166666666667,4,High Risk,87,291.45
SHP00209,P010,S004,R017,2024-11-06,2024-11-09 05:48:46,2024-11-09 13:30:00,Delivered,85.5,200.0,3.9,-15.3,-18,-15,0.0,0,,21.4,1.0,7.687222222222222,4,High Risk,70,273.0
SHP00210,P020,S002,R017,2024-01-07,2024-01-10 08:26:47,2024-01-11 16:30:00,Delivered,112.5,300.0,23.51,15.1,0,4,11.1,1,Severe,37.5,1.0,32.05361111111111,7,Critical Risk,225,5289.75
SHP00211,P003,S001,R019,2024-02-04,2024-02-05 15:03:49,,Cancelled,31.9,250.0,18.91,15.6,2,6,9.6,1,Severe,10.6,,,6,Critical Risk,187,3536.17
SHP00212,P014,S007,R003,2024-11-23,2024-11-28 22:31:19,2024-11-29 19:12:00,Delivered,163.2,200.0,16.04,14.0,13,15,0.0,0,,40.8,1.0,20.67805555555556,3,High Risk,70,1122.8
SHP00213,P013,S010,R021,2024-11-28,2024-12-01 02:31:16,2024-12-02 18:24:00,Delivered,104.0,100.0,3.35,-5.7,0,4,5.7,1,Severe,0.0,1.0,39.87888888888889,5,Critical Risk,75,251.25
SHP00214,P020,S001,R010,2024-12-07,2024-12-10 22:58:12,2024-12-12 00:30:00,Delivered,120.5,300.0,23.51,-5.0,0,4,5.0,1,Severe,0.0,1.0,25.53,5,Critical Risk,225,5289.75
SHP00215,P012,S003,R024,2024-05-17,2024-05-21 08:08:38,,Cancelled,148.3,100.0,18.65,1.7,0,4,0.0,0,,0.0,,,0,Low Risk,0,0.0
SHP00216,P016,S008,R017,2024-07-03,2024-07-06 07:23:28,,Cancelled,59.8,100.0,19.67,3.1,0,4,0.0,0,,0.0,,,0,Low Risk,0,0.0
SHP00217,P001,S004,R002,2024-08-29,2024-08-30 01:19:37,2024-08-30 00:24:00,Delivered,24.4,400.0,16.53,10.3,2,4,6.300000000000001,1,Severe,9.8,0.0,0.0,6,Critical Risk,300,4959.0
SHP00218,P011,S005,R027,2024-02-09,2024-02-09 10:27:10,2024-02-09 14:51:00,Delivered,13.5,50.0,21.42,-0.3,-1,2,0.0,0,,0.0,1.0,4.397222222222222,1,Medium Risk,5,107.1
SHP00219,P010,S005,R011,2024-02-14,2024-02-16 08:25:46,,Cancelled,73.7,200.0,3.9,-17.1,-18,-15,0.0,0,,44.2,,,3,High Risk,70,273.0
SHP00220,P007,S009,R025,2024-05-05,2024-05-11 01:47:28,2024-05-09 22:06:00,Delivered,118.1,50.0,12.06,2.5,0,4,0.0,0,,39.4,0.0,0.0,2,Medium Risk,5,60.3
SHP00221,P013,S005,R004,2024-04-15,2024-04-15 08:06:50,2024-04-15 10:00:00,Delivered,10.0,250.0,3.35,4.0,0,4,0.0,0,,3.3,1.0,1.886111111111111,2,Medium Risk,25,83.75
SHP00222,P017,S007,R023,2024-07-09,2024-07-11 17:52:59,,Cancelled,69.9,400.0,21.86,2.5,0,4,0.0,0,,0.0,,,0,Low Risk,0,0.0
SHP00223,P005,S004,R010,2024-05-13,2024-05-17 02:10:35,2024-05-18 08:06:00,Delivered,128.1,200.0,13.38,6.7,0,4,2.7,1,Mild,21.3,1.0,29.92361111111111,3,High Risk,70,936.6
SHP00224,P019,S002,R005,2024-02-24,2024-02-27 09:12:50,2024-02-27 00:30:00,In Transit,72.5,200.0,9.85,11.9,8,12,0.0,0,,0.0,0.0,0.0,0,Low Risk,0,0.0
SHP00225,P004,S002,R006,2024-12-17,2024-12-20 20:52:31,2024-12-21 01:40:48,Delivered,88.8,150.0,11.42,5.4,2,6,0.0,0,,0.0,1.0,4.804722222222222,1,Medium Risk,15,171.3
SHP00226,P013,S009,R002,2024-12-12,2024-12-13 00:52:47,2024-12-12 23:12:00,Delivered,23.2,200.0,3.35,17.7,0,4,13.7,1,Severe,0.0,0.0,0.0,3,High Risk,70,234.5
SHP00227,P005,S002,R001,2024-02-01,2024-02-03 07:48:57,2024-02-03 23:18:00,Delivered,71.3,100.0,13.38,7.8,0,4,3.8,1,Mild,0.0,1.0,15.484166666666669,2,Medium Risk,10,133.8
SHP00228,P003,S001,R003,2024-04-11,2024-04-16 17:56:15,2024-04-19 10:06:00,In Transit,202.1,300.0,18.91,19.5,2,6,13.5,1,Severe,33.7,1.0,64.1625,6,Critical Risk,225,4254.75
SHP00229,P019,S007,R027,2024-07-21,2024-07-21 11:01:05,2024-07-21 12:48:00,Delivered,12.8,250.0,9.85,11.6,8,12,0.0,0,,0.0,1.0,1.7819444444444446,0,Low Risk,0,0.0
SHP00230,P020,S010,R008,2024-11-27,2024-11-30 07:24:31,2024-11-30 15:40:12,Delivered,79.7,150.0,23.51,1.1,0,4,0.0,0,,0.0,1.0,8.261388888888888,1,Medium Risk,15,352.65
SHP00231,P017,S004,R021,2024-10-05,2024-10-08 16:48:27,,Cancelled,111.1,500.0,21.86,2.2,0,4,0.0,0,,0.0,,,0,Low Risk,0,0.0
SHP00232,P013,S005,R006,2024-01-14,2024-01-17 12:36:21,2024-01-19 23:40:48,Delivered,89.8,300.0,3.35,9.9,0,4,5.9,1,Severe,18.0,1.0,59.07416666666666,5,Critical Risk,225,753.75
SHP00233,P004,S004,R022,2024-05-03,2024-05-08 14:11:04,2024-05-11 03:21:36,In Transit,122.1,200.0,11.42,6.0,2,6,0.0,0,,40.7,1.0,61.17555555555556,5,Critical Risk,150,1713.0
SHP00234,P006,S003,R008,2024-10-30,2024-11-02 12:25:31,,Cancelled,81.1,300.0,16.77,2.8,0,4,0.0,0,,32.4,,,2,Medium Risk,30,503.1
SHP00235,P007,S008,R018,2024-06-07,2024-06-08 03:10:46,2024-06-08 02:42:00,Delivered,26.7,200.0,12.06,0.1,0,4,0.0,0,,0.0,0.0,0.0,0,Low Risk,0,0.0
SHP00236,P006,S006,R002,2024-01-12,2024-01-13 00:21:51,2024-01-12 20:30:00,Delivered,20.5,300.0,16.77,2.1,0,4,0.0,0,,12.3,0.0,0.0,2,Medium Risk,30,503.1
SHP00237,P013,S010,R004,2024-06-21,2024-06-21 07:56:55,2024-06-21 08:30:00,Delivered,8.5,500.0,3.35,17.1,0,4,13.1,1,Severe,2.1,1.0,0.5513888888888889,3,High Risk,175,586.25
SHP00238,P018,S010,R026,2024-07-01,2024-07-03 22:50:52,2024-07-03 16:54:00,Delivered,64.9,150.0,16.44,2.8,0,4,0.0,0,,10.8,0.0,0.0,0,Low Risk,0,0.0
SHP00239,P019,S007,R028,2024-10-17,2024-10-20 00:36:50,2024-10-20 17:36:00,Delivered,56.0,100.0,9.85,20.0,8,12,8.0,1,Severe,18.7,1.0,16.98611111111111,6,Critical Risk,75,738.75
SHP00240,P003,S004,R012,2024-06-12,2024-06-14 07:20:19,2024-06-13 21:54:00,Delivered,45.9,200.0,18.91,1.3,2,6,0.7,1,Mild,0.0,0.0,0.0,2,Medium Risk,20,378.2
SHP00241,P012,S005,R026,2024-02-25,2024-02-27 15:40:17,2024-02-28 19:18:00,In Transit,91.3,400.0,18.65,0.7,0,4,0.0,0,,0.0,1.0,27.628611111111116,2,Medium Risk,40,746.0
SHP00242,P013,S002,R027,2024-09-02,2024-09-02 11:26:15,2024-09-02 20:01:12,Delivered,15.4,50.0,3.35,1.8,0,4,0.0,0,,0.0,1.0,8.5825,1,Medium Risk,5,16.75
SHP00243,P004,S002,R011,2024-03-28,2024-03-30 10:14:35,,Cancelled,89.6,300.0,11.42,20.8,2,6,14.8,1,Severe,0.0,,,4,High Risk,105,1199.1
SHP00244,P001,S007,R021,2024-03-25,2024-03-28 08:13:00,2024-03-29 03:30:00,Delivered,99.5,400.0,16.53,3.9,2,4,0.0,0,,24.9,1.0,19.28333333333333,4,High Risk,140,2314.2
SHP00245,P018,S005,R022,2024-05-24,2024-05-28 20:49:07,2024-05-29 05:06:00,In Transit,125.1,50.0,16.44,2.0,0,4,0.0,0,,0.0,1.0,8.28138888888889,1,Medium Risk,5,82.2
SHP00246,P020,S008,R007,2024-02-19,2024-02-24 06:50:33,2024-02-23 09:48:00,In Transit,105.8,250.0,23.51,3.4,0,4,0.0,0,,26.4,0.0,0.0,0,Low Risk,0,0.0
SHP00247,P009,S002,R021,2024-10-05,2024-10-08 07:14:21,2024-10-08 13:54:00,Delivered,85.9,500.0,8.03,-0.9,-1,2,0.0,0,,21.5,1.0,6.660833333333334,4,High Risk,175,1405.25
SHP00248,P019,S001,R005,2024-12-22,2024-12-25 03:17:31,2024-12-26 07:48:00,In Transit,103.8,200.0,9.85,11.9,8,12,0.0,0,,17.3,1.0,28.508055555555558,2,Medium Risk,20,197.0
SHP00249,P014,S009,R022,2024-08-31,2024-09-05 00:11:13,,Cancelled,151.7,50.0,16.04,14.7,13,15,0.0,0,,50.6,,,2,Medium Risk,5,80.2
SHP00250,P020,S003,R004,2024-08-17,2024-08-17 09:19:40,2024-08-17 16:43:12,Delivered,7.6,400.0,23.51,6.5,0,4,2.5,1,Mild,1.3,1.0,7.392222222222222,2,Medium Risk,40,940.4
SHP00251,P020,S005,R011,2024-02-04,2024-02-06 14:56:00,,Cancelled,51.6,50.0,23.51,14.7,0,4,10.7,1,Severe,10.3,,,3,High Risk,17,399.67
SHP00252,P014,S002,R014,2024-03-17,2024-03-21 03:49:09,,Cancelled,85.9,100.0,16.04,29.3,13,15,14.3,1,Severe,43.0,,,5,Critical Risk,75,1203.0
SHP00253,P014,S005,R013,2024-12-01,2024-12-07 16:34:20,2024-12-08 10:06:00,Delivered,178.1,400.0,16.04,13.3,13,15,0.0,0,,35.6,1.0,17.52777777777778,1,Medium Risk,40,641.6
SHP00254,P002,S008,R009,2024-07-09,2024-07-11 11:53:11,2024-07-10 19:54:00,Delivered,43.9,100.0,6.75,3.0,2,4,0.0,0,,0.0,0.0,0.0,1,Medium Risk,10,67.5
SHP00255,P015,S006,R009,2024-08-01,2024-08-03 04:03:16,2024-08-03 21:06:00,Delivered,69.1,500.0,6.02,13.7,0,4,9.7,1,Severe,0.0,1.0,17.045555555555556,4,High Risk,175,1053.5
SHP00256,P017,S003,R003,2024-06-08,2024-06-13 16:52:26,2024-06-17 20:04:48,Delivered,181.6,150.0,21.86,2.3,0,4,0.0,0,,0.0,1.0,99.20611111111111,2,Medium Risk,15,327.9
SHP00257,P008,S001,R015,2024-01-26,2024-01-27 14:45:51,2024-01-28 06:30:00,Delivered,54.5,100.0,19.33,-2.2,0,4,2.2,1,Mild,27.2,1.0,15.735833333333334,4,High Risk,35,676.55
SHP00258,P020,S008,R006,2024-08-30,2024-09-02 14:49:54,2024-09-03 12:06:00,In Transit,108.1,100.0,23.51,16.7,0,4,12.7,1,Severe,0.0,1.0,21.26833333333333,4,High Risk,35,822.85
SHP00259,P019,S004,R028,2024-04-23,2024-04-26 01:38:08,2024-04-26 17:24:00,Delivered,89.4,50.0,9.85,8.1,8,12,0.0,0,,0.0,1.0,15.764444444444443,1,Medium Risk,5,49.25
SHP00260,P020,S001,R008,2024-05-09,2024-05-12 15:34:38,2024-05-13 12:54:00,Delivered,99.0,300.0,23.51,9.4,0,4,5.4,1,Severe,0.0,1.0,21.322777777777777,4,High Risk,105,2468.55
SHP00261,P017,S010,R013,2024-10-26,2024-11-01 13:39:08,2024-11-01 01:18:36,Delivered,132.1,250.0,21.86,7.9,0,4,3.9,1,Mild,66.0,0.0,0.0,3,High Risk,87,1901.82
SHP00262,P011,S005,R021,2024-06-15,2024-06-18 05:32:20,2024-06-20 06:43:12,Delivered,115.2,150.0,21.42,10.7,-1,2,8.7,1,Severe,0.0,1.0,49.18111111111112,6,Critical Risk,112,2399.04
SHP00263,P020,S007,R022,2024-06-12,2024-06-17 11:53:39,2024-06-19 10:18:36,Delivered,162.1,400.0,23.51,4.033333333333333,0,4,0.0333333333333332,1,Mild,54.0,1.0,46.41583333333333,5,Critical Risk,300,7053.0
SHP00264,P019,S004,R011,2024-12-31,2025-01-02 14:40:32,2025-01-03 03:24:00,Delivered,58.0,250.0,9.85,24.0,8,12,12.0,1,Severe,0.0,1.0,12.724444444444444,4,High Risk,87,856.95
SHP00265,P006,S005,R004,2024-08-29,2024-08-29 08:08:50,2024-08-29 09:29:24,Delivered,7.3,300.0,16.77,8.1,0,4,4.1,1,Mild,2.9,1.0,1.3427777777777778,3,High Risk,105,1760.85
SHP00266,P010,S007,R026,2024-06-18,2024-06-20 22:48:10,2024-06-21 00:48:00,Delivered,72.8,100.0,3.9,-17.8,-18,-15,0.0,0,,0.0,1.0,1.9972222222222225,1,Medium Risk,10,39.0
SHP00267,P013,S009,R010,2024-07-30,2024-08-03 00:56:04,2024-08-02 00:54:00,Delivered,72.9,500.0,3.35,1.6,0,4,0.0,0,,24.3,0.0,0.0,2,Medium Risk,50,167.5
SHP00268,P003,S008,R011,2024-11-19,2024-11-21 12:03:07,2024-11-22 22:12:00,Delivered,94.2,150.0,18.91,2.8,2,6,0.0,0,,18.8,1.0,34.14805555555556,3,High Risk,52,983.32
SHP00269,P003,S003,R020,2024-08-10,2024-08-15 18:55:05,2024-08-26 03:25:12,Delivered,176.1,200.0,18.91,2.2,2,6,0.0,0,,0.0,1.0,248.50194444444443,3,High Risk,70,1323.7
SHP00270,P017,S004,R001,2024-12-12,2024-12-14 05:23:31,,Cancelled,39.1,100.0,21.86,12.8,0,4,8.8,1,Severe,15.6,,,5,Critical Risk,75,1639.5
SHP00271,P003,S001,R010,2024-05-28,2024-05-31 19:09:30,2024-06-01 04:42:00,In Transit,100.7,150.0,18.91,4.7,2,6,0.0,0,,0.0,1.0,9.541666666666666,2,Medium Risk,15,283.65
SHP00272,P007,S003,R026,2024-07-25,2024-07-27 18:00:33,2024-07-29 23:01:12,Delivered,54.1,150.0,12.06,0.1,0,4,0.0,0,,13.5,1.0,53.01083333333333,2,Medium Risk,15,180.9
SHP00273,P002,S007,R021,2024-05-10,2024-05-13 11:08:25,2024-05-15 00:33:36,Delivered,109.6,50.0,6.75,2.2,2,4,0.0,0,,0.0,1.0,37.41972222222222,3,High Risk,17,114.75
SHP00274,P013,S002,R018,2024-05-09,2024-05-10 03:50:00,2024-05-10 12:51:00,Delivered,33.5,100.0,3.35,1.2,0,4,0.0,0,,22.3,1.0,9.016666666666667,3,High Risk,35,117.25
SHP00275,P005,S007,R027,2024-02-23,2024-02-23 11:31:21,2024-02-23 13:00:00,Delivered,13.0,250.0,13.38,7.7,0,4,3.7,1,Mild,3.2,1.0,1.4775,1,Medium Risk,25,334.5
SHP00276,P014,S005,R006,2024-01-21,2024-01-25 00:22:37,2024-01-25 19:56:24,Delivered,105.4,50.0,16.04,13.5,13,15,0.0,0,,0.0,1.0,19.563055555555557,1,Medium Risk,5,80.2
SHP00277,P016,S003,R003,2024-09-18,2024-09-24 01:22:41,2024-09-25 14:43:12,Delivered,114.2,250.0,19.67,1.8,0,4,0.0,0,,22.8,1.0,37.34194444444445,2,Medium Risk,25,491.75
SHP00278,P006,S001,R028,2024-05-28,2024-05-31 01:37:23,2024-05-31 01:48:00,Delivered,73.8,200.0,16.77,3.4,0,4,0.0,0,,0.0,1.0,0.1769444444444444,0,Low Risk,0,0.0
SHP00279,P011,S006,R015,2024-11-14,2024-11-15 14:57:58,2024-11-15 12:06:00,Delivered,36.1,400.0,21.42,-0.7,-1,2,0.0,0,,0.0,0.0,0.0,1,Medium Risk,40,856.8
SHP00280,P016,S007,R021,2024-03-26,2024-03-29 12:16:13,2024-03-28 20:54:00,In Transit,68.9,400.0,19.67,11.4,0,4,7.4,1,Severe,51.7,0.0,0.0,5,Critical Risk,300,5901.0
SHP00281,P015,S003,R020,2024-07-13,2024-07-19 00:31:27,2024-07-23 09:20:24,In Transit,191.8,150.0,6.02,16.5,0,4,12.5,1,Severe,0.0,1.0,104.81583333333332,5,Critical Risk,112,674.24
SHP00282,P014,S008,R002,2024-02-02,2024-02-02 22:37:12,2024-02-03 00:45:00,Delivered,22.5,200.0,16.04,10.5,13,15,2.5,1,Mild,15.0,1.0,2.13,3,High Risk,70,1122.8
SHP00283,P017,S009,R023,2024-12-24,2024-12-26 14:06:28,,Cancelled,77.6,400.0,21.86,2.7,0,4,0.0,0,,19.4,,,2,Medium Risk,40,874.4
SHP00284,P020,S001,R001,2024-11-25,2024-11-27 03:10:18,2024-11-28 03:18:00,Delivered,75.3,500.0,23.51,0.7,0,4,0.0,0,,0.0,1.0,24.12833333333333,2,Medium Risk,50,1175.5
SHP00285,P002,S009,R008,2024-10-08,2024-10-11 07:16:28,2024-10-12 05:06:00,In Transit,101.1,500.0,6.75,3.6,2,4,0.0,0,,16.8,1.0,21.82555555555556,2,Medium Risk,50,337.5
SHP00286,P004,S008,R024,2024-11-30,2024-12-04 14:14:57,,Cancelled,87.1,250.0,11.42,5.3,2,6,0.0,0,,0.0,,,1,Medium Risk,25,285.5
SHP00287,P015,S006,R012,2024-01-28,2024-01-30 06:56:10,2024-01-30 23:24:00,Delivered,71.4,300.0,6.02,-1.7,0,4,1.7,1,Mild,0.0,1.0,16.46388888888889,2,Medium Risk,30,180.6
SHP00288,P008,S001,R011,2024-06-30,2024-07-02 19:46:23,2024-07-03 14:48:00,In Transit,86.8,50.0,19.33,2.8,0,4,0.0,0,,0.0,1.0,19.02694444444445,1,Medium Risk,5,96.65
SHP00289,P014,S002,R009,2024-11-08,2024-11-10 04:23:34,2024-11-10 18:57:00,Delivered,51.5,200.0,16.04,14.6,13,15,0.0,0,,10.3,1.0,14.557222222222222,1,Medium Risk,20,320.8
SHP00290,P002,S010,R004,2024-08-18,2024-08-18 08:41:07,2024-08-18 09:30:00,In Transit,9.5,50.0,6.75,10.0,2,4,6.0,1,Severe,3.8,1.0,0.8147222222222222,6,Critical Risk,37,249.75
SHP00291,P016,S009,R025,2024-03-31,2024-04-05 06:19:28,2024-04-09 09:40:48,In Transit,173.6,300.0,19.67,2.6,0,4,0.0,0,,0.0,1.0,99.35555555555555,2,Medium Risk,30,590.1
SHP00292,P020,S004,R009,2024-07-22,2024-07-24 13:32:00,,Cancelled,84.5,250.0,23.51,1.7,0,4,0.0,0,,0.0,,,0,Low Risk,0,0.0
SHP00293,P018,S004,R007,2024-04-17,2024-04-22 09:55:45,2024-04-23 23:30:00,Delivered,167.5,150.0,16.44,-2.1,0,4,2.1,1,Mild,27.9,1.0,37.57083333333333,3,High Risk,52,854.88
SHP00294,P004,S006,R018,2024-09-02,2024-09-03 08:18:55,,Cancelled,35.9,400.0,11.42,-0.8,2,6,2.8,1,Mild,6.0,,,2,Medium Risk,40,456.8
SHP00295,P013,S003,R002,2024-12-09,2024-12-09 22:24:33,2024-12-10 00:34:12,Delivered,18.9,250.0,3.35,2.4666666666666663,0,4,0.0,0,,0.0,1.0,2.160833333333333,0,Low Risk,0,0.0
SHP00296,P010,S004,R025,2024-10-04,2024-10-09 22:45:15,,Cancelled,105.9,200.0,3.9,-2.3,-18,-15,12.7,1,Severe,42.4,,,6,Critical Risk,150,585.0
SHP00297,P017,S005,R023,2024-12-06,2024-12-08 13:29:36,2024-12-08 02:12:00,Delivered,50.2,200.0,21.86,-0.2,0,4,0.2,1,Mild,20.1,0.0,0.0,3,High Risk,70,1530.2
SHP00298,P015,S004,R021,2024-12-26,2024-12-29 07:11:18,2024-12-30 20:22:48,Delivered,105.8,200.0,6.02,8.3,0,4,4.300000000000001,1,Mild,0.0,1.0,37.19166666666667,3,High Risk,70,421.4
SHP00299,P003,S003,R006,2024-09-20,2024-09-23 09:34:06,2024-09-23 04:12:00,Delivered,76.2,200.0,18.91,2.6,2,6,0.0,0,,0.0,0.0,0.0,1,Medium Risk,20,378.2
SHP00300,P002,S003,R011,2024-11-01,2024-11-03 19:23:34,2024-11-03 06:53:24,Delivered,49.9,300.0,6.75,7.4,2,4,3.4000000000000004,1,Mild,0.0,0.0,0.0,2,Medium Risk,30,202.5
SHP00301,P008,S003,R017,2024-02-04,2024-02-06 21:29:02,2024-02-08 05:06:00,Delivered,101.1,200.0,19.33,1.4,0,4,0.0,0,,0.0,1.0,31.61611111111111,2,Medium Risk,20,386.6
SHP00302,P007,S010,R017,2024-08-31,2024-09-03 06:53:10,2024-09-10 08:36:00,Delivered,113.0,500.0,12.06,2.7,0,4,0.0,0,,22.6,1.0,169.7138888888889,2,Medium Risk,50,603.0
SHP00303,P020,S004,R002,2024-12-15,2024-12-15 22:55:12,,Cancelled,33.7,250.0,23.51,1.0,0,4,0.0,0,,0.0,,,0,Low Risk,0,0.0
SHP00304,P012,S009,R026,2024-09-17,2024-09-19 15:36:51,,Cancelled,76.7,100.0,18.65,2.1,0,4,0.0,0,,25.6,,,2,Medium Risk,10,186.5
SHP00305,P003,S004,R022,2024-11-18,2024-11-23 15:21:27,2024-11-25 03:00:00,Delivered,171.0,400.0,18.91,4.2,2,6,0.0,0,,102.6,1.0,35.6425,5,Critical Risk,300,5673.0
SHP00306,P005,S001,R015,2024-06-18,2024-06-19 10:16:37,2024-06-19 05:30:00,In Transit,29.5,200.0,13.38,0.3,0,4,0.0,0,,5.9,0.0,0.0,0,Low Risk,0,0.0
SHP00307,P013,S007,R011,2024-01-09,2024-01-11 09:44:17,2024-01-11 17:54:00,Delivered,65.9,50.0,3.35,8.5,0,4,4.5,1,Mild,0.0,1.0,8.161944444444444,2,Medium Risk,5,16.75
SHP00308,P017,S002,R010,2024-12-17,2024-12-20 11:39:19,,Cancelled,90.0,50.0,21.86,1.6,0,4,0.0,0,,60.0,,,2,Medium Risk,5,109.3
SHP00309,P013,S009,R010,2024-11-20,2024-11-23 21:52:26,,Cancelled,79.2,50.0,3.35,-3.8,0,4,3.8,1,Mild,0.0,,,1,Medium Risk,5,16.75
SHP00310,P002,S001,R019,2024-11-01,2024-11-02 17:40:25,2024-11-02 19:54:00,Delivered,43.9,300.0,6.75,3.5,2,4,0.0,0,,11.0,1.0,2.2263888888888888,3,High Risk,105,708.75
SHP00311,P005,S003,R006,2024-04-23,2024-04-26 13:10:48,2024-04-27 14:06:00,Delivered,110.1,500.0,13.38,-5.7,0,4,5.7,1,Severe,0.0,1.0,24.92,5,Critical Risk,375,5017.5
SHP00312,P003,S005,R004,2024-04-11,2024-04-11 08:31:08,2024-04-11 11:12:00,Delivered,11.2,100.0,18.91,4.6,2,6,0.0,0,,0.0,1.0,2.681111111111111,1,Medium Risk,10,189.1
SHP00313,P011,S008,R015,2024-06-17,2024-06-18 11:55:44,2024-06-19 02:29:24,Delivered,45.9,300.0,21.42,0.1,-1,2,0.0,0,,0.0,1.0,14.561111111111112,2,Medium Risk,30,642.6
SHP00314,P008,S004,R023,2024-11-24,2024-11-26 18:59:17,2024-11-26 20:48:00,In Transit,68.8,300.0,19.33,-3.2,0,4,3.2,1,Mild,0.0,1.0,1.8119444444444444,1,Medium Risk,30,579.9
SHP00315,P006,S010,R003,2024-05-23,2024-05-28 09:52:42,2024-05-31 05:30:00,Delivered,197.5,100.0,16.77,3.5,0,4,0.0,0,,0.0,1.0,67.62166666666667,2,Medium Risk,10,167.7
SHP00316,P001,S010,R019,2024-07-26,2024-07-27 15:02:25,2024-07-28 07:42:00,Delivered,55.7,500.0,16.53,3.8,2,4,0.0,0,,0.0,1.0,16.65972222222222,2,Medium Risk,50,826.5
SHP00317,P008,S010,R024,2024-05-28,2024-06-01 16:20:20,,Cancelled,97.0,200.0,19.33,0.0,0,4,0.0,0,,0.0,,,0,Low Risk,0,0.0
SHP00318,P017,S003,R015,2024-03-22,2024-03-23 16:29:55,2024-03-23 12:51:00,Delivered,33.5,500.0,21.86,16.6,0,4,12.6,1,Severe,8.4,0.0,0.0,5,Critical Risk,375,8197.5
SHP00319,P016,S004,R003,2024-05-15,2024-05-20 07:17:49,2024-05-21 01:30:00,Delivered,145.5,500.0,19.67,13.3,0,4,9.3,1,Severe,0.0,1.0,18.203055555555554,4,High Risk,175,3442.25
SHP00320,P011,S002,R023,2024-09-23,2024-09-25 12:11:53,2024-09-26 14:07:48,Delivered,78.3,400.0,21.42,0.7,-1,2,0.0,0,,26.1,1.0,25.931944444444444,5,Critical Risk,300,6426.0
SHP00321,P003,S009,R009,2024-07-11,2024-07-13 05:29:30,2024-07-14 12:54:00,Delivered,84.9,50.0,18.91,10.8,2,6,4.800000000000001,1,Mild,42.4,1.0,31.40833333333333,6,Critical Risk,37,699.67
SHP00322,P008,S002,R017,2024-11-25,2024-11-27 21:21:17,2024-11-28 00:30:00,Delivered,72.5,200.0,19.33,3.3,0,4,0.0,0,,0.0,1.0,3.145277777777778,0,Low Risk,0,0.0
SHP00323,P016,S008,R016,2024-04-17,2024-04-21 00:02:06,,Cancelled,113.2,150.0,19.67,0.5,0,4,0.0,0,,37.7,,,2,Medium Risk,15,295.05
SHP00324,P019,S003,R002,2024-03-26,2024-03-26 22:01:15,2024-03-28 01:30:00,Delivered,22.5,50.0,9.85,10.3,8,12,0.0,0,,0.0,1.0,27.479166666666668,2,Medium Risk,5,49.25
SHP00325,P010,S002,R007,2024-08-17,2024-08-22 14:35:26,2024-08-23 21:36:00,Delivered,165.6,150.0,3.9,-16.8,-18,-15,0.0,0,,0.0,1.0,31.009444444444444,3,High Risk,52,202.8
SHP00326,P017,S005,R006,2024-12-17,2024-12-20 16:35:51,2024-12-21 04:32:24,Delivered,91.4,200.0,21.86,1.5,0,4,0.0,0,,36.6,1.0,11.9425,3,High Risk,70,1530.2
SHP00327,P006,S008,R020,2024-11-03,2024-11-09 05:10:28,,Cancelled,112.0,150.0,16.77,1.9,0,4,0.0,0,,56.0,,,2,Medium Risk,15,251.55
SHP00328,P014,S009,R014,2024-07-08,2024-07-12 05:52:15,2024-07-13 20:12:00,Delivered,140.2,400.0,16.04,25.3,13,15,10.3,1,Severe,70.1,1.0,38.329166666666666,7,Critical Risk,300,4812.0
SHP00329,P019,S002,R014,2024-03-09,2024-03-13 07:08:47,2024-03-15 06:04:48,Delivered,93.8,400.0,9.85,10.4,8,12,0.0,0,,0.0,1.0,46.93361111111111,2,Medium Risk,40,394.0
SHP00330,P001,S010,R017,2024-03-01,2024-03-04 00:32:10,2024-03-04 14:00:00,Delivered,86.0,400.0,16.53,4.6,2,4,0.5999999999999996,1,Mild,0.0,1.0,13.463888888888889,3,High Risk,140,2314.2
SHP00331,P018,S007,R019,2024-07-06,2024-07-07 21:10:07,,Cancelled,87.2,200.0,16.44,2.2,0,4,0.0,0,,21.8,,,2,Medium Risk,20,328.8
SHP00332,P009,S005,R019,2024-06-25,2024-06-26 16:29:55,2024-06-27 07:48:00,Delivered,55.8,200.0,8.03,9.1,-1,2,7.1,1,Severe,0.0,1.0,15.301388888888887,5,Critical Risk,150,1204.5
SHP00333,P004,S004,R017,2024-07-24,2024-07-27 06:33:47,2024-07-28 15:12:36,Delivered,101.1,50.0,11.42,8.3,2,6,2.3000000000000007,1,Mild,0.0,1.0,32.64694444444444,4,High Risk,17,194.14
SHP00334,P020,S007,R003,2024-02-02,2024-02-07 16:00:33,,Cancelled,134.2,250.0,23.51,-3.6,0,4,3.6,1,Mild,89.5,,,3,High Risk,87,2045.37
SHP00335,P006,S008,R015,2024-01-06,2024-01-07 14:25:29,2024-01-07 20:27:36,Delivered,34.2,200.0,16.77,0.1,0,4,0.0,0,,0.0,1.0,6.035277777777778,1,Medium Risk,20,335.4
SHP00336,P008,S001,R006,2024-02-14,2024-02-17 22:09:06,2024-02-19 16:00:00,Delivered,87.2,50.0,19.33,2.3,0,4,0.0,0,,0.0,1.0,41.848333333333336,2,Medium Risk,5,96.65
SHP00337,P018,S005,R024,2024-10-13,2024-10-17 13:03:54,2024-10-28 00:34:48,In Transit,163.9,200.0,16.44,2.4,0,4,0.0,0,,0.0,1.0,251.515,2,Medium Risk,20,328.8
SHP00338,P009,S003,R014,2024-09-16,2024-09-19 18:10:43,,Cancelled,82.8,250.0,8.03,15.2,-1,2,13.2,1,Severe,0.0,,,4,High Risk,87,698.61
SHP00339,P015,S007,R019,2024-09-04,2024-09-05 19:19:31,2024-09-09 02:32:24,Delivered,55.7,50.0,6.02,1.8,0,4,0.0,0,,0.0,1.0,79.21472222222222,2,Medium Risk,5,30.1
SHP00340,P008,S004,R026,2024-06-10,2024-06-12 19:43:05,2024-06-13 03:00:00,Delivered,75.0,400.0,19.33,5.7,0,4,1.7000000000000002,1,Mild,0.0,1.0,7.281944444444444,2,Medium Risk,40,773.2
SHP00341,P006,S008,R011,2024-06-30,2024-07-02 15:08:21,2024-07-02 09:48:00,Delivered,57.8,200.0,16.77,-4.9,0,4,4.9,1,Mild,0.0,0.0,0.0,1,Medium Risk,20,335.4
SHP00342,P007,S004,R007,2024-05-07,2024-05-12 11:36:58,,Cancelled,189.3,500.0,12.06,0.3,0,4,0.0,0,,31.6,,,0,Low Risk,0,0.0
SHP00343,P016,S006,R020,2024-06-10,2024-06-16 10:36:22,,Cancelled,160.9,250.0,19.67,14.4,0,4,10.4,1,Severe,0.0,,,3,High Risk,87,1711.29
SHP00344,P017,S007,R016,2024-10-03,2024-10-06 18:41:51,2024-10-06 23:33:00,Delivered,73.5,500.0,21.86,4.7,0,4,0.7000000000000002,1,Mild,12.2,1.0,4.8525,1,Medium Risk,50,1093.0
SHP00345,P007,S007,R019,2024-02-21,2024-02-22 18:11:13,2024-02-22 17:42:00,Delivered,41.7,500.0,12.06,0.9,0,4,0.0,0,,20.8,0.0,0.0,2,Medium Risk,50,603.0
SHP00346,P016,S007,R007,2024-08-02,2024-08-07 12:02:09,2024-08-11 12:01:12,Delivered,175.4,150.0,19.67,0.7,0,4,0.0,0,,0.0,1.0,95.98416666666668,2,Medium Risk,15,295.05
SHP00347,P004,S005,R026,2024-04-30,2024-05-03 02:23:44,2024-05-03 10:36:00,In Transit,82.6,50.0,11.42,-1.2,2,6,3.2,1,Mild,0.0,1.0,8.204444444444444,3,High Risk,17,194.14
SHP00348,P017,S009,R024,2024-06-10,2024-06-14 12:02:13,2024-06-17 00:04:48,Delivered,152.8,150.0,21.86,1.6,0,4,0.0,0,,0.0,1.0,60.043055555555554,2,Medium Risk,15,327.9
SHP00349,P004,S008,R024,2024-06-20,2024-06-24 13:19:35,,Cancelled,107.8,300.0,11.42,8.5,2,6,2.5,1,Mild,43.1,,,4,High Risk,105,1199.1
SHP00350,P019,S009,R006,2024-05-25,2024-05-28 20:20:20,2024-05-28 20:18:00,Delivered,92.3,250.0,9.85,4.3,8,12,3.7,1,Mild,15.4,0.0,0.0,1,Medium Risk,25,246.25
SHP00351,P011,S007,R021,2024-11-09,2024-11-12 14:38:01,2024-11-13 01:18:00,Delivered,97.3,300.0,21.42,-0.3,-1,2,0.0,0,,38.9,1.0,10.66638888888889,4,High Risk,105,2249.1
SHP00352,P013,S005,R015,2024-07-04,2024-07-05 13:27:31,2024-07-06 01:42:00,Delivered,49.7,150.0,3.35,3.4,0,4,0.0,0,,0.0,1.0,12.241388888888888,1,Medium Risk,15,50.25
SHP00353,P003,S004,R006,2024-07-22,2024-07-25 09:57:46,2024-07-27 00:09:36,Delivered,75.1,400.0,18.91,2.1,2,6,0.0,0,,15.0,1.0,38.19722222222222,3,High Risk,140,2647.4
SHP00354,P020,S003,R003,2024-12-01,2024-12-06 16:30:51,2024-12-09 13:12:00,Delivered,205.2,150.0,23.51,4.8,0,4,0.7999999999999998,1,Mild,0.0,1.0,68.68583333333333,3,High Risk,52,1222.52
SHP00355,P011,S008,R015,2024-10-03,2024-10-04 13:39:17,2024-10-05 07:00:00,Delivered,55.0,500.0,21.42,12.9,-1,2,10.9,1,Severe,13.8,1.0,17.345277777777778,7,Critical Risk,375,8032.5
SHP00356,P014,S009,R021,2024-11-23,2024-11-26 15:33:44,2024-11-26 22:54:00,Delivered,94.9,250.0,16.04,13.2,13,15,0.0,0,,0.0,1.0,7.337777777777778,1,Medium Risk,25,401.0
SHP00357,P001,S001,R017,2024-03-10,2024-03-13 01:52:08,2024-03-13 04:06:00,In Transit,76.1,500.0,16.53,18.5,2,4,14.5,1,Severe,0.0,1.0,2.2311111111111117,4,High Risk,175,2892.75
SHP00358,P020,S004,R026,2024-01-04,2024-01-06 17:32:05,2024-01-09 11:31:12,Delivered,82.2,400.0,23.51,1.0,0,4,0.0,0,,0.0,1.0,65.98527777777778,2,Medium Risk,40,940.4
SHP00359,P014,S004,R017,2024-11-09,2024-11-12 04:55:05,2024-11-13 06:18:00,Delivered,102.3,100.0,16.04,9.5,13,15,3.5,1,Mild,0.0,1.0,25.381944444444443,3,High Risk,35,561.4
SHP00360,P015,S010,R015,2024-05-19,2024-05-20 13:15:11,2024-05-21 00:18:00,Delivered,48.3,50.0,6.02,3.9,0,4,0.0,0,,9.7,1.0,11.046944444444444,1,Medium Risk,5,30.1
SHP00361,P005,S008,R024,2024-01-05,2024-01-09 08:50:31,2024-01-09 09:30:00,In Transit,105.5,500.0,13.38,1.2,0,4,0.0,0,,0.0,1.0,0.6580555555555555,0,Low Risk,0,0.0
SHP00362,P002,S006,R003,2024-03-15,2024-03-21 02:45:40,2024-03-19 16:12:00,Delivered,112.2,250.0,6.75,2.4,2,4,0.0,0,,0.0,0.0,0.0,1,Medium Risk,25,168.75
SHP00363,P008,S007,R025,2024-08-14,2024-08-20 03:23:08,2024-08-19 08:00:00,Delivered,128.0,200.0,19.33,8.0,0,4,4.0,1,Mild,0.0,0.0,0.0,1,Medium Risk,20,386.6
SHP00364,P011,S003,R021,2024-01-22,2024-01-25 10:00:07,2024-01-26 12:00:00,Delivered,108.0,300.0,21.42,-0.1,-1,2,0.0,0,,54.0,1.0,25.99805555555556,5,Critical Risk,225,4819.5
SHP00365,P004,S004,R021,2024-08-10,2024-08-13 04:05:16,,Cancelled,82.0,50.0,11.42,5.2,2,6,0.0,0,,16.4,,,1,Medium Risk,5,57.1
SHP00366,P016,S010,R005,2024-07-09,2024-07-12 05:49:48,2024-07-13 14:18:00,Delivered,110.3,50.0,19.67,9.8,0,4,5.800000000000001,1,Severe,27.6,1.0,32.47,7,Critical Risk,37,727.79
SHP00367,P018,S002,R005,2024-09-06,2024-09-09 17:14:31,2024-09-10 03:50:24,In Transit,76.8,200.0,16.44,-3.4,0,4,3.4,1,Mild,0.0,1.0,10.598055555555556,2,Medium Risk,20,328.8
SHP00368,P005,S005,R002,2024-09-05,2024-09-05 23:42:49,2024-09-06 06:30:00,In Transit,30.5,300.0,13.38,2.3,0,4,0.0,0,,0.0,1.0,6.786388888888889,1,Medium Risk,30,401.4
SHP00369,P020,S009,R006,2024-02-05,2024-02-08 16:31:41,2024-02-10 15:35:24,Delivered,104.3,400.0,23.51,1.8,0,4,0.0,0,,0.0,1.0,47.06194444444444,2,Medium Risk,40,940.4
SHP00370,P012,S010,R008,2024-06-13,2024-06-16 11:11:51,2024-06-17 09:54:00,Delivered,105.9,500.0,18.65,2.1,0,4,0.0,0,,53.0,1.0,22.7025,3,High Risk,175,3263.75
SHP00371,P011,S007,R021,2024-06-13,2024-06-16 09:35:38,2024-06-15 20:42:00,Delivered,68.7,200.0,21.42,7.2,-1,2,5.2,1,Severe,11.4,0.0,0.0,4,High Risk,70,1499.4
SHP00372,P019,S007,R022,2024-09-07,2024-09-12 11:24:46,2024-09-13 03:06:00,Delivered,147.1,200.0,9.85,10.4,8,12,0.0,0,,49.0,1.0,15.687222222222225,3,High Risk,70,689.5
SHP00373,P003,S008,R026,2024-11-23,2024-11-25 22:26:14,2024-11-26 18:04:48,Delivered,56.3,50.0,18.91,3.5,2,6,0.0,0,,18.8,1.0,19.642777777777777,4,High Risk,17,321.47
SHP00374,P003,S005,R003,2024-04-20,2024-04-25 08:44:22,2024-04-29 13:07:48,Delivered,208.3,200.0,18.91,2.8,2,6,0.0,0,,104.2,1.0,100.39055555555557,5,Critical Risk,150,2836.5
SHP00375,P018,S007,R024,2024-02-24,2024-02-28 17:57:10,,Cancelled,151.1,150.0,16.44,4.6,0,4,0.5999999999999996,1,Mild,0.0,,,1,Medium Risk,15,246.6
SHP00376,P006,S009,R020,2024-08-14,2024-08-20 08:22:19,2024-08-23 13:21:00,In Transit,208.5,400.0,16.77,2.1666666666666665,0,4,0.0,0,,0.0,1.0,76.97805555555556,2,Medium Risk,40,670.8
SHP00377,P011,S010,R008,2024-10-15,2024-10-18 06:50:25,2024-10-19 08:36:36,Delivered,95.1,200.0,21.42,4.7,-1,2,2.7,1,Mild,23.8,1.0,25.76972222222222,6,Critical Risk,150,3213.0
SHP00378,P017,S003,R010,2024-01-04,2024-01-07 13:59:49,,Cancelled,90.0,250.0,21.86,3.3,0,4,0.0,0,,0.0,,,0,Low Risk,0,0.0
SHP00379,P019,S003,R004,2024-01-20,2024-01-20 07:58:50,2024-01-20 09:30:00,Delivered,9.5,250.0,9.85,20.2,8,12,8.2,1,Severe,0.0,1.0,1.5194444444444444,3,High Risk,87,856.95
SHP00380,P019,S004,R024,2024-02-09,2024-02-13 22:34:52,2024-02-15 03:30:00,Delivered,147.5,100.0,9.85,5.5,8,12,2.5,1,Mild,0.0,1.0,28.91888888888889,3,High Risk,35,344.75
SHP00381,P019,S007,R003,2024-01-29,2024-02-03 15:02:29,2024-02-11 14:43:12,Delivered,204.2,100.0,9.85,11.7,8,12,0.0,0,,68.1,1.0,191.6786111111111,4,High Risk,35,344.75
SHP00382,P020,S001,R021,2024-11-19,2024-11-22 06:12:51,2024-11-22 13:36:00,Delivered,85.6,200.0,23.51,0.6,0,4,0.0,0,,42.8,1.0,7.385833333333333,3,High Risk,70,1645.7
SHP00383,P013,S008,R025,2024-10-31,2024-11-05 04:10:49,2024-11-06 17:42:00,Delivered,161.7,500.0,3.35,6.0,0,4,2.0,1,Mild,26.9,1.0,37.51972222222222,3,High Risk,175,586.25
SHP00384,P009,S002,R013,2024-09-13,2024-09-19 19:14:10,2024-09-22 07:28:12,Delivered,171.9,400.0,8.03,-0.4,-1,2,0.0,0,,86.0,1.0,60.23388888888889,5,Critical Risk,300,2409.0
SHP00385,P017,S004,R008,2024-02-06,2024-02-09 07:41:12,2024-02-09 13:41:24,Delivered,77.9,400.0,21.86,0.5,0,4,0.0,0,,0.0,1.0,6.003333333333333,1,Medium Risk,40,874.4
SHP00386,P012,S010,R021,2024-01-13,2024-01-16 04:07:02,2024-01-17 13:30:00,Delivered,109.5,500.0,18.65,-2.3,0,4,2.3,1,Mild,0.0,1.0,33.382777777777775,3,High Risk,175,3263.75
SHP00387,P012,S003,R025,2024-02-13,2024-02-18 03:16:06,2024-02-20 14:43:12,Delivered,114.2,200.0,18.65,17.8,0,4,13.8,1,Severe,0.0,1.0,59.45166666666667,5,Critical Risk,150,2797.5
SHP00388,P001,S006,R007,2024-10-02,2024-10-07 16:31:26,2024-10-08 18:30:00,Delivered,125.0,150.0,16.53,3.2,2,4,0.0,0,,0.0,1.0,25.976111111111116,3,High Risk,52,859.56
SHP00389,P019,S009,R002,2024-05-10,2024-05-10 22:29:06,2024-05-11 03:10:12,Delivered,20.9,50.0,9.85,8.2,8,12,0.0,0,,8.4,1.0,4.685,2,Medium Risk,5,49.25
SHP00390,P012,S002,R001,2024-05-29,2024-05-31 04:34:20,2024-06-01 00:42:00,In Transit,72.7,100.0,18.65,3.9,0,4,0.0,0,,24.2,1.0,20.127777777777776,3,High Risk,35,652.75
SHP00391,P018,S002,R006,2024-04-11,2024-04-14 16:40:28,2024-04-17 19:31:12,In Transit,102.2,250.0,16.44,1.0,0,4,0.0,0,,34.1,1.0,74.84555555555555,4,High Risk,87,1430.28
SHP00392,P001,S006,R022,2024-06-29,2024-07-04 01:47:41,2024-07-10 23:32:24,In Transit,130.7,50.0,16.53,2.975,2,4,0.0,0,,0.0,1.0,165.74527777777777,3,High Risk,17,281.01
SHP00393,P001,S009,R009,2024-04-25,2024-04-27 12:44:41,,Cancelled,49.6,200.0,16.53,2.8,2,4,0.0,0,,12.4,,,3,High Risk,70,1157.1
SHP00394,P010,S010,R011,2024-08-17,2024-08-19 10:47:13,2024-08-20 01:12:00,Delivered,73.2,150.0,3.9,-15.6,-18,-15,0.0,0,,18.3,1.0,14.413055555555555,4,High Risk,52,202.8
SHP00395,P005,S007,R025,2024-03-15,2024-03-20 16:21:40,2024-03-22 02:00:00,Delivered,170.0,100.0,13.38,2.1,0,4,0.0,0,,42.5,1.0,33.638888888888886,4,High Risk,35,468.3
SHP00396,P011,S007,R014,2024-06-04,2024-06-08 10:17:11,2024-06-11 04:38:24,Delivered,107.9,200.0,21.42,10.5,-1,2,8.5,1,Severe,0.0,1.0,66.3536111111111,6,Critical Risk,150,3213.0
SHP00397,P020,S010,R009,2024-11-06,2024-11-08 05:34:40,,Cancelled,67.4,500.0,23.51,8.1,0,4,4.1,1,Mild,0.0,,,1,Medium Risk,50,1175.5
SHP00398,P012,S003,R028,2024-07-17,2024-07-19 18:18:26,2024-07-20 08:54:00,In Transit,80.9,50.0,18.65,3.1,0,4,0.0,0,,80.9,1.0,14.592777777777778,3,High Risk,17,317.05
SHP00399,P007,S004,R003,2024-03-31,2024-04-06 08:20:17,2024-04-11 02:06:36,In Transit,204.7,500.0,12.06,1.3,0,4,0.0,0,,0.0,1.0,113.77194444444444,2,Medium Risk,50,603.0
SHP00400,P002,S010,R024,2024-07-13,2024-07-17 14:03:01,2024-07-22 19:31:12,In Transit,147.2,50.0,6.75,3.1,2,4,0.0,0,,29.4,1.0,125.46972222222222,3,High Risk,17,114.75
SHP00401,P002,S004,R017,2024-10-02,2024-10-05 05:38:00,2024-10-05 14:54:00,In Transit,79.0,50.0,6.75,3.3,2,4,0.0,0,,39.5,1.0,9.266666666666667,4,High Risk,17,114.75
SHP00402,P010,S005,R015,2024-03-26,2024-03-27 14:06:50,,Cancelled,40.4,500.0,3.9,-17.6,-18,-15,0.0,0,,10.1,,,3,High Risk,175,682.5
SHP00403,P019,S009,R005,2024-07-20,2024-07-23 08:58:40,2024-07-23 16:00:00,Delivered,88.0,200.0,9.85,10.9,8,12,0.0,0,,0.0,1.0,7.022222222222222,1,Medium Risk,20,197.0
SHP00404,P006,S002,R003,2024-02-28,2024-03-04 23:00:03,2024-03-06 13:18:00,In Transit,181.3,150.0,16.77,-0.1,0,4,0.1,1,Mild,0.0,1.0,38.299166666666665,3,High Risk,52,872.04
SHP00405,P006,S006,R019,2024-12-03,2024-12-04 14:38:31,2024-12-05 10:36:00,Delivered,58.6,500.0,16.77,5.8,0,4,1.7999999999999998,1,Mild,19.5,1.0,19.95805555555556,4,High Risk,175,2934.75
SHP00406,P005,S004,R001,2024-11-14,2024-11-15 22:22:04,,Cancelled,68.8,500.0,13.38,3.2,0,4,0.0,0,,22.9,,,2,Medium Risk,50,669.0
SHP00407,P015,S007,R015,2024-02-10,2024-02-11 09:48:12,2024-02-13 00:48:00,Delivered,45.5,200.0,6.02,2.5,0,4,0.0,0,,9.1,1.0,38.99666666666667,2,Medium Risk,20,120.4
SHP00408,P012,S001,R005,2024-01-17,2024-01-20 15:00:19,2024-01-21 07:48:00,Delivered,103.8,400.0,18.65,10.4,0,4,6.4,1,Severe,0.0,1.0,16.794722222222223,4,High Risk,140,2611.0
SHP00409,P020,S010,R019,2024-10-14,2024-10-15 16:56:55,2024-10-15 16:42:00,In Transit,37.0,250.0,23.51,10.8,0,4,6.800000000000001,1,Severe,18.5,0.0,0.0,5,Critical Risk,187,4396.37
SHP00410,P014,S009,R003,2024-05-29,2024-06-03 09:24:03,,Cancelled,156.3,200.0,16.04,13.8,13,15,0.0,0,,52.1,,,2,Medium Risk,20,320.8
SHP00411,P019,S009,R003,2024-09-04,2024-09-09 22:13:22,,Cancelled,183.2,250.0,9.85,17.1,8,12,5.100000000000001,1,Severe,0.0,,,3,High Risk,87,856.95
SHP00412,P005,S010,R019,2024-09-11,2024-09-12 18:20:14,2024-09-12 23:48:00,Delivered,47.8,250.0,13.38,2.4,0,4,0.0,0,,0.0,1.0,5.462777777777778,0,Low Risk,0,0.0
SHP00413,P015,S002,R024,2024-04-16,2024-04-21 02:59:23,2024-04-22 10:00:00,Delivered,154.0,200.0,6.02,2.2,0,4,0.0,0,,0.0,1.0,31.010277777777777,2,Medium Risk,20,120.4
SHP00414,P003,S005,R010,2024-09-16,2024-09-19 23:25:34,2024-09-20 11:12:00,Delivered,107.2,50.0,18.91,3.6,2,6,0.0,0,,0.0,1.0,11.773888888888887,2,Medium Risk,5,94.55
SHP00415,P011,S008,R016,2024-01-19,2024-01-22 21:05:08,2024-01-24 08:48:36,In Transit,117.1,300.0,21.42,12.8,-1,2,10.8,1,Severe,0.0,1.0,35.724444444444444,6,Critical Risk,225,4819.5
SHP00416,P002,S009,R010,2024-10-16,2024-10-19 15:36:58,2024-10-20 23:18:00,Delivered,119.3,300.0,6.75,3.4,2,4,0.0,0,,0.0,1.0,31.683888888888887,3,High Risk,105,708.75
SHP00417,P001,S006,R013,2024-11-16,2024-11-22 03:17:55,2024-11-24 10:17:24,Delivered,183.9,250.0,16.53,2.2,2,4,0.0,0,,0.0,1.0,54.99138888888889,3,High Risk,87,1438.11
SHP00418,P009,S007,R003,2024-09-11,2024-09-16 16:01:45,2024-09-21 19:13:12,Delivered,199.4,150.0,8.03,0.6,-1,2,0.0,0,,99.7,1.0,123.19083333333332,5,Critical Risk,112,899.36
SHP00419,P003,S008,R017,2024-01-13,2024-01-16 08:02:11,2024-01-17 05:48:00,Delivered,101.8,250.0,18.91,3.9,2,6,0.0,0,,50.9,1.0,21.76361111111111,4,High Risk,87,1645.17
SHP00420,P004,S009,R022,2024-03-08,2024-03-12 19:23:16,2024-03-12 20:12:00,Delivered,116.2,250.0,11.42,13.0,2,6,7.0,1,Severe,0.0,1.0,0.8122222222222222,4,High Risk,87,993.54
SHP00421,P003,S006,R015,2024-01-24,2024-01-25 15:12:05,2024-01-25 10:32:24,Delivered,31.4,200.0,18.91,5.0,2,6,0.0,0,,6.3,0.0,0.0,1,Medium Risk,20,378.2
SHP00422,P018,S006,R025,2024-08-13,2024-08-18 08:51:52,2024-08-20 03:30:00,Delivered,171.5,100.0,16.44,3.8,0,4,0.0,0,,57.2,1.0,42.63555555555556,4,High Risk,35,575.4
SHP00423,P009,S003,R023,2024-05-25,2024-05-27 10:58:23,2024-05-28 03:30:00,In Transit,75.5,50.0,8.03,12.9,-1,2,10.9,1,Severe,0.0,1.0,16.526944444444446,5,Critical Risk,37,297.11
SHP00424,P002,S002,R013,2024-01-28,2024-02-03 10:04:08,2024-02-02 23:13:12,Delivered,130.2,500.0,6.75,15.7,2,4,11.7,1,Severe,65.1,0.0,0.0,6,Critical Risk,375,2531.25
SHP00425,P007,S009,R003,2024-08-26,2024-08-31 08:37:40,2024-09-04 00:34:48,Delivered,166.6,500.0,12.06,5.9,0,4,1.9000000000000004,1,Mild,0.0,1.0,87.95222222222222,3,High Risk,175,2110.5
SHP00426,P020,S005,R012,2024-07-19,2024-07-21 07:39:09,2024-07-20 22:30:00,In Transit,46.5,500.0,23.51,12.9,0,4,8.9,1,Severe,0.0,0.0,0.0,3,High Risk,175,4114.25
SHP00427,P016,S008,R028,2024-03-28,2024-03-30 21:10:16,2024-03-31 04:33:36,Delivered,69.6,100.0,19.67,1.6,0,4,0.0,0,,0.0,1.0,7.388888888888889,1,Medium Risk,10,196.7
SHP00428,P010,S009,R015,2024-07-24,2024-07-25 11:27:07,2024-07-25 21:12:00,Delivered,45.2,100.0,3.9,-16.6,-18,-15,0.0,0,,0.0,1.0,9.748055555555556,2,Medium Risk,10,39.0
SHP00429,P014,S010,R026,2024-06-24,2024-06-26 18:09:58,,Cancelled,82.0,500.0,16.04,14.9,13,15,0.0,0,,16.4,,,0,Low Risk,0,0.0
SHP00430,P018,S002,R027,2024-08-15,2024-08-15 12:14:55,2024-08-15 10:06:00,Delivered,10.1,400.0,16.44,3.3,0,4,0.0,0,,5.0,0.0,0.0,2,Medium Risk,40,657.6
SHP00431,P003,S004,R027,2024-03-12,2024-03-12 12:08:08,2024-03-12 17:49:12,Delivered,16.2,150.0,18.91,2.6,2,6,0.0,0,,0.0,1.0,5.684444444444445,1,Medium Risk,15,283.65
SHP00432,P019,S008,R007,2024-04-15,2024-04-20 10:36:00,2024-04-22 22:44:24,Delivered,173.4,400.0,9.85,20.7,8,12,8.7,1,Severe,0.0,1.0,60.14,5,Critical Risk,300,2955.0
SHP00433,P019,S001,R020,2024-09-18,2024-09-23 11:28:57,2024-09-24 07:24:00,Delivered,151.4,200.0,9.85,10.2,8,12,0.0,0,,75.7,1.0,19.9175,3,High Risk,70,689.5
SHP00434,P001,S004,R014,2024-12-25,2024-12-29 04:30:59,2024-12-30 10:47:24,In Transit,118.9,200.0,16.53,2.9,2,4,0.0,0,,0.0,1.0,30.273611111111112,3,High Risk,70,1157.1
SHP00435,P018,S007,R027,2024-07-03,2024-07-03 10:31:40,2024-07-04 10:45:36,In Transit,15.8,50.0,16.44,4.4,0,4,0.4000000000000003,1,Mild,5.3,1.0,24.232222222222223,5,Critical Risk,37,608.28
SHP00436,P005,S002,R005,2024-11-24,2024-11-27 15:21:00,,Cancelled,112.5,500.0,13.38,-2.3,0,4,2.3,1,Mild,0.0,,,1,Medium Risk,50,669.0
SHP00437,P013,S006,R008,2024-04-05,2024-04-08 01:11:06,2024-04-08 15:42:00,Delivered,87.7,300.0,3.35,-4.4,0,4,4.4,1,Mild,29.2,1.0,14.515,4,High Risk,105,351.75
SHP00438,P012,S002,R019,2024-09-03,2024-09-04 13:59:47,2024-09-05 19:52:12,Delivered,61.7,250.0,18.65,3.4,0,4,0.0,0,,0.0,1.0,29.87361111111111,2,Medium Risk,25,466.25
SHP00439,P020,S002,R008,2024-08-29,2024-09-01 11:16:52,,Cancelled,100.3,50.0,23.51,-2.5,0,4,2.5,1,Mild,0.0,,,1,Medium Risk,5,117.55
SHP00440,P016,S008,R017,2024-08-28,2024-08-30 23:55:13,2024-08-31 17:06:00,Delivered,89.1,250.0,19.67,2.1333333333333333,0,4,0.0,0,,0.0,1.0,17.17972222222222,1,Medium Risk,25,491.75
SHP00441,P010,S010,R009,2024-02-01,2024-02-03 09:18:46,2024-02-04 05:06:36,Delivered,70.1,50.0,3.9,-10.6,-18,-15,4.4,1,Mild,0.0,1.0,19.79722222222222,3,High Risk,17,66.3
SHP00442,P003,S005,R009,2024-03-08,2024-03-10 06:03:16,2024-03-10 21:30:00,Delivered,69.5,150.0,18.91,1.5,2,6,0.5,1,Mild,17.4,1.0,15.445555555555556,5,Critical Risk,112,2117.92
SHP00443,P009,S004,R016,2024-04-02,2024-04-06 03:51:23,2024-04-07 08:06:00,In Transit,128.1,150.0,8.03,-0.6,-1,2,0.0,0,,25.6,1.0,28.24361111111111,3,High Risk,52,417.56
SHP00444,P008,S008,R024,2024-11-22,2024-11-26 17:58:42,2024-11-27 09:52:12,In Transit,99.9,100.0,19.33,1.1,0,4,0.0,0,,0.0,1.0,15.891666666666667,1,Medium Risk,10,193.3
SHP00445,P010,S008,R024,2024-09-29,2024-10-03 20:14:27,2024-10-03 09:36:00,In Transit,105.6,200.0,3.9,-16.4,-18,-15,0.0,0,,0.0,0.0,0.0,1,Medium Risk,20,78.0
SHP00446,P017,S001,R004,2024-09-29,2024-09-29 09:16:55,2024-09-29 10:42:00,Delivered,10.7,300.0,21.86,17.7,0,4,13.7,1,Severe,0.0,1.0,1.4180555555555556,3,High Risk,105,2295.3
SHP00447,P019,S007,R015,2024-12-11,2024-12-12 14:58:30,2024-12-13 06:40:12,Delivered,49.7,150.0,9.85,9.3,8,12,0.0,0,,0.0,1.0,15.695,1,Medium Risk,15,147.75
SHP00448,P003,S001,R014,2024-02-20,2024-02-24 05:38:37,,Cancelled,114.1,100.0,18.91,6.2,2,6,0.2000000000000001,1,Mild,57.0,,,4,High Risk,35,661.85
SHP00449,P007,S010,R021,2024-03-03,2024-03-06 03:21:17,2024-03-08 17:24:36,Delivered,105.7,150.0,12.06,2.6,0,4,0.0,0,,0.0,1.0,62.055277777777775,2,Medium Risk,15,180.9
SHP00450,P010,S008,R022,2024-02-08,2024-02-13 16:44:59,2024-02-14 14:00:00,Delivered,158.0,300.0,3.9,-15.3,-18,-15,0.0,0,,0.0,1.0,21.25027777777778,2,Medium Risk,30,117.0
SHP00451,P002,S007,R013,2024-06-19,2024-06-25 06:03:48,2024-07-01 22:57:36,Delivered,239.2,200.0,6.75,2.1,2,4,0.0,0,,0.0,1.0,160.89666666666668,3,High Risk,70,472.5
SHP00452,P004,S003,R018,2024-08-08,2024-08-09 06:36:58,2024-08-09 20:19:12,Delivered,27.7,250.0,11.42,6.4,2,6,0.4000000000000003,1,Mild,0.0,1.0,13.703888888888889,3,High Risk,87,993.54
SHP00453,P005,S001,R002,2024-12-06,2024-12-06 21:53:37,2024-12-07 00:48:00,In Transit,24.8,500.0,13.38,0.0,0,4,0.0,0,,14.9,1.0,2.906388888888889,2,Medium Risk,50,669.0
SHP00454,P003,S009,R008,2024-01-02,2024-01-05 11:40:26,2024-01-06 14:45:36,Delivered,85.2,300.0,18.91,4.1,2,6,0.0,0,,0.0,1.0,27.086111111111112,3,High Risk,105,1985.55
SHP00455,P003,S006,R018,2024-06-23,2024-06-24 05:34:24,2024-06-24 07:51:00,Delivered,24.5,50.0,18.91,2.7,2,6,0.0,0,,14.7,1.0,2.276666666666667,3,High Risk,17,321.47
SHP00456,P013,S002,R021,2024-12-18,2024-12-21 02:48:41,2024-12-21 20:30:36,Delivered,84.1,200.0,3.35,5.2,0,4,1.2000000000000002,1,Mild,0.0,1.0,17.698611111111113,2,Medium Risk,20,67.0
SHP00457,P010,S008,R018,2024-08-18,2024-08-19 03:03:26,2024-08-19 20:42:00,Delivered,44.7,400.0,3.9,-15.8,-18,-15,0.0,0,,0.0,1.0,17.642777777777777,2,Medium Risk,40,156.0
SHP00458,P015,S009,R005,2024-10-23,2024-10-26 03:04:44,2024-10-26 12:28:48,Delivered,76.8,50.0,6.02,0.1,0,4,0.0,0,,38.4,1.0,9.401111111111112,3,High Risk,17,102.34
SHP00459,P006,S001,R010,2024-02-19,2024-02-22 13:06:41,2024-02-23 14:46:12,Delivered,100.7,200.0,16.77,7.0,0,4,3.0,1,Mild,20.1,1.0,25.65861111111111,3,High Risk,70,1173.9
SHP00460,P013,S006,R004,2024-12-16,2024-12-16 07:57:00,2024-12-16 13:23:24,Delivered,10.3,300.0,3.35,-2.4,0,4,2.4,1,Mild,6.9,1.0,5.44,3,High Risk,105,351.75
SHP00461,P014,S003,R023,2024-07-08,2024-07-10 14:10:38,2024-07-12 23:12:00,Delivered,74.5,400.0,16.04,13.2,13,15,0.0,0,,0.0,1.0,57.022777777777776,2,Medium Risk,40,641.6
SHP00462,P003,S001,R001,2024-04-01,2024-04-03 05:07:49,2024-04-04 10:30:00,Delivered,75.0,500.0,18.91,4.8,2,6,0.0,0,,0.0,1.0,29.369722222222222,3,High Risk,175,3309.25
SHP00463,P009,S009,R015,2024-07-29,2024-07-30 10:59:49,2024-07-30 14:43:12,Delivered,35.2,100.0,8.03,1.2,-1,2,0.0,0,,8.8,1.0,3.7230555555555553,3,High Risk,35,281.05
SHP00464,P001,S009,R008,2024-04-08,2024-04-11 09:13:37,2024-04-10 20:48:00,Delivered,68.8,200.0,16.53,3.5,2,4,0.0,0,,34.4,0.0,0.0,3,High Risk,70,1157.1
SHP00465,P009,S001,R007,2024-02-27,2024-03-03 20:06:08,2024-03-14 23:26:24,Delivered,185.2,50.0,8.03,-0.5,-1,2,0.0,0,,0.0,1.0,267.3377777777778,3,High Risk,17,136.51
SHP00466,P014,S005,R011,2024-11-11,2024-11-13 17:19:46,2024-11-14 13:36:00,Delivered,85.6,50.0,16.04,8.1,13,15,4.9,1,Mild,17.1,1.0,20.27055555555556,2,Medium Risk,5,80.2
SHP00467,P008,S008,R019,2024-10-23,2024-10-24 14:55:48,2024-10-24 21:52:12,Delivered,41.7,300.0,19.33,3.1,0,4,0.0,0,,0.0,1.0,6.94,1,Medium Risk,30,579.9
SHP00468,P007,S007,R008,2024-02-07,2024-02-10 08:31:21,2024-02-13 00:48:00,Delivered,90.5,500.0,12.06,3.7,0,4,0.0,0,,0.0,1.0,64.2775,2,Medium Risk,50,603.0
SHP00469,P007,S006,R009,2024-04-13,2024-04-15 03:26:21,2024-04-15 15:15:00,Delivered,57.5,500.0,12.06,0.4,0,4,0.0,0,,0.0,1.0,11.810833333333331,1,Medium Risk,50,603.0
SHP00470,P008,S005,R020,2024-03-21,2024-03-27 01:14:32,,Cancelled,193.0,200.0,19.33,3.9,0,4,0.0,0,,64.3,,,2,Medium Risk,20,386.6
SHP00471,P007,S010,R016,2024-08-24,2024-08-28 01:30:28,,Cancelled,91.0,200.0,12.06,1.3,0,4,0.0,0,,15.2,,,0,Low Risk,0,0.0
SHP00472,P019,S001,R014,2024-01-23,2024-01-27 01:37:34,2024-01-27 05:08:24,Delivered,77.8,500.0,9.85,10.1,8,12,0.0,0,,0.0,1.0,3.513888888888889,0,Low Risk,0,0.0
SHP00473,P015,S008,R008,2024-02-12,2024-02-15 01:15:42,2024-02-16 09:29:24,Delivered,95.9,250.0,6.02,11.2,0,4,7.199999999999999,1,Severe,32.0,1.0,32.22833333333333,7,Critical Risk,187,1125.74
SHP00474,P010,S003,R023,2024-08-23,2024-08-25 17:52:32,2024-08-26 17:06:00,Delivered,89.1,400.0,3.9,-15.7,-18,-15,0.0,0,,14.8,1.0,23.224444444444444,2,Medium Risk,40,156.0
SHP00475,P001,S002,R013,2024-12-19,2024-12-24 23:18:21,2024-12-25 15:48:00,Delivered,159.8,200.0,16.53,3.9,2,4,0.0,0,,79.9,1.0,16.49416666666667,4,High Risk,70,1157.1
SHP00476,P011,S001,R017,2024-12-11,2024-12-13 19:57:29,,Cancelled,77.2,300.0,21.42,-0.9,-1,2,0.0,0,,15.4,,,1,Medium Risk,30,642.6
SHP00477,P018,S004,R005,2024-06-20,2024-06-23 03:43:32,2024-06-23 05:06:00,Delivered,77.1,200.0,16.44,15.2,0,4,11.2,1,Severe,0.0,1.0,1.3744444444444444,3,High Risk,70,1150.8
SHP00478,P009,S009,R022,2024-08-04,2024-08-08 20:02:03,,Cancelled,123.2,100.0,8.03,0.6,-1,2,0.0,0,,24.6,,,1,Medium Risk,10,80.3
SHP00479,P018,S005,R015,2024-11-13,2024-11-14 14:32:29,2024-11-14 18:47:24,In Transit,38.9,200.0,16.44,0.95,0,4,0.0,0,,0.0,1.0,4.248611111111111,0,Low Risk,0,0.0
SHP00480,P013,S003,R010,2024-02-09,2024-02-12 14:55:55,2024-02-12 12:28:48,Delivered,76.8,50.0,3.35,3.5,0,4,0.0,0,,0.0,0.0,0.0,0,Low Risk,0,0.0
SHP00481,P005,S008,R012,2024-08-03,2024-08-05 04:58:32,,Cancelled,56.7,200.0,13.38,3.5,0,4,0.0,0,,37.8,,,2,Medium Risk,20,267.6
SHP00482,P014,S010,R011,2024-12-01,2024-12-03 12:12:17,2024-12-04 13:54:36,Delivered,78.1,250.0,16.04,9.7,13,15,3.3000000000000007,1,Mild,0.0,1.0,25.705277777777777,3,High Risk,87,1395.48
SHP00483,P009,S004,R016,2024-07-09,2024-07-13 02:12:53,2024-07-14 20:18:00,Delivered,140.3,150.0,8.03,0.4,-1,2,0.0,0,,0.0,1.0,42.085277777777776,3,High Risk,52,417.56
SHP00484,P010,S003,R006,2024-12-28,2024-12-31 20:13:20,2025-01-01 19:18:00,In Transit,115.3,300.0,3.9,-17.9,-18,-15,0.0,0,,38.4,1.0,23.07777777777778,4,High Risk,105,409.5
SHP00485,P006,S004,R018,2024-12-28,2024-12-29 04:45:48,2024-12-28 23:30:00,Delivered,23.5,150.0,16.77,2.2,0,4,0.0,0,,0.0,0.0,0.0,0,Low Risk,0,0.0
SHP00486,P013,S008,R025,2024-03-15,2024-03-21 01:40:25,2024-03-23 07:54:00,Delivered,199.9,300.0,3.35,2.55,0,4,0.0,0,,0.0,1.0,54.22638888888889,2,Medium Risk,30,100.5
SHP00487,P010,S010,R022,2024-03-16,2024-03-21 12:04:09,2024-03-27 13:36:00,Delivered,173.5,500.0,3.9,-17.7,-18,-15,0.0,0,,0.0,1.0,145.53083333333333,3,High Risk,175,682.5
SHP00488,P004,S005,R001,2024-07-24,2024-07-26 00:23:41,2024-07-26 15:00:00,Delivered,63.0,200.0,11.42,4.4,2,6,0.0,0,,15.8,1.0,14.605277777777776,4,High Risk,70,799.4
SHP00489,P009,S004,R001,2024-02-12,2024-02-14 02:35:11,,Cancelled,59.9,200.0,8.03,0.5,-1,2,0.0,0,,30.0,,,3,High Risk,70,562.1
SHP00490,P002,S006,R013,2024-03-16,2024-03-22 11:08:21,,Cancelled,205.7,250.0,6.75,2.7,2,4,0.0,0,,0.0,,,1,Medium Risk,25,168.75
SHP00491,P015,S007,R026,2024-08-14,2024-08-17 01:43:25,,Cancelled,68.4,150.0,6.02,3.6,0,4,0.0,0,,0.0,,,0,Low Risk,0,0.0
SHP00492,P007,S005,R016,2024-09-25,2024-09-28 13:41:41,,Cancelled,141.4,250.0,12.06,6.5,0,4,2.5,1,Mild,0.0,,,1,Medium Risk,25,301.5
SHP00493,P019,S003,R007,2024-04-05,2024-04-10 09:54:02,2024-04-12 20:54:00,In Transit,188.9,500.0,9.85,15.5,8,12,3.5,1,Mild,31.5,1.0,58.99944444444444,3,High Risk,175,1723.75
SHP00494,P001,S003,R009,2024-06-02,2024-06-04 12:04:04,2024-06-05 12:12:00,Delivered,84.2,500.0,16.53,-1.5,2,4,3.5,1,Mild,28.1,1.0,24.13222222222222,6,Critical Risk,375,6198.75
SHP00495,P004,S005,R016,2024-02-04,2024-02-07 18:57:18,2024-02-08 17:48:00,Delivered,113.8,500.0,11.42,3.0,2,6,0.0,0,,0.0,1.0,22.845,2,Medium Risk,50,571.0
SHP00496,P019,S001,R028,2024-05-12,2024-05-14 17:14:07,2024-05-14 15:06:00,Delivered,63.1,150.0,9.85,19.2,8,12,7.199999999999999,1,Severe,15.8,0.0,0.0,5,Critical Risk,112,1103.2
SHP00497,P012,S001,R010,2024-05-29,2024-06-02 02:21:15,2024-06-02 09:48:00,Delivered,105.8,150.0,18.65,4.6,0,4,0.5999999999999996,1,Mild,0.0,1.0,7.445833333333334,2,Medium Risk,15,279.75
SHP00498,P010,S005,R022,2024-12-23,2024-12-27 20:49:00,2024-12-30 11:04:48,In Transit,162.8,300.0,3.9,-11.9,-18,-15,3.1,1,Mild,65.1,1.0,62.263333333333335,6,Critical Risk,225,877.5
SHP00499,P006,S002,R007,2024-03-20,2024-03-25 23:52:27,2024-03-28 09:30:00,Delivered,155.0,100.0,16.77,2.8,0,4,0.0,0,,62.0,1.0,57.62583333333333,4,High Risk,35,586.95
SHP00500,P005,S001,R016,2024-06-27,2024-06-30 18:58:10,2024-07-02 01:17:24,Delivered,93.3,300.0,13.38,15.4,0,4,11.4,1,Severe,31.1,1.0,30.320555555555558,7,Critical Risk,225,3010.5
SHP00501,P004,S004,R005,2024-12-21,2024-12-24 05:29:06,2024-12-23 23:06:00,In Transit,71.1,100.0,11.42,2.3,2,6,0.0,0,,17.8,0.0,0.0,3,High Risk,35,399.7
SHP00502,P002,S004,R004,2024-01-17,2024-01-17 08:33:42,2024-01-17 11:42:00,Delivered,11.7,100.0,6.75,2.5,2,4,0.0,0,,0.0,1.0,3.138333333333333,1,Medium Risk,10,67.5
SHP00503,P004,S010,R007,2024-10-27,2024-11-01 07:12:08,2024-11-04 04:00:00,Delivered,196.0,250.0,11.42,5.4,2,6,0.0,0,,39.2,1.0,68.79777777777778,3,High Risk,87,993.54
SHP00504,P017,S010,R008,2024-09-15,2024-09-18 02:35:43,2024-09-19 10:15:36,Delivered,96.6,200.0,21.86,0.9,0,4,0.0,0,,24.2,1.0,31.664722222222224,4,High Risk,70,1530.2
SHP00505,P018,S001,R024,2024-02-20,2024-02-25 01:18:37,2024-02-28 22:06:36,Delivered,164.7,150.0,16.44,2.8,0,4,0.0,0,,41.2,1.0,92.79972222222224,4,High Risk,52,854.88
SHP00506,P012,S007,R014,2024-04-19,2024-04-23 00:26:48,2024-04-25 03:17:24,Delivered,113.3,150.0,18.65,1.9,0,4,0.0,0,,56.6,1.0,50.84333333333333,4,High Risk,52,969.8
SHP00507,P018,S001,R003,2024-06-16,2024-06-21 16:22:47,2024-06-22 14:42:00,Delivered,158.7,200.0,16.44,-1.0,0,4,1.0,1,Mild,0.0,1.0,22.32027777777778,2,Medium Risk,20,328.8
SHP00508,P014,S004,R028,2024-02-05,2024-02-08 03:19:40,2024-02-11 20:28:48,In Transit,102.8,500.0,16.04,13.0,13,15,0.0,0,,25.7,1.0,89.15222222222222,4,High Risk,175,2807.0
SHP00509,P003,S002,R005,2024-07-21,2024-07-24 11:09:08,2024-07-24 15:12:00,Delivered,87.2,100.0,18.91,20.8,2,6,14.8,1,Severe,0.0,1.0,4.047777777777778,4,High Risk,35,661.85
SHP00510,P020,S007,R004,2024-04-29,2024-04-29 08:54:22,2024-04-29 12:00:00,Delivered,12.0,400.0,23.51,-4.4,0,4,4.4,1,Mild,2.0,1.0,3.093888888888889,1,Medium Risk,40,940.4
SHP00511,P013,S008,R017,2024-05-22,2024-05-25 01:39:46,2024-05-24 17:00:00,Delivered,65.0,150.0,3.35,0.9,0,4,0.0,0,,0.0,0.0,0.0,0,Low Risk,0,0.0
SHP00512,P003,S008,R022,2024-01-14,2024-01-19 03:43:50,2024-01-22 17:13:12,Delivered,190.2,100.0,18.91,4.5,2,6,0.0,0,,0.0,1.0,85.48944444444444,3,High Risk,35,661.85
SHP00513,P016,S008,R007,2024-05-30,2024-06-04 15:04:34,2024-06-06 03:24:00,Delivered,171.4,50.0,19.67,3.4,0,4,0.0,0,,0.0,1.0,36.32388888888889,2,Medium Risk,5,98.35
SHP00514,P004,S007,R015,2024-06-10,2024-06-11 12:54:06,2024-06-12 04:42:00,Delivered,52.7,250.0,11.42,4.6,2,6,0.0,0,,0.0,1.0,15.798333333333334,2,Medium Risk,25,285.5
SHP00515,P005,S005,R023,2024-07-18,2024-07-20 10:13:53,2024-07-21 06:25:48,Delivered,71.3,500.0,13.38,-2.6,0,4,2.6,1,Mild,14.3,1.0,20.198611111111116,2,Medium Risk,50,669.0
SHP00516,P013,S005,R016,2024-10-29,2024-11-01 23:29:44,2024-11-03 20:18:00,Delivered,140.3,50.0,3.35,2.88,0,4,0.0,0,,28.1,1.0,44.80444444444444,2,Medium Risk,5,16.75
SHP00517,P012,S006,R026,2024-10-25,2024-10-28 02:51:38,2024-10-27 06:30:00,Delivered,54.5,300.0,18.65,1.4,0,4,0.0,0,,27.2,0.0,0.0,2,Medium Risk,30,559.5
SHP00518,P008,S004,R021,2024-06-08,2024-06-11 15:35:06,2024-06-12 02:36:00,Delivered,98.6,50.0,19.33,1.4,0,4,0.0,0,,32.9,1.0,11.015,3,High Risk,17,328.61
SHP00519,P014,S010,R017,2024-08-03,2024-08-06 05:04:42,2024-08-06 06:52:12,Delivered,71.7,400.0,16.04,15.839999999999998,13,15,0.8399999999999981,1,Mild,28.7,1.0,1.7916666666666667,3,High Risk,140,2245.6
SHP00520,P004,S004,R011,2024-09-11,2024-09-13 17:24:24,2024-09-13 23:18:00,Delivered,71.3,400.0,11.42,3.5,2,6,0.0,0,,23.8,1.0,5.8933333333333335,3,High Risk,140,1598.8
SHP00521,P003,S009,R007,2024-05-27,2024-06-01 10:06:11,2024-06-01 23:26:24,Delivered,130.4,100.0,18.91,1.7,2,6,0.3,1,Mild,65.2,1.0,13.336944444444445,5,Critical Risk,75,1418.25
SHP00522,P017,S008,R014,2024-04-17,2024-04-20 18:15:30,2024-04-22 11:02:24,In Transit,100.8,300.0,21.86,1.2,0,4,0.0,0,,0.0,1.0,40.781666666666666,2,Medium Risk,30,655.8
SHP00523,P017,S008,R022,2024-10-07,2024-10-11 18:57:18,2024-10-12 05:10:48,Delivered,113.8,200.0,21.86,15.2,0,4,11.2,1,Severe,45.5,1.0,10.225,6,Critical Risk,150,3279.0
SHP00524,P009,S009,R026,2024-11-10,2024-11-13 03:03:58,2024-11-16 13:16:48,Delivered,98.3,500.0,8.03,3.2,-1,2,1.2000000000000002,1,Mild,65.5,1.0,82.21388888888889,6,Critical Risk,375,3011.25
SHP00525,P010,S007,R014,2024-06-12,2024-06-16 09:51:47,,Cancelled,139.1,150.0,3.9,-13.3,-18,-15,1.6999999999999993,1,Mild,0.0,,,2,Medium Risk,15,58.5
SHP00526,P008,S002,R005,2024-04-08,2024-04-11 14:22:02,2024-04-10 16:00:00,Delivered,64.0,400.0,19.33,4.0,0,4,0.0,0,,0.0,0.0,0.0,0,Low Risk,0,0.0
SHP00527,P009,S003,R001,2024-05-12,2024-05-14 00:57:13,2024-05-15 04:40:12,Delivered,69.7,500.0,8.03,-0.9,-1,2,0.0,0,,41.8,1.0,27.71638888888889,5,Critical Risk,375,3011.25
SHP00528,P003,S006,R020,2024-06-01,2024-06-07 08:19:14,2024-06-09 09:18:00,Delivered,201.3,100.0,18.91,4.6,2,6,0.0,0,,0.0,1.0,48.97944444444445,3,High Risk,35,661.85
SHP00529,P008,S002,R019,2024-09-13,2024-09-14 17:28:21,2024-09-16 07:02:24,Delivered,60.8,250.0,19.33,18.4,0,4,14.4,1,Severe,15.2,1.0,37.5675,7,Critical Risk,187,3614.71
SHP00530,P004,S006,R011,2024-10-26,2024-10-28 17:53:32,2024-10-29 18:38:24,Delivered,82.4,100.0,11.42,14.0,2,6,8.0,1,Severe,0.0,1.0,24.747777777777777,6,Critical Risk,75,856.5
SHP00531,P009,S010,R002,2024-09-08,2024-09-09 00:20:29,2024-09-09 03:24:00,Delivered,27.4,200.0,8.03,0.4,-1,2,0.0,0,,0.0,1.0,3.058611111111111,1,Medium Risk,20,160.6
SHP00532,P012,S005,R001,2024-11-26,2024-11-28 04:08:52,2024-11-30 03:34:48,In Transit,76.6,200.0,18.65,-1.9,0,4,1.9,1,Mild,19.2,1.0,47.43222222222222,5,Critical Risk,150,2797.5
SHP00533,P012,S002,R018,2024-05-01,2024-05-02 05:10:09,2024-05-03 19:31:12,Delivered,42.2,250.0,18.65,3.9,0,4,0.0,0,,0.0,1.0,38.35083333333333,2,Medium Risk,25,466.25
SHP00534,P006,S008,R021,2024-06-11,2024-06-14 13:21:44,2024-06-15 20:18:00,In Transit,116.3,500.0,16.77,3.5,0,4,0.0,0,,46.5,1.0,30.93777777777778,4,High Risk,175,2934.75
SHP00535,P011,S007,R027,2024-02-21,2024-02-21 11:41:45,2024-02-21 15:42:00,Delivered,15.7,300.0,21.42,0.8,-1,2,0.0,0,,2.6,1.0,4.004166666666666,1,Medium Risk,30,642.6
SHP00536,P006,S008,R026,2024-11-24,2024-11-26 20:20:57,2024-11-26 18:19:48,Delivered,60.3,150.0,16.77,0.3,0,4,0.0,0,,15.1,0.0,0.0,2,Medium Risk,15,251.55
SHP00537,P005,S010,R022,2024-07-29,2024-08-03 02:12:22,2024-08-05 04:54:00,Delivered,172.9,300.0,13.38,8.1,0,4,4.1,1,Mild,57.6,1.0,50.693888888888885,5,Critical Risk,225,3010.5
SHP00538,P012,S003,R013,2024-07-12,2024-07-19 00:49:25,2024-07-21 17:06:00,In Transit,233.1,200.0,18.65,18.3,0,4,14.3,1,Severe,0.0,1.0,64.27638888888889,5,Critical Risk,150,2797.5
SHP00539,P006,S001,R013,2024-11-12,2024-11-18 06:07:15,2024-11-19 03:18:00,In Transit,171.3,200.0,16.77,3.8,0,4,0.0,0,,42.8,1.0,21.179166666666667,1,Medium Risk,20,335.4
SHP00540,P016,S002,R008,2024-12-31,2025-01-03 15:37:27,2025-01-04 00:12:00,Delivered,74.0,400.0,19.67,3.0,0,4,0.0,0,,14.8,1.0,8.575833333333334,1,Medium Risk,40,786.8
SHP00541,P010,S004,R014,2024-04-02,2024-04-05 19:33:14,2024-04-06 09:24:00,Delivered,105.4,200.0,3.9,-16.1,-18,-15,0.0,0,,52.7,1.0,13.846111111111112,4,High Risk,70,273.0
SHP00542,P003,S001,R016,2024-03-09,2024-03-13 05:51:22,2024-03-14 13:12:00,Delivered,133.2,400.0,18.91,3.5,2,6,0.0,0,,44.4,1.0,31.343888888888888,5,Critical Risk,300,5673.0
SHP00543,P018,S001,R002,2024-06-19,2024-06-19 23:19:12,2024-06-20 10:30:00,Delivered,34.5,200.0,16.44,2.7,0,4,0.0,0,,17.2,1.0,11.18,3,High Risk,70,1150.8
SHP00544,P012,S003,R018,2024-01-22,2024-01-23 04:26:30,2024-01-23 11:54:00,Delivered,35.9,150.0,18.65,17.9,0,4,13.9,1,Severe,0.0,1.0,7.458333333333333,4,High Risk,52,969.8
SHP00545,P005,S005,R004,2024-06-09,2024-06-09 07:56:04,2024-06-09 10:52:48,Delivered,6.8,250.0,13.38,-0.4,0,4,0.4,1,Mild,2.3,1.0,2.9455555555555555,3,High Risk,87,1164.06
SHP00546,P009,S009,R011,2024-08-11,2024-08-13 12:04:38,2024-08-19 05:33:36,Delivered,89.8,500.0,8.03,7.1,-1,2,5.1,1,Severe,29.9,1.0,137.48277777777778,8,Critical Risk,375,3011.25
SHP00547,P006,S001,R016,2024-05-13,2024-05-16 20:49:48,2024-05-16 10:48:00,Delivered,82.8,500.0,16.77,14.5,0,4,10.5,1,Severe,62.1,0.0,0.0,5,Critical Risk,375,6288.75
SHP00548,P015,S008,R004,2024-03-16,2024-03-16 07:52:43,2024-03-16 09:29:24,Delivered,7.3,250.0,6.02,0.7,0,4,0.0,0,,3.6,1.0,1.611388888888889,2,Medium Risk,25,150.5
SHP00549,P019,S001,R017,2024-10-19,2024-10-22 08:15:18,2024-10-21 18:48:00,Delivered,66.8,300.0,9.85,8.4,8,12,0.0,0,,0.0,0.0,0.0,0,Low Risk,0,0.0
SHP00550,P004,S007,R012,2024-10-29,2024-10-30 23:41:11,2024-11-01 03:48:00,Delivered,75.8,500.0,11.42,3.8,2,6,0.0,0,,0.0,1.0,28.113611111111112,3,High Risk,175,1998.5
SHP00551,P001,S006,R002,2024-12-01,2024-12-01 23:14:25,2024-12-02 22:24:00,Delivered,29.0,150.0,16.53,2.55,2,4,0.0,0,,0.0,1.0,23.15972222222222,2,Medium Risk,15,247.95
SHP00552,P010,S006,R026,2024-01-29,2024-01-31 22:17:35,2024-02-02 05:51:36,In Transit,92.6,200.0,3.9,-17.2,-18,-15,0.0,0,,0.0,1.0,31.566944444444445,3,High Risk,70,273.0
SHP00553,P007,S003,R013,2024-07-25,2024-07-31 20:52:29,2024-08-01 01:24:00,Delivered,154.0,400.0,12.06,2.0,0,4,0.0,0,,0.0,1.0,4.525277777777778,0,Low Risk,0,0.0
SHP00554,P020,S003,R012,2024-12-06,2024-12-08 02:15:12,2024-12-07 19:06:00,In Transit,43.1,250.0,23.51,1.6,0,4,0.0,0,,0.0,0.0,0.0,0,Low Risk,0,0.0
SHP00555,P014,S006,R020,2024-04-05,2024-04-10 19:31:41,2024-04-11 10:36:00,Delivered,154.6,200.0,16.04,13.9,13,15,0.0,0,,61.8,1.0,15.071944444444444,3,High Risk,70,1122.8
SHP00556,P016,S009,R021,2024-11-27,2024-11-30 05:59:47,2024-11-30 22:24:00,Delivered,94.4,150.0,19.67,14.3,0,4,10.3,1,Severe,23.6,1.0,16.40361111111111,6,Critical Risk,112,2203.04
SHP00557,P008,S009,R014,2024-05-31,2024-06-04 03:07:42,2024-06-07 19:40:48,Delivered,117.3,400.0,19.33,2.0,0,4,0.0,0,,0.0,1.0,88.55166666666666,2,Medium Risk,40,773.2
SHP00558,P009,S006,R009,2024-10-26,2024-10-28 08:30:34,2024-10-27 22:30:00,In Transit,46.5,400.0,8.03,3.1,-1,2,1.1,1,Mild,11.6,0.0,0.0,2,Medium Risk,40,321.2
SHP00559,P010,S006,R019,2024-08-20,2024-08-21 16:54:22,2024-08-22 23:53:24,Delivered,55.3,150.0,3.9,-15.2,-18,-15,0.0,0,,18.4,1.0,30.983888888888888,5,Critical Risk,112,436.8
SHP00560,P020,S005,R028,2024-12-10,2024-12-12 23:41:28,2024-12-12 12:00:00,In Transit,60.0,500.0,23.51,0.7,0,4,0.0,0,,0.0,0.0,0.0,0,Low Risk,0,0.0
SHP00561,P020,S008,R010,2024-11-12,2024-11-15 20:49:36,2024-11-17 17:56:24,Delivered,125.4,250.0,23.51,16.1,0,4,12.1,1,Severe,0.0,1.0,45.11333333333334,5,Critical Risk,187,4396.37
SHP00562,P004,S001,R023,2024-04-06,2024-04-08 11:25:41,2024-04-10 02:00:36,In Transit,89.1,200.0,11.42,3.7,2,6,0.0,0,,44.6,1.0,38.581944444444446,5,Critical Risk,150,1713.0
SHP00563,P014,S001,R004,2024-03-26,2024-03-26 08:55:42,2024-03-26 12:24:00,Delivered,12.4,500.0,16.04,13.0,13,15,0.0,0,,0.0,1.0,3.4716666666666667,0,Low Risk,0,0.0
SHP00564,P013,S001,R011,2024-01-05,2024-01-07 18:23:16,2024-01-07 04:18:00,In Transit,52.3,250.0,3.35,2.0,0,4,0.0,0,,0.0,0.0,0.0,0,Low Risk,0,0.0
SHP00565,P019,S010,R022,2024-09-06,2024-09-10 19:58:12,2024-09-10 22:48:00,In Transit,118.8,250.0,9.85,10.2,8,12,0.0,0,,29.7,1.0,2.83,2,Medium Risk,25,246.25
SHP00566,P004,S008,R020,2024-11-26,2024-12-02 02:50:48,,Cancelled,145.2,300.0,11.42,2.8,2,6,0.0,0,,0.0,,,1,Medium Risk,30,342.6
SHP00567,P011,S010,R028,2024-12-02,2024-12-05 04:25:24,2024-12-05 15:40:12,Delivered,79.7,300.0,21.42,0.3,-1,2,0.0,0,,0.0,1.0,11.246666666666666,2,Medium Risk,30,642.6
SHP00568,P010,S002,R022,2024-09-04,2024-09-08 23:18:56,2024-09-08 23:47:24,Delivered,108.9,500.0,3.9,-16.8,-18,-15,0.0,0,,0.0,1.0,0.4744444444444444,1,Medium Risk,50,195.0
SHP00569,P001,S006,R009,2024-07-01,2024-07-03 04:58:24,,Cancelled,72.2,300.0,16.53,3.6,2,4,0.0,0,,48.1,,,3,High Risk,105,1735.65
SHP00570,P018,S004,R016,2024-05-12,2024-05-16 02:29:02,2024-05-19 16:28:12,In Transit,141.9,100.0,16.44,-0.6,0,4,0.6,1,Mild,0.0,1.0,85.98611111111111,3,High Risk,35,575.4
SHP00571,P004,S002,R026,2024-11-08,2024-11-11 02:25:23,2024-11-11 13:24:00,Delivered,85.4,150.0,11.42,4.0,2,6,0.0,0,,21.4,1.0,10.976944444444444,4,High Risk,52,593.84
SHP00572,P006,S005,R023,2024-08-14,2024-08-16 14:53:35,2024-08-19 15:12:00,Delivered,84.5,150.0,16.77,1.5,0,4,0.0,0,,21.1,1.0,72.30694444444444,2,Medium Risk,15,251.55
SHP00573,P014,S001,R008,2024-08-30,2024-09-02 08:50:23,2024-09-02 10:30:00,Delivered,82.5,300.0,16.04,14.5,13,15,0.0,0,,27.5,1.0,1.6602777777777775,2,Medium Risk,30,481.2
SHP00574,P017,S007,R026,2024-04-26,2024-04-28 20:43:22,2024-04-30 00:38:24,In Transit,60.4,300.0,21.86,18.6,0,4,14.6,1,Severe,0.0,1.0,27.91722222222222,5,Critical Risk,225,4918.5
SHP00575,P001,S009,R003,2024-02-13,2024-02-18 16:49:40,2024-02-20 16:51:36,Delivered,142.2,50.0,16.53,2.8,2,4,0.0,0,,35.6,1.0,48.032222222222224,5,Critical Risk,37,611.61
SHP00576,P019,S001,R021,2024-12-31,2025-01-03 15:03:00,2025-01-10 05:04:48,Delivered,111.4,250.0,9.85,11.5,8,12,0.0,0,,18.6,1.0,158.03,2,Medium Risk,25,246.25
SHP00577,P001,S005,R017,2024-11-08,2024-11-11 05:08:23,2024-11-12 12:42:00,Delivered,108.7,500.0,16.53,3.1,2,4,0.0,0,,21.7,1.0,31.560277777777777,3,High Risk,175,2892.75
SHP00578,P007,S005,R003,2024-01-19,2024-01-24 16:31:05,,Cancelled,163.3,250.0,12.06,14.7,0,4,10.7,1,Severe,0.0,,,3,High Risk,87,1049.22
SHP00579,P017,S006,R025,2024-11-21,2024-11-26 02:35:05,,Cancelled,119.0,250.0,21.86,1.0,0,4,0.0,0,,39.7,,,2,Medium Risk,25,546.5
SHP00580,P002,S006,R009,2024-11-17,2024-11-19 04:25:33,2024-11-20 12:22:12,Delivered,64.9,50.0,6.75,14.0,2,4,10.0,1,Severe,0.0,1.0,31.944166666666668,6,Critical Risk,37,249.75
SHP00581,P019,S010,R023,2024-11-17,2024-11-19 19:02:26,,Cancelled,79.8,150.0,9.85,10.7,8,12,0.0,0,,0.0,,,0,Low Risk,0,0.0
SHP00582,P004,S006,R017,2024-10-25,2024-10-28 06:14:50,2024-10-27 19:30:00,Delivered,67.5,400.0,11.42,3.7,2,6,0.0,0,,0.0,0.0,0.0,1,Medium Risk,40,456.8
SHP00583,P005,S008,R007,2024-08-16,2024-08-21 19:53:07,2024-08-20 15:12:00,Delivered,111.2,250.0,13.38,3.1,0,4,0.0,0,,55.6,0.0,0.0,2,Medium Risk,25,334.5
SHP00584,P015,S008,R024,2024-08-01,2024-08-05 08:42:22,2024-08-07 12:06:00,In Transit,156.1,100.0,6.02,8.2,0,4,4.199999999999999,1,Mild,52.0,1.0,51.39388888888889,5,Critical Risk,75,451.5
SHP00585,P006,S009,R012,2024-03-01,2024-03-03 02:39:27,2024-03-03 14:54:00,Delivered,62.9,150.0,16.77,0.2,0,4,0.0,0,,12.6,1.0,12.2425,1,Medium Risk,15,251.55
SHP00586,P010,S005,R016,2024-01-15,2024-01-18 15:02:50,2024-01-20 20:15:00,Delivered,127.5,250.0,3.9,-15.3,-18,-15,0.0,0,,31.9,1.0,53.202777777777776,5,Critical Risk,187,729.3
SHP00587,P004,S009,R012,2024-02-04,2024-02-06 02:44:44,2024-02-07 08:51:00,Delivered,73.5,400.0,11.42,5.6,2,6,0.0,0,,0.0,1.0,30.104444444444443,3,High Risk,140,1598.8
SHP00588,P005,S003,R017,2024-11-21,2024-11-24 01:35:46,2024-11-24 10:42:00,In Transit,82.7,400.0,13.38,12.9,0,4,8.9,1,Severe,0.0,1.0,9.10388888888889,4,High Risk,140,1873.2
SHP00589,P002,S008,R024,2024-05-22,2024-05-27 00:08:38,2024-05-28 10:52:48,Delivered,140.8,250.0,6.75,3.6,2,4,0.0,0,,0.0,1.0,34.736111111111114,3,High Risk,87,587.25
SHP00590,P003,S004,R020,2024-10-04,2024-10-09 09:28:10,,Cancelled,170.0,50.0,18.91,3.9,2,6,0.0,0,,113.3,,,3,High Risk,17,321.47
SHP00591,P001,S005,R026,2024-04-15,2024-04-18 00:23:45,2024-04-19 09:45:36,Delivered,66.1,300.0,16.53,3.6,2,4,0.0,0,,0.0,1.0,33.36416666666667,3,High Risk,105,1735.65
SHP00592,P001,S006,R014,2024-04-02,2024-04-06 08:54:01,2024-04-06 09:48:00,Delivered,105.8,100.0,16.53,2.2,2,4,0.0,0,,35.3,1.0,0.8997222222222222,3,High Risk,35,578.55
SHP00593,P009,S002,R005,2024-06-06,2024-06-09 12:31:24,2024-06-11 01:36:00,Delivered,121.6,50.0,8.03,9.6,-1,2,7.6,1,Severe,0.0,1.0,37.07666666666667,6,Critical Risk,37,297.11
SHP00594,P014,S006,R009,2024-07-11,2024-07-13 12:46:11,,Cancelled,83.5,200.0,16.04,14.2,13,15,0.0,0,,0.0,,,0,Low Risk,0,0.0
SHP00595,P004,S005,R002,2024-06-11,2024-06-11 23:02:05,,Cancelled,26.2,50.0,11.42,2.9,2,6,0.0,0,,0.0,,,1,Medium Risk,5,57.1
SHP00596,P008,S009,R021,2024-03-05,2024-03-08 07:47:31,2024-03-08 08:42:00,Delivered,80.7,150.0,19.33,0.8,0,4,0.0,0,,26.9,1.0,0.9080555555555556,2,Medium Risk,15,289.95
SHP00597,P018,S007,R018,2024-08-19,2024-08-20 07:34:38,2024-08-21 04:08:24,Delivered,23.7,200.0,16.44,2.6,0,4,0.0,0,,7.9,1.0,20.56277777777778,3,High Risk,70,1150.8
SHP00598,P013,S006,R027,2024-11-19,2024-11-19 12:00:04,2024-11-19 10:24:00,In Transit,10.4,100.0,3.35,2.1,0,4,0.0,0,,0.0,0.0,0.0,0,Low Risk,0,0.0
SHP00599,P005,S009,R009,2024-08-09,2024-08-11 08:31:27,2024-08-11 19:43:48,Delivered,52.1,250.0,13.38,18.5,0,4,14.5,1,Severe,0.0,1.0,11.205833333333333,4,High Risk,87,1164.06
SHP00600,P008,S006,R011,2024-04-17,2024-04-19 15:26:42,2024-04-19 21:18:00,Delivered,69.3,200.0,19.33,-6.0,0,4,6.0,1,Severe,27.7,1.0,5.855,5,Critical Risk,150,2899.5
SHP00601,P018,S008,R025,2024-07-20,2024-07-25 22:04:07,2024-07-27 05:41:24,Delivered,157.9,500.0,16.44,0.1,0,4,0.0,0,,0.0,1.0,31.621388888888887,2,Medium Risk,50,822.0
SHP00602,P013,S010,R012,2024-07-17,2024-07-19 06:11:11,2024-07-19 02:49:12,Delivered,46.2,200.0,3.35,1.9,0,4,0.0,0,,0.0,0.0,0.0,0,Low Risk,0,0.0
SHP00603,P009,S006,R007,2024-02-16,2024-02-21 18:33:20,2024-02-26 03:29:24,In Transit,187.3,300.0,8.03,1.9,-1,2,0.0,0,,62.4,1.0,104.93444444444444,5,Critical Risk,225,1806.75
SHP00604,P020,S004,R001,2024-04-10,2024-04-12 04:27:55,2024-04-13 05:18:00,Delivered,77.3,150.0,23.51,2.0,0,4,0.0,0,,15.5,1.0,24.834722222222226,2,Medium Risk,15,352.65
SHP00605,P020,S010,R006,2024-02-03,2024-02-06 21:34:41,2024-02-07 12:12:00,Delivered,108.2,250.0,23.51,17.7,0,4,13.7,1,Severe,21.6,1.0,14.621944444444445,4,High Risk,87,2045.37
SHP00606,P018,S010,R009,2024-12-14,2024-12-16 07:58:36,2024-12-18 11:21:36,Delivered,67.1,50.0,16.44,3.8,0,4,0.0,0,,22.4,1.0,51.38333333333333,4,High Risk,17,279.48
SHP00607,P014,S005,R004,2024-12-14,2024-12-14 08:31:58,2024-12-14 09:54:00,In Transit,9.9,50.0,16.04,14.4,13,15,0.0,0,,4.0,1.0,1.367222222222222,2,Medium Risk,5,80.2
SHP00608,P011,S001,R013,2024-04-09,2024-04-16 00:41:47,2024-04-17 16:00:00,Delivered,160.0,400.0,21.42,-0.7,-1,2,0.0,0,,0.0,1.0,39.30361111111111,3,High Risk,140,2998.8
SHP00609,P011,S005,R003,2024-11-16,2024-11-21 06:54:01,2024-11-23 04:42:00,Delivered,172.7,300.0,21.42,1.4,-1,2,0.0,0,,43.2,1.0,45.79972222222222,5,Critical Risk,225,4819.5
SHP00610,P008,S006,R027,2024-01-28,2024-01-28 11:18:44,2024-01-28 15:36:00,Delivered,15.6,500.0,19.33,2.4,0,4,0.0,0,,0.0,1.0,4.2877777777777775,0,Low Risk,0,0.0
SHP00611,P004,S002,R002,2024-01-18,2024-01-19 01:11:32,2024-01-19 03:03:36,Delivered,24.6,50.0,11.42,10.8,2,6,4.800000000000001,1,Mild,0.0,1.0,1.8677777777777775,2,Medium Risk,5,57.1
SHP00612,P004,S001,R018,2024-01-27,2024-01-28 05:07:46,2024-01-28 05:24:00,In Transit,29.4,50.0,11.42,9.6,2,6,3.6,1,Mild,7.4,1.0,0.2705555555555555,4,High Risk,17,194.14
SHP00613,P020,S010,R004,2024-06-22,2024-06-22 08:49:33,,Cancelled,10.7,100.0,23.51,2.4,0,4,0.0,0,,0.0,,,0,Low Risk,0,0.0
SHP00614,P019,S004,R019,2024-03-05,2024-03-06 15:22:58,2024-03-07 03:30:00,Delivered,51.5,50.0,9.85,13.5,8,12,1.5,1,Mild,0.0,1.0,12.117222222222225,2,Medium Risk,5,49.25
SHP00615,P017,S006,R010,2024-10-25,2024-10-28 23:34:21,,Cancelled,130.4,300.0,21.86,1.4,0,4,0.0,0,,21.7,,,0,Low Risk,0,0.0
SHP00616,P005,S001,R008,2024-09-16,2024-09-19 09:40:37,2024-09-20 15:54:00,Delivered,111.9,200.0,13.38,3.9,0,4,0.0,0,,44.8,1.0,30.223055555555558,4,High Risk,70,936.6
SHP00617,P016,S008,R020,2024-12-20,2024-12-25 23:38:10,2025-01-02 03:42:00,Delivered,143.5,150.0,19.67,1.7,0,4,0.0,0,,47.8,1.0,172.0638888888889,4,High Risk,52,1022.84
SHP00618,P001,S004,R023,2024-04-27,2024-04-29 11:28:29,2024-04-29 22:18:00,Delivered,70.3,400.0,16.53,0.8,2,4,1.2,1,Mild,0.0,1.0,10.825277777777778,3,High Risk,140,2314.2
SHP00619,P001,S006,R001,2024-02-07,2024-02-09 03:39:00,2024-02-09 04:54:00,Delivered,52.9,300.0,16.53,3.3,2,4,0.0,0,,8.8,1.0,1.25,1,Medium Risk,30,495.9
SHP00620,P010,S003,R008,2024-05-14,2024-05-17 06:17:54,2024-05-18 20:22:48,Delivered,105.8,250.0,3.9,-17.9,-18,-15,0.0,0,,0.0,1.0,38.08166666666666,3,High Risk,87,339.3
SHP00621,P005,S007,R021,2024-02-26,2024-02-29 04:45:05,,Cancelled,82.8,150.0,13.38,1.5,0,4,0.0,0,,0.0,,,0,Low Risk,0,0.0
SHP00622,P003,S002,R005,2024-03-07,2024-03-10 04:56:31,,Cancelled,111.8,200.0,18.91,4.4,2,6,0.0,0,,18.6,,,1,Medium Risk,20,378.2
SHP00623,P018,S005,R026,2024-03-17,2024-03-19 15:44:21,2024-03-20 19:39:00,Delivered,70.5,500.0,16.44,17.7,0,4,13.7,1,Severe,0.0,1.0,27.910833333333333,5,Critical Risk,375,6165.0
SHP00624,P020,S002,R006,2024-09-17,2024-09-20 23:54:04,2024-09-22 02:51:00,Delivered,94.5,150.0,23.51,2.1,0,4,0.0,0,,23.6,1.0,26.948888888888888,2,Medium Risk,15,352.65
SHP00625,P016,S008,R016,2024-05-17,2024-05-20 23:52:20,2024-05-23 02:15:00,Delivered,112.5,200.0,19.67,0.8,0,4,0.0,0,,0.0,1.0,50.37777777777778,2,Medium Risk,20,393.4
SHP00626,P010,S007,R013,2024-10-19,2024-10-25 23:34:04,2024-10-24 18:42:00,Delivered,138.7,250.0,3.9,-15.7,-18,-15,0.0,0,,92.5,0.0,0.0,3,High Risk,87,339.3
SHP00627,P002,S008,R017,2024-11-14,2024-11-17 01:36:49,2024-11-17 03:42:00,Delivered,75.7,250.0,6.75,3.0,2,4,0.0,0,,25.2,1.0,2.086388888888889,3,High Risk,87,587.25
SHP00628,P009,S002,R012,2024-02-12,2024-02-14 03:34:20,2024-02-14 02:48:00,Delivered,50.8,200.0,8.03,-0.2,-1,2,0.0,0,,0.0,0.0,0.0,1,Medium Risk,20,160.6
SHP00629,P018,S004,R011,2024-04-10,2024-04-12 11:18:01,2024-04-13 15:27:00,Delivered,79.5,150.0,16.44,-4.9,0,4,4.9,1,Mild,19.9,1.0,28.149722222222223,5,Critical Risk,112,1841.28
SHP00630,P009,S001,R025,2024-06-02,2024-06-07 10:45:45,,Cancelled,131.6,50.0,8.03,15.4,-1,2,13.4,1,Severe,65.8,,,6,Critical Risk,37,297.11
SHP00631,P005,S007,R008,2024-04-26,2024-04-29 04:17:57,2024-04-30 10:00:00,In Transit,106.0,500.0,13.38,2.2,0,4,0.0,0,,26.5,1.0,29.70083333333333,4,High Risk,175,2341.5
SHP00632,P003,S006,R028,2024-04-06,2024-04-09 05:13:13,,Cancelled,77.5,50.0,18.91,5.4,2,6,0.0,0,,25.8,,,3,High Risk,17,321.47
SHP00633,P010,S001,R016,2024-12-03,2024-12-06 18:33:53,2024-12-08 10:36:00,Delivered,130.6,250.0,3.9,-10.3,-18,-15,4.699999999999999,1,Mild,26.1,1.0,40.03527777777778,4,High Risk,87,339.3
SHP00634,P002,S003,R005,2024-06-18,2024-06-21 14:24:00,2024-06-24 12:19:12,In Transit,97.7,400.0,6.75,2.8,2,4,0.0,0,,0.0,1.0,69.92,3,High Risk,140,945.0
SHP00635,P013,S004,R016,2024-02-25,2024-02-29 05:38:03,2024-02-29 08:03:36,Delivered,94.6,150.0,3.35,0.7,0,4,0.0,0,,47.3,1.0,2.4258333333333333,2,Medium Risk,15,50.25
SHP00636,P001,S003,R007,2024-02-05,2024-02-10 12:23:10,,Cancelled,197.1,500.0,16.53,3.0,2,4,0.0,0,,32.8,,,1,Medium Risk,50,826.5
SHP00637,P011,S007,R013,2024-03-21,2024-03-27 02:11:42,2024-03-30 22:30:00,Delivered,238.5,200.0,21.42,7.4,-1,2,5.4,1,Severe,59.6,1.0,92.305,6,Critical Risk,150,3213.0
SHP00638,P016,S003,R020,2024-10-21,2024-10-26 23:52:51,2024-10-29 17:06:00,In Transit,209.1,150.0,19.67,4.0,0,4,0.0,0,,34.8,1.0,65.21916666666667,2,Medium Risk,15,295.05
SHP00639,P008,S009,R011,2024-10-18,2024-10-20 13:47:34,2024-10-22 02:07:12,Delivered,89.2,500.0,19.33,9.3,0,4,5.300000000000001,1,Severe,22.3,1.0,36.32722222222223,7,Critical Risk,375,7248.75
SHP00640,P013,S010,R027,2024-03-30,2024-03-30 10:34:55,2024-03-30 13:25:12,Delivered,12.2,150.0,3.35,1.5,0,4,0.0,0,,2.0,1.0,2.838055555555556,0,Low Risk,0,0.0
SHP00641,P002,S004,R028,2024-03-21,2024-03-24 00:57:45,2024-03-23 21:06:00,In Transit,69.1,200.0,6.75,16.3,2,4,12.3,1,Severe,34.6,0.0,0.0,6,Critical Risk,150,1012.5
SHP00642,P018,S002,R012,2024-02-09,2024-02-11 03:35:53,2024-02-12 17:42:00,In Transit,69.0,200.0,16.44,0.7,0,4,0.0,0,,23.0,1.0,38.10194444444444,4,High Risk,70,1150.8
SHP00643,P015,S007,R011,2024-07-23,2024-07-25 13:02:22,2024-07-26 16:00:00,In Transit,88.0,300.0,6.02,3.7,0,4,0.0,0,,0.0,1.0,26.960555555555555,2,Medium Risk,30,180.6
SHP00644,P003,S002,R018,2024-12-02,2024-12-03 08:21:25,2024-12-03 04:12:00,Delivered,28.2,50.0,18.91,-3.0,2,6,5.0,1,Severe,9.4,0.0,0.0,6,Critical Risk,37,699.67
SHP00645,P018,S007,R006,2024-02-09,2024-02-12 09:04:03,,Cancelled,113.8,50.0,16.44,0.7,0,4,0.0,0,,0.0,,,0,Low Risk,0,0.0
SHP00646,P002,S009,R021,2024-12-05,2024-12-08 15:22:41,2024-12-09 10:12:00,In Transit,106.2,50.0,6.75,2.1,2,4,0.0,0,,17.7,1.0,18.821944444444444,2,Medium Risk,5,33.75
SHP00647,P008,S006,R008,2024-04-12,2024-04-15 07:33:27,2024-04-18 03:50:24,Delivered,67.2,100.0,19.33,0.8,0,4,0.0,0,,22.4,1.0,68.2825,4,High Risk,35,676.55
SHP00648,P006,S003,R002,2024-07-31,2024-08-01 00:51:35,2024-08-01 03:00:00,Delivered,27.0,400.0,16.77,2.5,0,4,0.0,0,,0.0,1.0,2.140277777777778,0,Low Risk,0,0.0
SHP00649,P004,S006,R011,2024-03-29,2024-03-31 16:05:28,2024-03-31 00:12:00,Delivered,48.2,250.0,11.42,2.9,2,6,0.0,0,,0.0,0.0,0.0,1,Medium Risk,25,285.5
SHP00650,P007,S007,R010,2024-11-02,2024-11-06 03:17:27,,Cancelled,103.8,250.0,12.06,-2.6,0,4,2.6,1,Mild,0.0,,,1,Medium Risk,25,301.5
SHP00651,P013,S003,R011,2024-03-30,2024-04-01 18:49:07,2024-04-02 05:36:00,In Transit,77.6,200.0,3.35,14.3,0,4,10.3,1,Severe,31.0,1.0,10.78138888888889,6,Critical Risk,150,502.5
SHP00652,P008,S009,R019,2024-12-26,2024-12-27 15:11:47,,Cancelled,62.6,400.0,19.33,12.8,0,4,8.8,1,Severe,20.9,,,5,Critical Risk,300,5799.0
SHP00653,P005,S006,R016,2024-05-31,2024-06-03 19:12:14,2024-06-03 22:09:36,Delivered,85.6,500.0,13.38,2.9,0,4,0.0,0,,42.8,1.0,2.956111111111111,2,Medium Risk,50,669.0
SHP00654,P011,S001,R017,2024-07-31,2024-08-02 23:18:39,2024-08-03 21:18:00,Delivered,93.3,50.0,21.42,3.5,-1,2,1.5,1,Mild,15.6,1.0,21.989166666666662,3,High Risk,17,364.14
SHP00655,P008,S010,R028,2024-07-14,2024-07-16 18:55:54,2024-07-17 18:51:36,Delivered,82.6,200.0,19.33,2.0,0,4,0.0,0,,33.0,1.0,23.92833333333333,3,High Risk,70,1353.1
SHP00656,P005,S002,R006,2024-10-30,2024-11-02 22:25:00,2024-11-03 09:30:00,Delivered,105.5,500.0,13.38,1.7,0,4,0.0,0,,21.1,1.0,11.083333333333334,1,Medium Risk,50,669.0
SHP00657,P014,S003,R020,2024-05-07,2024-05-12 23:34:57,2024-05-19 21:06:00,Delivered,140.5,500.0,16.04,14.7,13,15,0.0,0,,0.0,1.0,165.5175,2,Medium Risk,50,802.0
SHP00658,P006,S008,R015,2024-08-04,2024-08-05 14:58:46,2024-08-06 07:38:24,Delivered,42.8,400.0,16.77,-5.9,0,4,5.9,1,Severe,7.1,1.0,16.660555555555554,4,High Risk,140,2347.8
SHP00659,P010,S010,R018,2024-03-19,2024-03-20 03:57:41,2024-03-20 11:18:00,Delivered,35.3,500.0,3.9,-17.2,-18,-15,0.0,0,,0.0,1.0,7.338611111111111,2,Medium Risk,50,195.0
SHP00660,P007,S003,R007,2024-01-03,2024-01-08 15:20:43,2024-01-07 18:50:24,Delivered,104.4,400.0,12.06,3.7,0,4,0.0,0,,41.8,0.0,0.0,2,Medium Risk,40,482.4
SHP00661,P010,S010,R003,2024-07-28,2024-08-03 08:31:12,2024-08-05 08:18:00,Delivered,200.3,400.0,3.9,-7.5,-18,-15,7.5,1,Severe,40.1,1.0,47.78,6,Critical Risk,300,1170.0
SHP00662,P016,S006,R023,2024-01-30,2024-02-01 20:01:25,2024-02-02 15:00:36,Delivered,79.1,300.0,19.67,0.1,0,4,0.0,0,,0.0,1.0,18.98638888888889,1,Medium Risk,30,590.1
SHP00663,P005,S005,R020,2024-08-21,2024-08-26 12:01:00,2024-08-29 17:36:00,Delivered,209.6,200.0,13.38,2.7,0,4,0.0,0,,0.0,1.0,77.58333333333333,2,Medium Risk,20,267.6
SHP00664,P013,S007,R023,2024-10-27,2024-10-29 09:53:01,2024-11-02 07:21:36,Delivered,94.6,400.0,3.35,11.5,0,4,7.5,1,Severe,18.9,1.0,93.47638888888888,5,Critical Risk,300,1005.0
SHP00665,P018,S007,R019,2024-06-06,2024-06-07 19:17:09,2024-06-09 15:21:36,Delivered,54.6,300.0,16.44,11.0,0,4,7.0,1,Severe,27.3,1.0,44.07416666666666,7,Critical Risk,225,3699.0
SHP00666,P013,S005,R001,2024-03-27,2024-03-28 22:15:52,2024-03-29 22:42:00,Delivered,70.7,400.0,3.35,-2.1,0,4,2.1,1,Mild,23.6,1.0,24.43555555555556,5,Critical Risk,300,1005.0
SHP00667,P005,S004,R016,2024-04-03,2024-04-06 14:28:47,2024-04-07 21:35:24,Delivered,106.9,150.0,13.38,0.8,0,4,0.0,0,,0.0,1.0,31.110277777777775,2,Medium Risk,15,200.7
SHP00668,P014,S008,R021,2024-11-15,2024-11-18 11:20:45,,Cancelled,68.7,100.0,16.04,13.2,13,15,0.0,0,,0.0,,,0,Low Risk,0,0.0
SHP00669,P016,S002,R001,2024-02-01,2024-02-03 07:32:59,,Cancelled,49.3,50.0,19.67,5.3,0,4,1.2999999999999998,1,Mild,19.7,,,3,High Risk,17,334.39
SHP00670,P009,S008,R016,2024-06-21,2024-06-24 18:30:24,2024-06-26 05:37:12,Delivered,114.2,200.0,8.03,-0.1,-1,2,0.0,0,,38.1,1.0,35.11333333333334,5,Critical Risk,150,1204.5
SHP00671,P020,S001,R012,2024-06-18,2024-06-19 22:40:31,2024-06-22 17:36:00,Delivered,71.0,150.0,23.51,3.3,0,4,0.0,0,,28.4,1.0,66.92472222222223,4,High Risk,52,1222.52
SHP00672,P009,S004,R012,2024-08-19,2024-08-21 05:06:54,2024-08-21 15:36:00,Delivered,63.6,200.0,8.03,-0.4,-1,2,0.0,0,,0.0,1.0,10.485,2,Medium Risk,20,160.6
SHP00673,P011,S008,R008,2024-11-06,2024-11-09 12:26:32,2024-11-10 22:41:24,Delivered,91.3,500.0,21.42,1.8,-1,2,0.0,0,,0.0,1.0,34.24777777777778,3,High Risk,175,3748.5
SHP00674,P013,S005,R020,2024-04-09,2024-04-15 07:29:33,2024-04-21 07:21:36,Delivered,184.6,500.0,3.35,-5.8,0,4,5.8,1,Severe,61.5,1.0,143.8675,7,Critical Risk,375,1256.25
SHP00675,P018,S008,R006,2024-08-16,2024-08-19 17:05:11,2024-08-21 13:12:00,Delivered,133.2,100.0,16.44,0.7,0,4,0.0,0,,0.0,1.0,44.11361111111111,2,Medium Risk,10,164.4
SHP00676,P011,S007,R025,2024-05-23,2024-05-28 08:28:44,2024-05-28 05:12:00,Delivered,125.2,150.0,21.42,9.1,-1,2,7.1,1,Severe,0.0,0.0,0.0,4,High Risk,52,1113.84
SHP00677,P003,S006,R028,2024-04-24,2024-04-27 02:50:17,,Cancelled,104.8,400.0,18.91,3.5,2,6,0.0,0,,52.4,,,3,High Risk,140,2647.4
SHP00678,P014,S004,R008,2024-05-12,2024-05-15 02:25:10,2024-05-14 20:42:00,Delivered,68.7,100.0,16.04,11.5,13,15,1.5,1,Mild,22.9,0.0,0.0,3,High Risk,35,561.4
SHP00679,P013,S010,R024,2024-01-01,2024-01-05 18:14:30,2024-01-05 16:12:00,Delivered,112.2,300.0,3.35,1.7,0,4,0.0,0,,0.0,0.0,0.0,0,Low Risk,0,0.0
SHP00680,P020,S010,R008,2024-02-24,2024-02-27 09:21:05,2024-02-27 13:54:00,In Transit,85.9,200.0,23.51,3.8,0,4,0.0,0,,28.6,1.0,4.548611111111111,2,Medium Risk,20,470.2
SHP00681,P010,S003,R024,2024-12-06,2024-12-10 23:19:36,2024-12-12 14:12:00,Delivered,158.2,100.0,3.9,-16.5,-18,-15,0.0,0,,39.6,1.0,38.873333333333335,5,Critical Risk,75,292.5
SHP00682,P007,S008,R010,2024-12-26,2024-12-29 11:10:35,2025-01-02 08:55:48,Delivered,136.1,200.0,12.06,2.9,0,4,0.0,0,,68.0,1.0,93.75361111111113,4,High Risk,70,844.2
SHP00683,P006,S008,R024,2024-07-19,2024-07-23 23:03:14,2024-07-26 09:55:12,Delivered,111.2,400.0,16.77,0.1,0,4,0.0,0,,22.2,1.0,58.86611111111111,2,Medium Risk,40,670.8
SHP00684,P012,S007,R013,2024-02-06,2024-02-12 06:48:23,2024-02-14 09:24:36,Delivered,183.1,400.0,18.65,3.4,0,4,0.0,0,,0.0,1.0,50.60361111111112,2,Medium Risk,40,746.0
SHP00685,P019,S001,R028,2024-12-29,2025-01-01 01:19:22,2025-01-01 05:52:48,Delivered,70.8,150.0,9.85,9.9,8,12,0.0,0,,0.0,1.0,4.557222222222222,0,Low Risk,0,0.0
SHP00686,P001,S006,R024,2024-10-21,2024-10-25 22:25:22,2024-10-26 02:35:24,Delivered,87.2,150.0,16.53,4.0,2,4,0.0,0,,0.0,1.0,4.167222222222223,1,Medium Risk,15,247.95
SHP00687,P016,S003,R002,2024-03-01,2024-03-02 00:07:13,2024-03-02 14:56:24,Delivered,35.4,400.0,19.67,15.6,0,4,11.6,1,Severe,0.0,1.0,14.819722222222222,4,High Risk,140,2753.8
SHP00688,P016,S005,R023,2024-11-01,2024-11-03 16:44:36,2024-11-04 21:42:00,Delivered,93.7,500.0,19.67,-2.0,0,4,2.0,1,Mild,18.7,1.0,28.956666666666667,3,High Risk,175,3442.25
SHP00689,P015,S006,R001,2024-03-02,2024-03-03 23:26:15,2024-03-03 23:51:00,Delivered,43.5,500.0,6.02,12.0,0,4,8.0,1,Severe,10.9,1.0,0.4125,5,Critical Risk,375,2257.5
SHP00690,P019,S003,R013,2024-09-04,2024-09-10 19:22:55,2024-09-13 23:42:00,Delivered,239.7,150.0,9.85,9.3,8,12,0.0,0,,0.0,1.0,76.31805555555556,2,Medium Risk,15,147.75
SHP00691,P018,S009,R026,2024-09-28,2024-09-30 21:55:05,2024-10-01 14:54:00,Delivered,79.0,200.0,16.44,-5.3,0,4,5.3,1,Severe,26.3,1.0,16.981944444444444,6,Critical Risk,150,2466.0
SHP00692,P020,S003,R001,2024-10-11,2024-10-13 01:18:33,2024-10-13 08:24:00,Delivered,56.4,100.0,23.51,2.6,0,4,0.0,0,,0.0,1.0,7.090833333333333,1,Medium Risk,10,235.1
SHP00693,P004,S009,R010,2024-07-05,2024-07-08 13:07:38,2024-07-17 11:12:00,In Transit,87.2,250.0,11.42,6.3,2,6,0.2999999999999998,1,Mild,0.0,1.0,214.0727777777778,4,High Risk,87,993.54
SHP00694,P016,S006,R017,2024-06-29,2024-07-02 02:27:17,2024-07-03 03:59:24,Delivered,90.9,150.0,19.67,4.2,0,4,0.2000000000000001,1,Mild,30.3,1.0,25.53527777777778,5,Critical Risk,112,2203.04
SHP00695,P020,S009,R007,2024-10-29,2024-11-03 05:45:04,2024-11-04 10:06:36,Delivered,140.1,400.0,23.51,1.0,0,4,0.0,0,,105.1,1.0,28.358888888888888,4,High Risk,140,3291.4
SHP00696,P003,S005,R022,2024-08-05,2024-08-09 21:57:35,,Cancelled,187.1,200.0,18.91,3.1,2,6,0.0,0,,31.2,,,1,Medium Risk,20,378.2
SHP00697,P017,S010,R006,2024-08-02,2024-08-05 14:15:47,2024-08-08 17:19:48,Delivered,124.1,200.0,21.86,3.9,0,4,0.0,0,,31.0,1.0,75.06694444444445,2,Medium Risk,20,437.2
SHP00698,P018,S007,R003,2024-06-17,2024-06-22 15:47:47,2024-06-24 06:18:00,Delivered,174.3,200.0,16.44,3.5,0,4,0.0,0,,58.1,1.0,38.50361111111111,4,High Risk,70,1150.8
SHP00699,P008,S007,R004,2024-03-04,2024-03-04 08:54:41,,Cancelled,7.7,250.0,19.33,7.2,0,4,3.2,1,Mild,0.0,,,1,Medium Risk,25,483.25
SHP00700,P002,S003,R011,2024-07-18,2024-07-20 17:53:42,2024-07-20 13:36:00,Delivered,56.0,400.0,6.75,1.3,2,4,0.7,1,Mild,14.0,0.0,0.0,4,High Risk,140,945.0
SHP00701,P017,S003,R022,2024-03-05,2024-03-10 08:11:19,2024-03-09 14:12:00,Delivered,110.2,300.0,21.86,15.8,0,4,11.8,1,Severe,0.0,0.0,0.0,3,High Risk,105,2295.3
SHP00702,P014,S008,R006,2024-08-12,2024-08-15 22:28:18,2024-08-17 15:18:00,Delivered,135.3,200.0,16.04,13.9,13,15,0.0,0,,0.0,1.0,40.82833333333333,2,Medium Risk,20,320.8
SHP00703,P014,S006,R028,2024-02-16,2024-02-18 17:28:55,,Cancelled,88.7,100.0,16.04,14.2,13,15,0.0,0,,17.7,,,0,Low Risk,0,0.0
SHP00704,P001,S007,R022,2024-09-17,2024-09-21 21:47:43,,Cancelled,186.3,100.0,16.53,-0.8,2,4,2.8,1,Mild,37.3,,,2,Medium Risk,10,165.3
SHP00705,P001,S007,R023,2024-09-30,2024-10-02 11:50:50,2024-10-03 20:17:24,Delivered,83.9,50.0,16.53,17.4,2,4,13.4,1,Severe,42.0,1.0,32.44277777777778,8,Critical Risk,37,611.61
SHP00706,P017,S004,R006,2024-02-08,2024-02-11 11:08:47,2024-02-11 21:06:00,Delivered,93.1,150.0,21.86,2.0,0,4,0.0,0,,31.0,1.0,9.953611111111112,3,High Risk,52,1136.72
SHP00707,P008,S009,R028,2024-03-01,2024-03-03 22:59:45,2024-03-03 22:00:00,Delivered,70.0,400.0,19.33,2.5,0,4,0.0,0,,23.3,0.0,0.0,2,Medium Risk,40,773.2
SHP00708,P017,S001,R015,2024-11-12,2024-11-13 10:09:54,2024-11-14 04:30:00,In Transit,52.5,200.0,21.86,1.2,0,4,0.0,0,,13.1,1.0,18.335,1,Medium Risk,20,437.2
SHP00709,P004,S007,R016,2024-04-11,2024-04-14 21:40:11,2024-04-14 05:12:00,Delivered,77.2,150.0,11.42,3.9,2,6,0.0,0,,15.4,0.0,0.0,1,Medium Risk,15,171.3
SHP00710,P013,S006,R010,2024-07-05,2024-07-08 13:18:37,2024-07-10 08:26:24,Delivered,98.8,500.0,3.35,1.8,0,4,0.0,0,,39.5,1.0,43.12972222222222,4,High Risk,175,586.25
SHP00711,P001,S006,R028,2024-12-29,2024-12-31 19:00:48,2024-12-31 17:00:00,Delivered,65.0,50.0,16.53,3.5,2,4,0.0,0,,65.0,0.0,0.0,3,High Risk,17,281.01
SHP00712,P009,S002,R014,2024-09-07,2024-09-11 07:46:53,2024-09-12 07:29:24,Delivered,115.9,400.0,8.03,1.3,-1,2,0.0,0,,19.3,1.0,23.70861111111111,2,Medium Risk,40,321.2
SHP00713,P013,S003,R004,2024-02-25,2024-02-25 07:55:54,2024-02-25 11:42:00,Delivered,11.7,50.0,3.35,2.7,0,4,0.0,0,,0.0,1.0,3.7683333333333335,0,Low Risk,0,0.0
SHP00714,P020,S001,R014,2024-09-02,2024-09-06 01:54:42,2024-09-07 05:27:00,Delivered,96.5,150.0,23.51,0.6,0,4,0.0,0,,24.1,1.0,27.53833333333333,2,Medium Risk,15,352.65
SHP00715,P008,S007,R007,2024-08-30,2024-09-04 23:19:01,2024-09-07 01:29:24,Delivered,175.9,150.0,19.33,0.7,0,4,0.0,0,,44.0,1.0,50.17305555555556,4,High Risk,52,1005.16
SHP00716,P009,S004,R005,2024-08-06,2024-08-09 05:03:57,2024-08-09 10:25:12,In Transit,63.4,200.0,8.03,0.6,-1,2,0.0,0,,0.0,1.0,5.354166666666667,1,Medium Risk,20,160.6
SHP00717,P017,S007,R021,2024-01-27,2024-01-30 05:39:52,2024-01-30 08:42:00,Delivered,80.7,300.0,21.86,1.7,0,4,0.0,0,,32.3,1.0,3.035555555555556,2,Medium Risk,30,655.8
SHP00718,P002,S006,R007,2024-05-26,2024-06-01 01:51:24,2024-06-01 07:48:00,Delivered,151.8,300.0,6.75,3.9,2,4,0.0,0,,25.3,1.0,5.943333333333333,1,Medium Risk,30,202.5
SHP00719,P001,S009,R025,2024-03-07,2024-03-12 20:53:17,2024-03-12 16:36:00,In Transit,136.6,250.0,16.53,-1.8,2,4,3.8,1,Mild,68.3,0.0,0.0,4,High Risk,87,1438.11
SHP00720,P004,S003,R021,2024-11-04,2024-11-07 10:34:27,,Cancelled,69.3,100.0,11.42,10.2,2,6,4.199999999999999,1,Mild,34.6,,,4,High Risk,35,399.7
SHP00721,P010,S008,R025,2024-04-13,2024-04-18 05:48:42,2024-04-19 13:24:00,In Transit,157.4,300.0,3.9,-15.9,-18,-15,0.0,0,,157.4,1.0,31.58833333333333,5,Critical Risk,225,877.5
SHP00722,P004,S007,R003,2024-09-04,2024-09-10 06:53:46,,Cancelled,150.8,150.0,11.42,4.4,2,6,0.0,0,,0.0,,,1,Medium Risk,15,171.3
SHP00723,P007,S007,R016,2024-12-16,2024-12-19 21:39:17,2024-12-20 13:06:00,Delivered,109.1,400.0,12.06,2.0,0,4,0.0,0,,0.0,1.0,15.445277777777775,1,Medium Risk,40,482.4
SHP00724,P001,S003,R019,2024-04-21,2024-04-22 13:26:10,2024-04-24 08:09:36,Delivered,50.1,250.0,16.53,3.0,2,4,0.0,0,,0.0,1.0,42.72388888888889,3,High Risk,87,1438.11
SHP00725,P009,S009,R004,2024-03-28,2024-03-28 08:35:40,2024-03-28 08:00:00,Delivered,8.0,250.0,8.03,1.8,-1,2,0.0,0,,2.0,0.0,0.0,3,High Risk,87,698.61
SHP00726,P002,S004,R027,2024-04-17,2024-04-17 10:11:58,,Cancelled,13.2,100.0,6.75,2.7,2,4,0.0,0,,6.6,,,3,High Risk,35,236.25
SHP00727,P005,S007,R020,2024-05-30,2024-06-04 09:35:16,2024-06-06 17:38:24,Delivered,142.8,150.0,13.38,9.8,0,4,5.800000000000001,1,Severe,47.6,1.0,56.05222222222222,7,Critical Risk,112,1498.56
SHP00728,P019,S002,R024,2024-12-18,2024-12-22 19:36:20,2024-12-25 21:16:48,Delivered,118.3,500.0,9.85,10.2,8,12,0.0,0,,0.0,1.0,73.67444444444445,2,Medium Risk,50,492.5
SHP00729,P013,S003,R015,2024-04-28,2024-04-29 12:50:24,2024-04-30 01:12:00,Delivered,49.2,500.0,3.35,2.0,0,4,0.0,0,,16.4,1.0,12.36,3,High Risk,175,586.25
SHP00730,P016,S003,R021,2024-05-24,2024-05-27 04:01:09,2024-05-26 15:12:00,In Transit,63.2,100.0,19.67,2.4,0,4,0.0,0,,12.6,0.0,0.0,0,Low Risk,0,0.0
SHP00731,P013,S002,R024,2024-09-26,2024-09-30 21:40:22,2024-09-30 01:18:00,Delivered,97.3,100.0,3.35,1.5,0,4,0.0,0,,0.0,0.0,0.0,0,Low Risk,0,0.0
SHP00732,P005,S004,R025,2024-02-12,2024-02-18 01:57:01,2024-02-17 23:06:36,Delivered,130.1,300.0,13.38,8.7,0,4,4.699999999999999,1,Mild,0.0,0.0,0.0,1,Medium Risk,30,401.4
SHP00733,P016,S010,R015,2024-03-24,2024-03-25 13:09:36,2024-03-25 13:12:00,Delivered,37.2,100.0,19.67,1.1,0,4,0.0,0,,12.4,1.0,0.04,2,Medium Risk,10,196.7
SHP00734,P010,S002,R017,2024-07-31,2024-08-03 08:08:18,2024-08-02 16:36:00,Delivered,64.6,250.0,3.9,-17.6,-18,-15,0.0,0,,0.0,0.0,0.0,1,Medium Risk,25,97.5
SHP00735,P004,S008,R006,2024-02-26,2024-03-01 01:09:43,2024-02-29 11:24:00,Delivered,83.4,300.0,11.42,3.3,2,6,0.0,0,,16.7,0.0,0.0,1,Medium Risk,30,342.6
SHP00736,P020,S003,R006,2024-08-07,2024-08-10 19:05:09,2024-08-11 18:37:12,Delivered,104.2,250.0,23.51,2.7,0,4,0.0,0,,20.8,1.0,23.534166666666668,1,Medium Risk,25,587.75
SHP00737,P004,S005,R016,2024-12-04,2024-12-07 17:14:26,2024-12-10 11:50:24,Delivered,97.4,150.0,11.42,1.2,2,6,0.8,1,Mild,32.5,1.0,66.59944444444444,6,Critical Risk,112,1279.04
SHP00738,P013,S008,R024,2024-09-01,2024-09-05 08:02:21,2024-09-07 11:18:00,In Transit,155.3,150.0,3.35,5.9,0,4,1.9000000000000004,1,Mild,0.0,1.0,51.26083333333333,3,High Risk,52,174.2
SHP00739,P016,S007,R016,2024-12-21,2024-12-24 23:13:31,,Cancelled,140.4,200.0,19.67,3.8,0,4,0.0,0,,35.1,,,2,Medium Risk,20,393.4
SHP00740,P018,S008,R018,2024-10-01,2024-10-02 05:08:51,2024-10-02 21:32:24,Delivered,41.4,200.0,16.44,2.3,0,4,0.0,0,,13.8,1.0,16.3925,3,High Risk,70,1150.8
SHP00741,P007,S001,R012,2024-10-12,2024-10-13 23:57:24,2024-10-14 09:54:00,Delivered,57.9,150.0,12.06,13.2,0,4,9.2,1,Severe,0.0,1.0,9.943333333333332,4,High Risk,52,627.12
SHP00742,P018,S007,R008,2024-04-17,2024-04-20 01:55:48,2024-04-21 16:30:00,Delivered,112.5,400.0,16.44,16.3,0,4,12.3,1,Severe,0.0,1.0,38.57,5,Critical Risk,300,4932.0
SHP00743,P012,S001,R023,2024-02-24,2024-02-26 09:48:17,2024-02-28 07:36:36,Delivered,79.7,300.0,18.65,10.3,0,4,6.300000000000001,1,Severe,39.8,1.0,45.805277777777775,7,Critical Risk,225,4196.25
SHP00744,P019,S007,R005,2024-04-03,2024-04-06 04:08:20,2024-04-06 19:30:00,Delivered,91.5,300.0,9.85,22.2,8,12,10.2,1,Severe,0.0,1.0,15.36111111111111,4,High Risk,105,1034.25
SHP00745,P010,S002,R005,2024-01-31,2024-02-03 02:27:27,2024-02-06 08:21:36,In Transit,117.2,400.0,3.9,-18.0,-18,-15,0.0,0,,58.6,1.0,77.9025,5,Critical Risk,300,1170.0
SHP00746,P009,S010,R017,2024-06-05,2024-06-08 01:13:28,2024-06-09 00:48:00,Delivered,96.8,400.0,8.03,0.875,-1,2,0.0,0,,0.0,1.0,23.57555555555556,2,Medium Risk,40,321.2
SHP00747,P013,S010,R002,2024-04-22,2024-04-23 00:53:25,2024-04-24 06:46:48,Delivered,24.9,500.0,3.35,0.3,0,4,0.0,0,,16.6,1.0,29.889722222222225,4,High Risk,175,586.25
SHP00748,P013,S003,R002,2024-07-09,2024-07-09 22:05:11,2024-07-10 05:24:00,Delivered,29.4,300.0,3.35,2.4,0,4,0.0,0,,0.0,1.0,7.313611111111111,1,Medium Risk,30,100.5
SHP00749,P004,S002,R007,2024-11-01,2024-11-07 01:53:16,,Cancelled,104.2,200.0,11.42,5.7,2,6,0.0,0,,17.4,,,1,Medium Risk,20,228.4
SHP00750,P019,S008,R002,2024-01-25,2024-01-26 01:25:51,2024-01-25 23:30:00,Delivered,23.5,400.0,9.85,9.1,8,12,0.0,0,,0.0,0.0,0.0,0,Low Risk,0,0.0
SHP00751,P012,S003,R023,2024-12-11,2024-12-13 13:48:05,2024-12-13 09:51:36,In Transit,52.6,150.0,18.65,3.2,0,4,0.0,0,,0.0,0.0,0.0,0,Low Risk,0,0.0
SHP00752,P002,S005,R006,2024-03-18,2024-03-21 10:13:03,2024-03-23 06:03:36,Delivered,114.6,200.0,6.75,12.1,2,4,8.1,1,Severe,38.2,1.0,43.8425,8,Critical Risk,150,1012.5
SHP00753,P006,S009,R017,2024-11-07,2024-11-10 08:23:38,2024-11-10 21:30:00,Delivered,93.5,400.0,16.77,6.2,0,4,2.2,1,Mild,23.4,1.0,13.106111111111112,4,High Risk,140,2347.8
SHP00754,P013,S004,R007,2024-11-08,2024-11-14 03:08:01,2024-11-15 14:16:12,Delivered,165.7,50.0,3.35,6.2,0,4,2.2,1,Mild,82.8,1.0,35.13638888888889,5,Critical Risk,37,123.95
SHP00755,P003,S008,R004,2024-08-20,2024-08-20 09:14:45,2024-08-20 08:30:00,Delivered,8.5,100.0,18.91,3.5,2,6,0.0,0,,0.0,0.0,0.0,1,Medium Risk,10,189.1
SHP00756,P009,S008,R009,2024-08-14,2024-08-16 04:36:17,,Cancelled,71.0,250.0,8.03,-0.9,-1,2,0.0,0,,0.0,,,1,Medium Risk,25,200.75
SHP00757,P005,S008,R012,2024-09-19,2024-09-21 07:59:38,2024-09-22 00:30:00,Delivered,72.5,50.0,13.38,-4.4,0,4,4.4,1,Mild,12.1,1.0,16.50611111111111,2,Medium Risk,5,66.9
SHP00758,P008,S009,R001,2024-03-20,2024-03-22 01:04:45,2024-03-23 00:12:00,Delivered,72.2,400.0,19.33,0.3,0,4,0.0,0,,18.0,1.0,23.120833333333334,1,Medium Risk,40,773.2
SHP00759,P015,S008,R021,2024-09-30,2024-10-03 08:41:28,2024-10-04 21:36:00,Delivered,117.6,400.0,6.02,-0.5,0,4,0.5,1,Mild,29.4,1.0,36.90888888888889,5,Critical Risk,300,1806.0
SHP00760,P011,S010,R016,2024-04-18,2024-04-21 20:59:30,2024-04-23 01:12:00,Delivered,121.2,500.0,21.42,-0.5,-1,2,0.0,0,,0.0,1.0,28.20833333333333,3,High Risk,175,3748.5
SHP00761,P002,S010,R025,2024-07-13,2024-07-18 22:36:48,2024-07-18 21:42:00,Delivered,109.0,50.0,6.75,3.1500000000000004,2,4,0.0,0,,0.0,0.0,0.0,1,Medium Risk,5,33.75
SHP00762,P014,S005,R009,2024-11-21,2024-11-23 04:37:07,,Cancelled,50.6,500.0,16.04,14.7,13,15,0.0,0,,0.0,,,0,Low Risk,0,0.0
SHP00763,P009,S003,R027,2024-01-28,2024-01-28 12:07:55,,Cancelled,9.4,400.0,8.03,4.1,-1,2,2.1,1,Mild,0.0,,,2,Medium Risk,40,321.2
SHP00764,P006,S007,R012,2024-12-20,2024-12-22 06:43:37,2024-12-22 19:52:12,Delivered,61.7,150.0,16.77,11.8,0,4,7.800000000000001,1,Severe,30.8,1.0,13.143055555555556,6,Critical Risk,112,1878.24
SHP00765,P011,S001,R005,2024-08-22,2024-08-25 09:44:01,2024-08-27 00:24:00,Delivered,120.4,50.0,21.42,-5.4,-1,2,4.4,1,Mild,30.1,1.0,38.66638888888889,6,Critical Risk,37,792.54
SHP00766,P019,S002,R002,2024-04-21,2024-04-21 22:03:17,2024-04-22 10:19:12,Delivered,31.2,200.0,9.85,3.3,8,12,4.7,1,Mild,7.8,1.0,12.265277777777778,4,High Risk,70,689.5
SHP00767,P001,S006,R027,2024-07-05,2024-07-05 12:07:17,2024-07-05 08:42:00,Delivered,8.7,500.0,16.53,16.3,2,4,12.3,1,Severe,1.7,0.0,0.0,4,High Risk,175,2892.75
SHP00768,P018,S007,R017,2024-06-20,2024-06-22 21:43:00,2024-06-22 15:00:00,Delivered,63.0,400.0,16.44,2.4,0,4,0.0,0,,12.6,0.0,0.0,0,Low Risk,0,0.0
SHP00769,P014,S005,R023,2024-11-13,2024-11-15 19:46:34,,Cancelled,92.9,100.0,16.04,14.7,13,15,0.0,0,,0.0,,,0,Low Risk,0,0.0
SHP00770,P004,S008,R024,2024-11-15,2024-11-19 07:45:04,2024-11-21 20:54:00,Delivered,164.9,250.0,11.42,2.1,2,6,0.0,0,,66.0,1.0,61.14888888888889,5,Critical Risk,187,2135.54
SHP00771,P015,S009,R013,2024-02-28,2024-03-05 12:23:45,2024-03-04 23:18:00,Delivered,143.3,400.0,6.02,18.2,0,4,14.2,1,Severe,47.8,0.0,0.0,5,Critical Risk,300,1806.0
SHP00772,P013,S001,R012,2024-04-24,2024-04-26 01:16:22,2024-04-26 17:07:12,Delivered,59.2,400.0,3.35,3.6,0,4,0.0,0,,0.0,1.0,15.84722222222222,1,Medium Risk,40,134.0
SHP00773,P014,S001,R001,2024-01-14,2024-01-16 01:53:40,2024-01-16 10:22:12,In Transit,44.9,400.0,16.04,9.0,13,15,4.0,1,Mild,18.0,1.0,8.475555555555555,4,High Risk,140,2245.6
SHP00774,P013,S001,R026,2024-10-22,2024-10-25 03:29:53,2024-10-25 03:54:00,Delivered,75.9,150.0,3.35,5.9,0,4,1.9000000000000004,1,Mild,0.0,1.0,0.4019444444444444,1,Medium Risk,15,50.25
SHP00775,P005,S009,R004,2024-11-19,2024-11-19 08:21:51,2024-11-19 13:23:24,Delivered,87.2,200.0,13.38,17.5,0,4,13.5,1,Severe,21.8,1.0,5.025833333333333,5,Critical Risk,150,2007.0
SHP00776,P001,S007,R001,2024-11-17,2024-11-18 23:44:21,2024-11-20 03:47:24,Delivered,68.9,400.0,16.53,3.9,2,4,0.0,0,,0.0,1.0,28.050833333333333,3,High Risk,140,2314.2
SHP00777,P015,S006,R006,2024-05-02,2024-05-05 12:39:08,2024-05-06 16:30:00,Delivered,112.5,400.0,6.02,-1.2,0,4,1.2,1,Mild,0.0,1.0,27.84777777777778,3,High Risk,140,842.8
SHP00778,P003,S003,R021,2024-01-12,2024-01-15 10:27:46,2024-01-16 05:24:00,Delivered,101.4,100.0,18.91,4.4,2,6,0.0,0,,0.0,1.0,18.93722222222222,2,Medium Risk,10,189.1
SHP00779,P003,S002,R016,2024-07-04,2024-07-07 16:13:07,2024-07-09 16:06:00,In Transit,136.1,100.0,18.91,8.9,2,6,2.9000000000000004,1,Mild,0.0,1.0,47.881388888888885,4,High Risk,35,661.85
SHP00780,P011,S008,R026,2024-03-23,2024-03-25 15:10:01,2024-03-25 14:36:00,Delivered,62.6,50.0,21.42,0.8,-1,2,0.0,0,,0.0,0.0,0.0,1,Medium Risk,5,107.1
SHP00781,P016,S010,R020,2024-10-06,2024-10-11 22:06:31,2024-10-10 12:24:00,Delivered,108.4,50.0,19.67,2.4,0,4,0.0,0,,54.2,0.0,0.0,2,Medium Risk,5,98.35
SHP00782,P012,S002,R007,2024-01-16,2024-01-21 08:06:13,2024-01-22 06:35:24,Delivered,136.9,500.0,18.65,12.4,0,4,8.4,1,Severe,0.0,1.0,22.48638888888889,4,High Risk,175,3263.75
SHP00783,P018,S005,R015,2024-09-10,2024-09-11 16:28:55,2024-09-12 17:16:48,Delivered,40.8,250.0,16.44,0.8,0,4,0.0,0,,20.4,1.0,24.79805555555556,4,High Risk,87,1430.28
SHP00784,P019,S005,R006,2024-04-15,2024-04-18 17:10:58,,Cancelled,133.1,300.0,9.85,11.0,8,12,0.0,0,,44.4,,,2,Medium Risk,30,295.5
SHP00785,P007,S010,R012,2024-07-10,2024-07-12 06:41:27,2024-07-13 02:30:00,Delivered,74.5,250.0,12.06,18.6,0,4,14.6,1,Severe,0.0,1.0,19.809166666666663,4,High Risk,87,1049.22
SHP00786,P017,S006,R013,2024-01-16,2024-01-22 22:34:02,2024-01-21 13:36:00,Delivered,133.6,200.0,21.86,1.0,0,4,0.0,0,,0.0,0.0,0.0,0,Low Risk,0,0.0
SHP00787,P011,S002,R001,2024-06-12,2024-06-14 05:13:42,2024-06-14 17:48:00,In Transit,65.8,200.0,21.42,-0.0,-1,2,0.0,0,,0.0,1.0,12.571666666666667,2,Medium Risk,20,428.4
SHP00788,P007,S009,R007,2024-02-22,2024-02-27 20:54:07,2024-03-03 17:26:24,In Transit,160.9,400.0,12.06,-2.6,0,4,2.6,1,Mild,53.6,1.0,116.53805555555556,5,Critical Risk,300,3618.0
SHP00789,P011,S004,R007,2024-01-26,2024-01-31 15:17:33,,Cancelled,185.9,150.0,21.42,-0.6,-1,2,0.0,0,,74.4,,,3,High Risk,52,1113.84
SHP00790,P019,S001,R010,2024-01-10,2024-01-14 00:58:00,,Cancelled,113.7,400.0,9.85,20.6,8,12,8.600000000000001,1,Severe,56.8,,,5,Critical Risk,300,2955.0
SHP00791,P002,S006,R021,2024-01-09,2024-01-12 02:58:12,2024-01-12 14:03:36,Delivered,66.2,400.0,6.75,8.5,2,4,4.5,1,Mild,0.0,1.0,11.09,3,High Risk,140,945.0
SHP00792,P002,S007,R010,2024-12-22,2024-12-25 18:41:32,2024-12-28 07:01:48,Delivered,137.3,100.0,6.75,17.6,2,4,13.6,1,Severe,0.0,1.0,60.33777777777778,6,Critical Risk,75,506.25
SHP00793,P005,S002,R011,2024-12-18,2024-12-20 11:01:09,2024-12-21 09:48:00,Delivered,81.8,50.0,13.38,-1.1,0,4,1.1,1,Mild,13.6,1.0,22.780833333333334,2,Medium Risk,5,66.9
SHP00794,P002,S002,R002,2024-06-04,2024-06-04 22:41:15,2024-06-04 21:07:12,Delivered,19.2,150.0,6.75,5.0,2,4,1.0,1,Mild,7.7,0.0,0.0,4,High Risk,52,351.0
SHP00795,P005,S010,R028,2024-07-30,2024-08-02 01:30:26,2024-08-02 16:48:00,Delivered,88.8,500.0,13.38,1.9,0,4,0.0,0,,88.8,1.0,15.292777777777776,3,High Risk,175,2341.5
SHP00796,P016,S004,R003,2024-05-15,2024-05-21 01:03:15,2024-05-22 19:36:00,Delivered,187.6,200.0,19.67,7.9,0,4,3.9,1,Mild,0.0,1.0,42.54583333333333,3,High Risk,70,1376.9
SHP00797,P002,S004,R001,2024-12-09,2024-12-11 06:13:07,2024-12-10 23:24:00,Delivered,47.4,300.0,6.75,2.4,2,4,0.0,0,,11.8,0.0,0.0,1,Medium Risk,30,202.5
SHP00798,P005,S009,R004,2024-03-07,2024-03-07 08:19:05,2024-03-07 17:22:48,Delivered,7.9,400.0,13.38,14.6,0,4,10.6,1,Severe,1.3,1.0,9.061944444444444,4,High Risk,140,1873.2
SHP00799,P010,S010,R021,2024-02-22,2024-02-25 15:03:21,2024-02-25 06:06:00,In Transit,71.0,150.0,3.9,-15.3,-18,-15,0.0,0,,0.0,0.0,0.0,1,Medium Risk,15,58.5
SHP00800,P015,S006,R009,2024-03-01,2024-03-03 03:59:54,2024-03-04 10:54:00,Delivered,82.9,300.0,6.02,2.0,0,4,0.0,0,,33.2,1.0,30.901666666666667,4,High Risk,105,632.1
SHP00801,P002,S007,R024,2024-08-04,2024-08-08 09:40:16,2024-08-08 06:12:00,Delivered,102.2,400.0,6.75,3.2,2,4,0.0,0,,0.0,0.0,0.0,1,Medium Risk,40,270.0
SHP00802,P004,S004,R004,2024-01-28,2024-01-28 08:39:44,2024-01-28 12:18:00,Delivered,12.3,400.0,11.42,3.1,2,6,0.0,0,,0.0,1.0,3.637777777777778,1,Medium Risk,40,456.8
SHP00803,P009,S008,R007,2024-03-28,2024-04-02 11:23:59,2024-04-04 16:06:00,Delivered,184.1,100.0,8.03,1.2,-1,2,0.0,0,,184.1,1.0,52.70027777777778,5,Critical Risk,75,602.25
SHP00804,P010,S004,R006,2024-06-10,2024-06-13 11:42:50,2024-06-14 18:30:00,Delivered,114.5,500.0,3.9,-15.1,-18,-15,0.0,0,,0.0,1.0,30.78611111111111,3,High Risk,175,682.5
SHP00805,P009,S002,R006,2024-12-13,2024-12-16 09:02:32,2024-12-17 23:54:00,Delivered,119.9,200.0,8.03,-1.0,-1,2,0.0,0,,0.0,1.0,38.85777777777778,3,High Risk,70,562.1
SHP00806,P019,S005,R027,2024-04-26,2024-04-26 10:33:20,2024-04-26 13:06:00,Delivered,13.1,300.0,9.85,9.2,8,12,0.0,0,,5.2,1.0,2.5444444444444443,2,Medium Risk,30,295.5
SHP00807,P018,S005,R022,2024-09-06,2024-09-11 05:33:56,2024-09-12 13:10:12,Delivered,120.9,500.0,16.44,1.3,0,4,0.0,0,,0.0,1.0,31.604444444444443,2,Medium Risk,50,822.0
SHP00808,P001,S003,R014,2024-04-22,2024-04-25 19:28:24,2024-04-27 04:06:00,Delivered,124.1,400.0,16.53,3.5,2,4,0.0,0,,31.0,1.0,32.626666666666665,3,High Risk,140,2314.2
SHP00809,P013,S002,R009,2024-11-16,2024-11-18 12:46:00,2024-11-19 00:12:00,Delivered,72.2,250.0,3.35,14.7,0,4,10.7,1,Severe,28.9,1.0,11.433333333333334,6,Critical Risk,187,626.45
SHP00810,P013,S010,R014,2024-05-21,2024-05-24 17:35:36,,Cancelled,97.9,400.0,3.35,2.4,0,4,0.0,0,,0.0,,,0,Low Risk,0,0.0
SHP00811,P012,S005,R004,2024-01-05,2024-01-05 08:50:30,2024-01-05 09:48:00,Delivered,9.8,150.0,18.65,3.9,0,4,0.0,0,,0.0,1.0,0.9583333333333334,0,Low Risk,0,0.0
SHP00812,P010,S001,R015,2024-01-21,2024-01-22 15:37:22,2024-01-22 10:36:00,Delivered,34.6,300.0,3.9,-18.0,-18,-15,0.0,0,,11.5,0.0,0.0,3,High Risk,105,409.5
SHP00813,P005,S006,R010,2024-09-14,2024-09-17 23:27:29,2024-09-18 19:12:00,Delivered,115.2,200.0,13.38,1.1,0,4,0.0,0,,0.0,1.0,19.74194444444445,1,Medium Risk,20,267.6
SHP00814,P002,S008,R012,2024-05-07,2024-05-09 04:54:02,,Cancelled,71.2,250.0,6.75,10.9,2,4,6.9,1,Severe,53.4,,,6,Critical Risk,187,1262.25
SHP00815,P019,S007,R022,2024-06-14,2024-06-18 21:51:42,2024-06-23 10:12:00,Delivered,174.0,200.0,9.85,9.7,8,12,0.0,0,,69.6,1.0,108.33833333333334,4,High Risk,70,689.5
SHP00816,P015,S009,R006,2024-07-11,2024-07-14 23:04:27,2024-07-16 01:24:00,In Transit,121.4,300.0,6.02,2.8,0,4,0.0,0,,0.0,1.0,26.32583333333333,2,Medium Risk,30,180.6
SHP00817,P014,S008,R001,2024-10-13,2024-10-15 05:42:53,2024-10-14 16:00:00,Delivered,40.0,200.0,16.04,14.8,13,15,0.0,0,,16.0,0.0,0.0,2,Medium Risk,20,320.8
SHP00818,P018,S010,R010,2024-01-28,2024-01-31 16:57:03,2024-02-02 01:24:00,Delivered,121.4,500.0,16.44,3.2,0,4,0.0,0,,0.0,1.0,32.44916666666666,2,Medium Risk,50,822.0
SHP00819,P004,S006,R020,2024-02-19,2024-02-24 23:17:11,,Cancelled,196.5,50.0,11.42,13.1,2,6,7.1,1,Severe,65.5,,,6,Critical Risk,37,422.54
SHP00820,P016,S003,R008,2024-12-11,2024-12-14 03:27:06,2024-12-15 14:59:24,Delivered,100.9,200.0,19.67,-1.2,0,4,1.2,1,Mild,0.0,1.0,35.538333333333334,3,High Risk,70,1376.9
SHP00821,P004,S009,R004,2024-05-06,2024-05-06 08:29:50,2024-05-06 10:08:24,In Transit,7.8,100.0,11.42,2.2,2,6,0.0,0,,2.6,1.0,1.6427777777777777,3,High Risk,35,399.7
SHP00822,P008,S009,R009,2024-11-09,2024-11-11 12:20:15,2024-11-12 07:31:48,Delivered,72.3,150.0,19.33,2.5,0,4,0.0,0,,0.0,1.0,19.1925,1,Medium Risk,15,289.95
SHP00823,P006,S009,R024,2024-12-24,2024-12-28 15:48:17,2024-12-29 12:24:00,Delivered,132.4,250.0,16.77,-3.0,0,4,3.0,1,Mild,0.0,1.0,20.595277777777778,2,Medium Risk,25,419.25
SHP00824,P015,S007,R027,2024-08-05,2024-08-05 10:48:18,2024-08-05 09:54:00,Delivered,9.9,50.0,6.02,2.3,0,4,0.0,0,,0.0,0.0,0.0,0,Low Risk,0,0.0
SHP00825,P002,S006,R005,2024-08-27,2024-08-30 09:05:38,2024-08-31 21:12:00,Delivered,117.2,200.0,6.75,3.0,2,4,0.0,0,,39.1,1.0,36.10611111111111,5,Critical Risk,150,1012.5
SHP00826,P017,S002,R006,2024-12-01,2024-12-04 20:02:42,2024-12-04 14:14:24,Delivered,78.4,150.0,21.86,3.4,0,4,0.0,0,,13.1,0.0,0.0,0,Low Risk,0,0.0
SHP00827,P013,S002,R027,2024-11-26,2024-11-26 12:15:46,2024-11-26 13:58:12,Delivered,12.7,250.0,3.35,2.8,0,4,0.0,0,,4.2,1.0,1.7072222222222222,2,Medium Risk,25,83.75
SHP00828,P019,S006,R019,2024-11-12,2024-11-13 13:53:53,2024-11-14 09:36:00,In Transit,57.6,500.0,9.85,16.0,8,12,4.0,1,Mild,28.8,1.0,19.701944444444443,4,High Risk,175,1723.75
SHP00829,P008,S004,R004,2024-03-30,2024-03-30 08:21:05,2024-03-31 00:38:24,Delivered,11.2,250.0,19.33,10.6,0,4,6.6,1,Severe,0.0,1.0,16.288611111111113,4,High Risk,87,1681.71
SHP00830,P012,S010,R021,2024-01-16,2024-01-19 06:28:03,2024-01-21 11:00:36,In Transit,119.1,200.0,18.65,4.0,0,4,0.0,0,,29.8,1.0,52.5425,4,High Risk,70,1305.5
SHP00831,P010,S004,R007,2024-03-23,2024-03-28 16:03:46,2024-03-31 00:16:12,Delivered,147.9,100.0,3.9,-17.9,-18,-15,0.0,0,,49.3,1.0,56.20722222222222,5,Critical Risk,75,292.5
SHP00832,P012,S007,R019,2024-10-06,2024-10-07 16:02:48,2024-10-08 16:34:12,Delivered,58.7,500.0,18.65,16.6,0,4,12.6,1,Severe,39.1,1.0,24.523333333333333,7,Critical Risk,375,6993.75
SHP00833,P016,S009,R012,2024-07-01,2024-07-03 04:07:53,,Cancelled,63.6,400.0,19.67,1.7,0,4,0.0,0,,10.6,,,0,Low Risk,0,0.0
SHP00834,P017,S005,R004,2024-03-01,2024-03-01 07:48:37,2024-03-01 09:48:00,Delivered,9.8,250.0,21.86,3.3,0,4,0.0,0,,0.0,1.0,1.9897222222222224,0,Low Risk,0,0.0
SHP00835,P012,S002,R028,2024-03-21,2024-03-23 17:27:22,2024-03-25 21:28:48,Delivered,106.8,250.0,18.65,18.4,0,4,14.4,1,Severe,0.0,1.0,52.02388888888889,5,Critical Risk,187,3487.55
SHP00836,P004,S010,R016,2024-05-14,2024-05-17 13:05:33,,Cancelled,117.7,50.0,11.42,5.6,2,6,0.0,0,,0.0,,,1,Medium Risk,5,57.1
SHP00837,P011,S001,R008,2024-09-09,2024-09-12 15:39:15,,Cancelled,66.0,100.0,21.42,-6.8,-1,2,5.8,1,Severe,13.2,,,4,High Risk,35,749.7
SHP00838,P003,S009,R016,2024-03-07,2024-03-10 13:15:39,2024-03-10 18:24:00,Delivered,90.4,400.0,18.91,4.6,2,6,0.0,0,,54.2,1.0,5.139166666666667,3,High Risk,140,2647.4
SHP00839,P002,S001,R025,2024-04-10,2024-04-15 23:56:29,2024-04-17 05:08:24,In Transit,157.4,400.0,6.75,-3.7,2,4,5.7,1,Severe,31.5,1.0,29.198611111111116,6,Critical Risk,300,2025.0
SHP00840,P018,S003,R004,2024-08-12,2024-08-12 08:43:41,2024-08-12 11:40:48,Delivered,7.3,50.0,16.44,1.4,0,4,0.0,0,,4.9,1.0,2.9519444444444445,2,Medium Risk,5,82.2
SHP00841,P008,S007,R024,2024-10-01,2024-10-06 02:49:04,2024-10-06 14:12:00,Delivered,134.2,150.0,19.33,-5.5,0,4,5.5,1,Severe,33.6,1.0,11.382222222222222,6,Critical Risk,112,2164.96
SHP00842,P012,S010,R021,2024-05-05,2024-05-08 03:30:19,2024-05-10 03:42:00,Delivered,123.7,200.0,18.65,-5.5,0,4,5.5,1,Severe,41.2,1.0,48.19472222222223,7,Critical Risk,150,2797.5
SHP00843,P008,S008,R023,2024-06-03,2024-06-05 18:16:13,2024-06-06 21:06:00,In Transit,93.1,100.0,19.33,-4.4,0,4,4.4,1,Mild,0.0,1.0,26.829722222222223,3,High Risk,35,676.55
SHP00844,P020,S008,R009,2024-02-10,2024-02-12 04:34:09,2024-02-14 17:57:36,Delivered,51.8,200.0,23.51,3.0,0,4,0.0,0,,0.0,1.0,61.39083333333333,2,Medium Risk,20,470.2
SHP00845,P005,S001,R008,2024-12-23,2024-12-26 12:49:35,2024-12-31 02:55:12,In Transit,88.6,250.0,13.38,3.3,0,4,0.0,0,,35.4,1.0,110.09361111111112,4,High Risk,87,1164.06
SHP00846,P003,S001,R009,2024-11-08,2024-11-10 03:17:48,2024-11-10 11:30:00,In Transit,59.5,400.0,18.91,2.9,2,6,0.0,0,,29.8,1.0,8.203333333333333,4,High Risk,140,2647.4
SHP00847,P010,S001,R018,2024-06-27,2024-06-28 08:07:48,,Cancelled,44.0,250.0,3.9,-15.5,-18,-15,0.0,0,,0.0,,,1,Medium Risk,25,97.5
SHP00848,P001,S006,R024,2024-11-14,2024-11-18 14:45:54,2024-11-19 14:58:12,Delivered,122.7,400.0,16.53,4.7,2,4,0.7000000000000002,1,Mild,49.1,1.0,24.205,6,Critical Risk,300,4959.0
SHP00849,P018,S008,R014,2024-10-20,2024-10-24 07:12:19,2024-10-25 08:36:00,Delivered,128.6,200.0,16.44,14.2,0,4,10.2,1,Severe,0.0,1.0,25.39472222222222,5,Critical Risk,150,2466.0
SHP00850,P009,S002,R008,2024-10-04,2024-10-07 09:51:21,,Cancelled,79.7,250.0,8.03,-0.2,-1,2,0.0,0,,26.6,,,3,High Risk,87,698.61
SHP00851,P010,S010,R022,2024-06-13,2024-06-18 14:56:21,2024-06-20 09:00:00,In Transit,177.0,50.0,3.9,-18.0,-18,-15,0.0,0,,29.5,1.0,42.060833333333335,3,High Risk,17,66.3
SHP00852,P018,S004,R014,2024-01-30,2024-02-02 18:18:45,2024-02-06 21:07:12,Delivered,118.2,500.0,16.44,3.8,0,4,0.0,0,,29.6,1.0,98.8075,4,High Risk,175,2877.0
SHP00853,P016,S003,R008,2024-11-18,2024-11-21 14:28:24,2024-11-21 07:31:48,In Transit,72.3,150.0,19.67,2.6,0,4,0.0,0,,0.0,0.0,0.0,0,Low Risk,0,0.0
SHP00854,P002,S009,R023,2024-04-26,2024-04-28 17:29:00,2024-04-28 02:48:00,Delivered,50.8,300.0,6.75,3.4,2,4,0.0,0,,0.0,0.0,0.0,1,Medium Risk,30,202.5
SHP00855,P012,S002,R003,2024-09-16,2024-09-21 19:43:59,2024-09-22 09:24:00,In Transit,153.4,400.0,18.65,1.5,0,4,0.0,0,,0.0,1.0,13.666944444444445,1,Medium Risk,40,746.0
SHP00856,P005,S001,R011,2024-11-06,2024-11-08 12:18:28,2024-11-09 12:48:00,Delivered,84.8,50.0,13.38,9.8,0,4,5.800000000000001,1,Severe,28.3,1.0,24.49222222222222,7,Critical Risk,37,495.06
SHP00857,P005,S010,R001,2024-02-24,2024-02-26 06:07:00,2024-02-26 14:42:00,In Transit,62.7,300.0,13.38,-2.5,0,4,2.5,1,Mild,0.0,1.0,8.583333333333334,2,Medium Risk,30,401.4
SHP00858,P002,S003,R013,2024-11-28,2024-12-04 00:38:32,2024-12-06 14:52:48,Delivered,129.3,400.0,6.75,3.0,2,4,0.0,0,,0.0,1.0,62.23777777777778,3,High Risk,140,945.0
SHP00859,P017,S001,R020,2024-08-29,2024-09-03 22:04:14,2024-09-05 10:54:00,Delivered,178.9,200.0,21.86,2.3,0,4,0.0,0,,89.4,1.0,36.82944444444445,4,High Risk,70,1530.2
SHP00860,P011,S002,R023,2024-05-03,2024-05-05 20:23:46,2024-05-05 21:18:00,Delivered,69.3,100.0,21.42,0.7,-1,2,0.0,0,,34.6,1.0,0.9038888888888889,3,High Risk,35,749.7
SHP00861,P008,S008,R026,2024-08-02,2024-08-05 02:01:03,2024-08-07 23:39:36,Delivered,65.3,400.0,19.33,12.2,0,4,8.2,1,Severe,0.0,1.0,69.6425,5,Critical Risk,300,5799.0
SHP00862,P009,S005,R011,2024-06-09,2024-06-11 13:10:47,2024-06-11 05:00:00,In Transit,53.0,200.0,8.03,0.5,-1,2,0.0,0,,0.0,0.0,0.0,1,Medium Risk,20,160.6
SHP00863,P004,S007,R009,2024-10-10,2024-10-12 08:08:53,2024-10-13 01:36:00,Delivered,73.6,50.0,11.42,19.5,2,6,13.5,1,Severe,0.0,1.0,17.451944444444443,5,Critical Risk,37,422.54
SHP00864,P017,S007,R014,2024-06-30,2024-07-04 05:51:27,,Cancelled,84.3,300.0,21.86,1.3,0,4,0.0,0,,84.3,,,2,Medium Risk,30,655.8
SHP00865,P002,S002,R024,2024-06-30,2024-07-05 01:06:02,2024-07-07 15:35:24,Delivered,166.9,150.0,6.75,8.5,2,4,4.5,1,Mild,0.0,1.0,62.489444444444445,4,High Risk,52,351.0
SHP00866,P017,S002,R005,2024-01-04,2024-01-07 07:42:59,2024-01-08 13:07:12,Delivered,99.2,250.0,21.86,1.8,0,4,0.0,0,,0.0,1.0,29.40361111111111,2,Medium Risk,25,546.5
SHP00867,P016,S006,R002,2024-10-15,2024-10-15 23:33:45,2024-10-16 03:06:00,Delivered,27.1,400.0,19.67,12.6,0,4,8.6,1,Severe,0.0,1.0,3.5375,3,High Risk,140,2753.8
SHP00868,P002,S004,R014,2024-09-22,2024-09-26 09:16:23,2024-09-25 23:36:00,In Transit,95.6,250.0,6.75,2.3,2,4,0.0,0,,0.0,0.0,0.0,1,Medium Risk,25,168.75
SHP00869,P006,S005,R009,2024-11-06,2024-11-08 13:02:19,2024-11-09 10:56:24,Delivered,75.4,150.0,16.77,0.8,0,4,0.0,0,,37.7,1.0,21.90138888888889,3,High Risk,52,872.04
SHP00870,P018,S009,R026,2024-04-09,2024-04-12 02:04:47,,Cancelled,53.4,400.0,16.44,3.8,0,4,0.0,0,,0.0,,,0,Low Risk,0,0.0
SHP00871,P015,S005,R004,2024-12-27,2024-12-27 07:55:18,2024-12-27 20:00:00,Delivered,12.5,150.0,6.02,0.3,0,4,0.0,0,,6.2,1.0,12.078333333333331,3,High Risk,52,313.04
SHP00872,P012,S002,R024,2024-04-23,2024-04-27 12:36:59,2024-04-29 03:48:00,Delivered,147.8,100.0,18.65,2.5,0,4,0.0,0,,98.5,1.0,39.18361111111111,4,High Risk,35,652.75
SHP00873,P002,S007,R004,2024-12-27,2024-12-27 08:14:35,,Cancelled,11.7,50.0,6.75,-3.8,2,4,5.8,1,Severe,0.0,,,4,High Risk,17,114.75
SHP00874,P008,S004,R009,2024-08-28,2024-08-30 11:50:55,2024-08-30 06:27:00,Delivered,49.5,100.0,19.33,0.8,0,4,0.0,0,,0.0,0.0,0.0,0,Low Risk,0,0.0
SHP00875,P001,S007,R003,2024-09-08,2024-09-13 11:41:56,2024-09-14 21:30:00,Delivered,165.5,400.0,16.53,2.5,2,4,0.0,0,,165.5,1.0,33.80111111111111,5,Critical Risk,300,4959.0
SHP00876,P016,S009,R022,2024-04-02,2024-04-07 14:46:22,2024-04-14 01:45:36,Delivered,181.1,300.0,19.67,7.8,0,4,3.8,1,Mild,0.0,1.0,154.9872222222222,3,High Risk,105,2065.35
SHP00877,P004,S005,R014,2024-08-16,2024-08-20 05:12:43,2024-08-20 03:06:00,In Transit,99.1,100.0,11.42,3.3,2,6,0.0,0,,39.6,0.0,0.0,3,High Risk,35,399.7
SHP00878,P016,S008,R020,2024-07-29,2024-08-03 08:49:29,2024-08-05 13:54:00,Delivered,181.9,400.0,19.67,3.4,0,4,0.0,0,,181.9,1.0,53.07527777777778,4,High Risk,140,2753.8
SHP00879,P011,S007,R013,2024-08-14,2024-08-20 06:08:14,2024-08-21 02:48:00,In Transit,170.8,50.0,21.42,-0.3,-1,2,0.0,0,,0.0,1.0,20.662777777777777,2,Medium Risk,5,107.1
SHP00880,P006,S009,R007,2024-11-16,2024-11-22 03:23:51,2024-11-21 05:57:00,Delivered,114.5,50.0,16.77,2.2,0,4,0.0,0,,22.9,0.0,0.0,0,Low Risk,0,0.0
SHP00881,P011,S006,R025,2024-10-10,2024-10-15 03:07:54,2024-10-14 13:06:00,Delivered,109.1,400.0,21.42,2.0,-1,2,0.0,0,,43.6,0.0,0.0,3,High Risk,140,2998.8
SHP00882,P006,S006,R011,2024-07-30,2024-08-01 17:01:56,2024-08-02 20:19:12,In Transit,57.7,100.0,16.77,0.1,0,4,0.0,0,,0.0,1.0,27.287777777777777,2,Medium Risk,10,167.7
SHP00883,P010,S005,R001,2024-04-27,2024-04-29 04:56:55,2024-04-29 15:30:00,Delivered,63.5,400.0,3.9,-21.7,-18,-15,3.6999999999999993,1,Mild,10.6,1.0,10.551388888888887,3,High Risk,140,546.0
SHP00884,P003,S002,R003,2024-09-15,2024-09-21 02:24:32,,Cancelled,183.0,150.0,18.91,5.3,2,6,0.0,0,,73.2,,,3,High Risk,52,983.32
SHP00885,P007,S010,R028,2024-06-08,2024-06-10 22:12:34,2024-06-12 10:35:24,Delivered,96.9,100.0,12.06,1.8,0,4,0.0,0,,0.0,1.0,36.38055555555555,2,Medium Risk,10,120.6
SHP00886,P013,S005,R014,2024-02-17,2024-02-21 00:25:24,2024-02-20 19:24:00,In Transit,91.4,200.0,3.35,2.8,0,4,0.0,0,,15.2,0.0,0.0,0,Low Risk,0,0.0
SHP00887,P012,S009,R023,2024-02-25,2024-02-27 15:50:44,2024-02-27 21:36:00,Delivered,69.6,100.0,18.65,6.9,0,4,2.9000000000000004,1,Mild,0.0,1.0,5.754444444444444,1,Medium Risk,10,186.5
SHP00888,P003,S002,R018,2024-03-27,2024-03-28 08:18:43,,Cancelled,27.4,500.0,18.91,3.6,2,6,0.0,0,,0.0,,,1,Medium Risk,50,945.5
SHP00889,P002,S008,R009,2024-07-29,2024-07-31 06:43:42,2024-07-31 08:24:00,Delivered,56.4,400.0,6.75,3.1,2,4,0.0,0,,0.0,1.0,1.6716666666666666,1,Medium Risk,40,270.0
SHP00890,P018,S008,R018,2024-09-12,2024-09-13 06:39:55,2024-09-13 05:48:00,In Transit,29.8,100.0,16.44,-0.8,0,4,0.8,1,Mild,14.9,0.0,0.0,3,High Risk,35,575.4
SHP00891,P013,S003,R025,2024-01-07,2024-01-12 21:03:51,2024-01-11 23:18:00,In Transit,119.3,50.0,3.35,3.9,0,4,0.0,0,,29.8,0.0,0.0,0,Low Risk,0,0.0
SHP00892,P017,S008,R005,2024-10-07,2024-10-10 02:06:05,,Cancelled,88.3,250.0,21.86,6.4,0,4,2.4000000000000004,1,Mild,44.2,,,3,High Risk,87,1901.82
SHP00893,P019,S003,R005,2024-05-28,2024-05-31 05:08:27,2024-06-01 08:23:24,Delivered,94.9,500.0,9.85,3.5,8,12,4.5,1,Mild,0.0,1.0,27.249166666666667,3,High Risk,175,1723.75
SHP00894,P005,S003,R017,2024-08-30,2024-09-02 01:07:13,2024-09-01 09:12:00,Delivered,57.2,250.0,13.38,3.9,0,4,0.0,0,,0.0,0.0,0.0,0,Low Risk,0,0.0
SHP00895,P018,S008,R011,2024-02-18,2024-02-20 13:53:37,2024-02-20 02:18:00,Delivered,50.3,200.0,16.44,2.2,0,4,0.0,0,,12.6,0.0,0.0,2,Medium Risk,20,328.8
SHP00896,P009,S005,R027,2024-08-06,2024-08-06 10:51:10,2024-08-06 14:57:36,Delivered,13.6,200.0,8.03,-0.2,-1,2,0.0,0,,4.5,1.0,4.107222222222222,3,High Risk,70,562.1
SHP00897,P007,S005,R006,2024-05-14,2024-05-17 11:02:02,2024-05-18 10:30:00,Delivered,106.5,250.0,12.06,1.5,0,4,0.0,0,,53.2,1.0,23.46611111111111,3,High Risk,87,1049.22
SHP00898,P016,S004,R006,2024-01-02,2024-01-06 01:43:03,2024-01-07 01:30:00,Delivered,121.5,50.0,19.67,5.0,0,4,1.0,1,Mild,0.0,1.0,23.7825,2,Medium Risk,5,98.35
SHP00899,P015,S007,R022,2024-08-29,2024-09-03 06:34:08,2024-09-03 08:00:00,Delivered,128.0,400.0,6.02,1.5,0,4,0.0,0,,0.0,1.0,1.431111111111111,0,Low Risk,0,0.0
SHP00900,P017,S006,R017,2024-02-10,2024-02-13 07:08:53,,Cancelled,106.6,150.0,21.86,17.5,0,4,13.5,1,Severe,26.6,,,3,High Risk,52,1136.72
SHP00901,P009,S002,R018,2024-08-10,2024-08-11 03:58:28,2024-08-12 00:45:00,Delivered,37.5,300.0,8.03,14.9,-1,2,12.9,1,Severe,0.0,1.0,20.77555555555556,5,Critical Risk,225,1806.75
SHP00902,P007,S007,R012,2024-04-01,2024-04-03 08:25:12,2024-04-04 03:54:00,Delivered,75.9,250.0,12.06,0.8,0,4,0.0,0,,0.0,1.0,19.48,1,Medium Risk,25,301.5
SHP00903,P017,S001,R020,2024-05-19,2024-05-24 15:27:21,2024-05-23 15:24:00,Delivered,111.4,250.0,21.86,2.8,0,4,0.0,0,,55.7,0.0,0.0,2,Medium Risk,25,546.5
SHP00904,P001,S008,R020,2024-11-19,2024-11-24 12:43:42,2024-11-26 04:28:48,Delivered,156.8,100.0,16.53,3.1,2,4,0.0,0,,0.0,1.0,39.751666666666665,3,High Risk,35,578.55
SHP00905,P005,S003,R028,2024-03-08,2024-03-11 03:45:25,,Cancelled,58.8,300.0,13.38,2.8,0,4,0.0,0,,58.8,,,2,Medium Risk,30,401.4
SHP00906,P007,S010,R024,2024-01-09,2024-01-13 19:59:40,2024-01-16 14:24:00,Delivered,114.0,300.0,12.06,11.5,0,4,7.5,1,Severe,114.0,1.0,66.40555555555555,7,Critical Risk,225,2713.5
SHP00907,P002,S002,R007,2024-09-13,2024-09-18 09:18:43,2024-09-17 22:18:00,Delivered,118.3,400.0,6.75,3.2,2,4,0.0,0,,0.0,0.0,0.0,1,Medium Risk,40,270.0
SHP00908,P001,S005,R009,2024-10-14,2024-10-16 06:46:01,2024-10-16 15:54:36,Delivered,58.1,100.0,16.53,-1.2,2,4,3.2,1,Mild,19.4,1.0,9.143055555555556,5,Critical Risk,75,1239.75
SHP00909,P006,S006,R019,2024-11-16,2024-11-17 19:23:53,2024-11-19 08:28:12,Delivered,61.9,100.0,16.77,1.5,0,4,0.0,0,,20.6,1.0,37.07194444444445,4,High Risk,35,586.95
SHP00910,P007,S003,R010,2024-01-28,2024-01-31 15:07:28,2024-01-31 23:24:00,Delivered,95.4,200.0,12.06,1.7,0,4,0.0,0,,47.7,1.0,8.275555555555556,3,High Risk,70,844.2
SHP00911,P010,S005,R023,2024-08-13,2024-08-15 14:47:28,2024-08-15 18:39:36,Delivered,60.6,500.0,3.9,-16.1,-18,-15,0.0,0,,0.0,1.0,3.868888888888889,1,Medium Risk,50,195.0
SHP00912,P002,S010,R013,2024-03-20,2024-03-26 04:38:16,2024-03-28 10:43:48,Delivered,184.3,250.0,6.75,3.6,2,4,0.0,0,,0.0,1.0,54.09222222222222,3,High Risk,87,587.25
SHP00913,P018,S005,R003,2024-09-19,2024-09-24 13:01:05,2024-09-26 20:24:00,In Transit,188.4,150.0,16.44,0.5,0,4,0.0,0,,62.8,1.0,55.38194444444444,4,High Risk,52,854.88
SHP00914,P012,S010,R013,2024-12-03,2024-12-08 23:20:24,2024-12-11 17:26:24,In Transit,190.4,50.0,18.65,3.5,0,4,0.0,0,,0.0,1.0,66.1,2,Medium Risk,5,93.25
SHP00915,P004,S003,R012,2024-06-05,2024-06-07 04:00:51,2024-06-07 11:24:36,In Transit,45.7,400.0,11.42,4.5,2,6,0.0,0,,15.2,1.0,7.395833333333333,4,High Risk,140,1598.8
SHP00916,P009,S006,R020,2024-06-21,2024-06-26 18:51:28,2024-06-27 15:54:00,Delivered,159.9,100.0,8.03,10.1,-1,2,8.1,1,Severe,0.0,1.0,21.04222222222222,5,Critical Risk,75,602.25
SHP00917,P013,S010,R001,2024-03-24,2024-03-26 07:13:47,,Cancelled,58.9,200.0,3.35,18.5,0,4,14.5,1,Severe,0.0,,,3,High Risk,70,234.5
SHP00918,P005,S006,R026,2024-01-28,2024-01-30 19:08:11,2024-02-02 15:58:48,Delivered,104.6,50.0,13.38,5.0,0,4,1.0,1,Mild,0.0,1.0,68.84361111111112,3,High Risk,17,227.46
SHP00919,P010,S005,R003,2024-04-04,2024-04-09 11:33:36,2024-04-09 11:18:00,Delivered,131.3,200.0,3.9,-15.9,-18,-15,0.0,0,,43.8,0.0,0.0,3,High Risk,70,273.0
SHP00920,P018,S007,R023,2024-04-18,2024-04-20 16:55:51,2024-04-22 23:12:36,Delivered,91.7,150.0,16.44,-5.4,0,4,5.4,1,Severe,61.1,1.0,54.27916666666667,7,Critical Risk,112,1841.28
SHP00921,P011,S005,R027,2024-12-11,2024-12-11 11:06:29,,Cancelled,14.9,50.0,21.42,0.5,-1,2,0.0,0,,2.5,,,1,Medium Risk,5,107.1
SHP00922,P008,S006,R012,2024-06-23,2024-06-24 22:39:38,2024-06-25 16:54:00,Delivered,59.0,200.0,19.33,0.3,0,4,0.0,0,,0.0,1.0,18.239444444444445,1,Medium Risk,20,386.6
SHP00923,P010,S007,R003,2024-06-22,2024-06-27 10:56:14,2024-06-28 03:00:00,In Transit,147.0,500.0,3.9,-16.0,-18,-15,0.0,0,,0.0,1.0,16.06277777777778,2,Medium Risk,50,195.0
SHP00924,P013,S009,R027,2024-02-24,2024-02-24 10:22:26,2024-02-24 13:51:36,Delivered,12.6,50.0,3.35,3.4,0,4,0.0,0,,3.2,1.0,3.486111111111111,2,Medium Risk,5,16.75
SHP00925,P013,S008,R001,2024-09-05,2024-09-07 04:46:28,2024-09-07 16:24:00,In Transit,64.4,100.0,3.35,1.7,0,4,0.0,0,,0.0,1.0,11.625555555555556,1,Medium Risk,10,33.5
SHP00926,P016,S006,R028,2024-09-30,2024-10-02 17:57:24,2024-10-04 11:00:00,Delivered,107.0,100.0,19.67,3.0,0,4,0.0,0,,0.0,1.0,41.04333333333334,2,Medium Risk,10,196.7
SHP00927,P019,S005,R007,2024-09-20,2024-09-25 21:11:42,2024-09-27 18:54:00,In Transit,186.9,100.0,9.85,9.1,8,12,0.0,0,,0.0,1.0,45.705,2,Medium Risk,10,98.5
SHP00928,P020,S006,R009,2024-08-05,2024-08-07 06:16:46,2024-08-08 02:45:00,In Transit,57.5,300.0,23.51,0.7,0,4,0.0,0,,19.2,1.0,20.47055555555556,3,High Risk,105,2468.55
SHP00929,P002,S010,R004,2024-07-01,2024-07-01 08:35:27,2024-07-01 11:18:00,Delivered,11.3,150.0,6.75,3.1,2,4,0.0,0,,0.0,1.0,2.7091666666666665,1,Medium Risk,15,101.25
SHP00930,P009,S006,R015,2024-12-18,2024-12-19 16:17:09,2024-12-21 01:36:00,Delivered,46.0,500.0,8.03,15.4,-1,2,13.4,1,Severe,27.6,1.0,33.314166666666665,8,Critical Risk,375,3011.25
SHP00931,P005,S010,R024,2024-11-22,2024-11-26 07:46:54,2024-11-28 11:06:00,Delivered,155.1,250.0,13.38,7.8,0,4,3.8,1,Mild,77.6,1.0,51.318333333333335,5,Critical Risk,187,2502.06
SHP00932,P009,S002,R027,2024-08-09,2024-08-09 11:54:01,2024-08-09 18:35:24,Delivered,16.9,200.0,8.03,0.95,-1,2,0.0,0,,0.0,1.0,6.689722222222223,2,Medium Risk,20,160.6
SHP00933,P016,S004,R025,2024-08-11,2024-08-16 19:32:35,2024-08-16 10:48:00,Delivered,130.8,400.0,19.67,0.2,0,4,0.0,0,,65.4,0.0,0.0,2,Medium Risk,40,786.8
SHP00934,P001,S007,R007,2024-01-10,2024-01-15 19:22:47,2024-01-17 15:42:00,Delivered,183.7,300.0,16.53,3.6,2,4,0.0,0,,0.0,1.0,44.320277777777775,3,High Risk,105,1735.65
SHP00935,P011,S004,R003,2024-11-09,2024-11-15 01:04:17,2024-11-16 09:50:24,In Transit,136.8,300.0,21.42,0.9,-1,2,0.0,0,,68.4,1.0,32.76861111111111,5,Critical Risk,225,4819.5
SHP00936,P001,S006,R011,2024-06-12,2024-06-14 13:36:19,2024-06-14 15:54:00,Delivered,63.9,400.0,16.53,8.2,2,4,4.199999999999999,1,Mild,12.8,1.0,2.294722222222222,2,Medium Risk,40,661.2
SHP00937,P019,S002,R021,2024-09-06,2024-09-09 06:50:28,2024-09-10 00:36:00,Delivered,96.6,250.0,9.85,9.2,8,12,0.0,0,,0.0,1.0,17.75888888888889,1,Medium Risk,25,246.25
SHP00938,P015,S001,R005,2024-11-15,2024-11-18 11:40:38,2024-11-19 12:34:12,In Transit,98.7,250.0,6.02,3.1,0,4,0.0,0,,98.7,1.0,24.892777777777777,4,High Risk,87,523.74
SHP00939,P013,S009,R005,2024-07-12,2024-07-15 15:11:12,2024-07-16 04:06:00,Delivered,100.1,250.0,3.35,4.0,0,4,0.0,0,,60.1,1.0,12.913333333333334,3,High Risk,87,291.45
SHP00940,P013,S009,R014,2024-06-29,2024-07-03 00:38:41,2024-07-05 00:06:00,Delivered,131.0,100.0,3.35,1.5,0,4,0.0,0,,0.0,1.0,47.45527777777778,2,Medium Risk,10,33.5
SHP00941,P011,S009,R018,2024-09-29,2024-09-30 07:50:26,2024-09-30 07:36:00,Delivered,31.6,500.0,21.42,1.5,-1,2,0.0,0,,0.0,0.0,0.0,1,Medium Risk,50,1071.0
SHP00942,P001,S009,R027,2024-06-20,2024-06-20 11:36:19,2024-06-20 16:36:36,In Transit,15.1,400.0,16.53,3.2,2,4,0.0,0,,3.0,1.0,5.004722222222222,1,Medium Risk,40,661.2
SHP00943,P001,S010,R008,2024-03-11,2024-03-14 08:48:51,2024-03-15 03:06:00,Delivered,99.1,50.0,16.53,2.8,2,4,0.0,0,,0.0,1.0,18.285833333333333,2,Medium Risk,5,82.65
SHP00944,P016,S002,R012,2024-01-12,2024-01-14 07:19:15,2024-01-15 03:21:00,Delivered,68.5,150.0,19.67,3.5,0,4,0.0,0,,22.8,1.0,20.029166666666665,3,High Risk,52,1022.84
SHP00945,P006,S008,R023,2024-04-12,2024-04-14 12:25:54,2024-04-16 05:26:24,In Transit,63.4,200.0,16.77,1.8,0,4,0.0,0,,10.6,1.0,41.00833333333333,2,Medium Risk,20,335.4
SHP00946,P006,S008,R017,2024-11-24,2024-11-27 03:46:37,2024-11-26 14:54:00,Delivered,62.9,500.0,16.77,11.4,0,4,7.4,1,Severe,0.0,0.0,0.0,3,High Risk,175,2934.75
SHP00947,P002,S007,R028,2024-09-23,2024-09-26 04:08:18,,Cancelled,108.3,100.0,6.75,2.5,2,4,0.0,0,,54.2,,,3,High Risk,35,236.25
SHP00948,P018,S001,R015,2024-09-03,2024-09-04 10:10:53,,Cancelled,52.0,400.0,16.44,-5.8,0,4,5.8,1,Severe,26.0,,,5,Critical Risk,300,4932.0
SHP00949,P015,S007,R026,2024-03-04,2024-03-07 02:16:23,2024-03-07 04:10:48,Delivered,58.6,150.0,6.02,3.2,0,4,0.0,0,,29.3,1.0,1.9069444444444448,2,Medium Risk,15,90.3
SHP00950,P008,S008,R007,2024-05-15,2024-05-20 18:59:19,2024-05-19 17:06:00,Delivered,113.1,200.0,19.33,14.4,0,4,10.4,1,Severe,0.0,0.0,0.0,3,High Risk,70,1353.1
SHP00951,P015,S006,R026,2024-08-18,2024-08-20 22:34:22,,Cancelled,90.2,200.0,6.02,5.7,0,4,1.7000000000000002,1,Mild,0.0,,,1,Medium Risk,20,120.4
SHP00952,P010,S005,R023,2024-03-22,2024-03-24 12:34:21,2024-03-25 10:36:36,Delivered,75.1,150.0,3.9,-10.2,-18,-15,4.800000000000001,1,Mild,0.0,1.0,22.0375,3,High Risk,52,202.8
SHP00953,P009,S004,R001,2024-04-18,2024-04-19 23:41:37,2024-04-20 13:42:00,Delivered,61.7,400.0,8.03,0.5,-1,2,0.0,0,,0.0,1.0,14.006388888888887,2,Medium Risk,40,321.2
SHP00954,P005,S010,R028,2024-09-13,2024-09-15 21:31:13,2024-09-16 20:41:24,In Transit,71.3,500.0,13.38,0.7,0,4,0.0,0,,23.8,1.0,23.169722222222223,3,High Risk,175,2341.5
SHP00955,P003,S006,R008,2024-06-07,2024-06-10 03:22:46,2024-06-10 09:37:12,Delivered,74.2,500.0,18.91,7.2,2,6,1.2000000000000002,1,Mild,18.6,1.0,6.240555555555556,5,Critical Risk,375,7091.25
SHP00956,P017,S004,R024,2024-04-13,2024-04-17 06:19:15,,Cancelled,116.7,250.0,21.86,14.6,0,4,10.6,1,Severe,0.0,,,3,High Risk,87,1901.82
SHP00957,P018,S002,R026,2024-01-29,2024-01-31 21:58:19,2024-02-01 04:48:00,Delivered,76.8,200.0,16.44,9.6,0,4,5.6,1,Severe,51.2,1.0,6.828055555555555,6,Critical Risk,150,2466.0
SHP00958,P002,S010,R009,2024-10-09,2024-10-11 11:05:15,2024-10-11 12:30:00,Delivered,55.0,150.0,6.75,18.2,2,4,14.2,1,Severe,0.0,1.0,1.4125,4,High Risk,52,351.0
SHP00959,P008,S010,R025,2024-10-24,2024-10-29 04:23:25,2024-11-03 02:33:36,Delivered,151.6,100.0,19.33,3.2,0,4,0.0,0,,0.0,1.0,118.16972222222222,2,Medium Risk,10,193.3
SHP00960,P016,S004,R004,2024-10-04,2024-10-04 08:41:59,2024-10-04 10:18:00,In Transit,10.3,100.0,19.67,1.7,0,4,0.0,0,,0.0,1.0,1.6002777777777777,0,Low Risk,0,0.0
SHP00961,P007,S010,R026,2024-11-21,2024-11-23 21:05:13,2024-11-24 13:42:00,In Transit,85.7,150.0,12.06,-3.0,0,4,3.0,1,Mild,0.0,1.0,16.613055555555555,2,Medium Risk,15,180.9
SHP00962,P010,S005,R028,2024-09-29,2024-10-01 20:10:35,2024-10-02 02:34:48,Delivered,67.8,150.0,3.9,-16.7,-18,-15,0.0,0,,33.9,1.0,6.403611111111111,4,High Risk,52,202.8
SHP00963,P017,S008,R016,2024-03-24,2024-03-28 02:02:56,,Cancelled,83.9,300.0,21.86,3.4,0,4,0.0,0,,0.0,,,0,Low Risk,0,0.0
SHP00964,P007,S002,R025,2024-04-28,2024-05-03 14:44:35,2024-05-03 04:30:00,Delivered,124.5,250.0,12.06,0.4,0,4,0.0,0,,24.9,0.0,0.0,0,Low Risk,0,0.0
SHP00965,P005,S006,R006,2024-04-08,2024-04-11 22:15:23,2024-04-14 12:23:24,In Transit,120.3,500.0,13.38,0.6,0,4,0.0,0,,30.1,1.0,62.13361111111111,4,High Risk,175,2341.5
SHP00966,P009,S004,R009,2024-08-29,2024-08-31 12:04:11,2024-09-01 11:12:00,In Transit,83.2,300.0,8.03,1.2,-1,2,0.0,0,,0.0,1.0,23.130277777777778,2,Medium Risk,30,240.9
SHP00967,P014,S001,R025,2024-07-25,2024-07-30 12:21:26,2024-07-29 23:07:48,Delivered,108.3,200.0,16.04,13.9,13,15,0.0,0,,0.0,0.0,0.0,0,Low Risk,0,0.0
SHP00968,P009,S005,R027,2024-07-10,2024-07-10 11:06:51,2024-07-10 08:48:00,In Transit,8.8,200.0,8.03,1.2,-1,2,0.0,0,,2.2,0.0,0.0,3,High Risk,70,562.1
SHP00969,P004,S002,R008,2024-03-23,2024-03-26 08:26:59,2024-03-26 17:45:36,In Transit,81.6,50.0,11.42,5.9,2,6,0.0,0,,0.0,1.0,9.310277777777776,2,Medium Risk,5,57.1
SHP00970,P016,S004,R009,2024-11-06,2024-11-08 03:43:55,2024-11-08 20:12:00,Delivered,68.2,500.0,19.67,2.2,0,4,0.0,0,,34.1,1.0,16.468055555555555,3,High Risk,175,3442.25
SHP00971,P003,S006,R025,2024-07-30,2024-08-05 00:17:30,,Cancelled,187.2,500.0,18.91,4.2,2,6,0.0,0,,62.4,,,3,High Risk,175,3309.25
SHP00972,P009,S009,R017,2024-05-29,2024-05-31 21:12:59,2024-06-03 04:24:36,Delivered,95.7,300.0,8.03,14.3,-1,2,12.3,1,Severe,23.9,1.0,55.19361111111111,6,Critical Risk,225,1806.75
SHP00973,P015,S004,R006,2024-06-13,2024-06-16 16:43:21,2024-06-17 04:00:00,Delivered,100.0,50.0,6.02,-4.5,0,4,4.5,1,Mild,20.0,1.0,11.2775,2,Medium Risk,5,30.1
SHP00974,P013,S008,R026,2024-01-25,2024-01-27 15:49:56,2024-02-02 21:50:24,Delivered,97.2,50.0,3.35,2.3,0,4,0.0,0,,0.0,1.0,150.0077777777778,2,Medium Risk,5,16.75
SHP00975,P016,S005,R019,2024-06-19,2024-06-20 19:08:39,2024-06-21 08:32:24,Delivered,51.4,150.0,19.67,2.3000000000000003,0,4,0.0,0,,0.0,1.0,13.395833333333334,1,Medium Risk,15,295.05
SHP00976,P015,S010,R021,2024-04-07,2024-04-10 13:22:05,2024-04-11 12:24:00,Delivered,108.4,150.0,6.02,1.8,0,4,0.0,0,,81.3,1.0,23.031944444444445,3,High Risk,52,313.04
SHP00977,P019,S006,R015,2024-09-27,2024-09-28 15:00:42,2024-09-30 08:57:36,Delivered,50.6,200.0,9.85,21.6,8,12,9.6,1,Severe,12.6,1.0,41.94833333333333,5,Critical Risk,150,1477.5
SHP00978,P011,S007,R005,2024-05-12,2024-05-15 11:03:22,,Cancelled,115.6,200.0,21.42,1.0,-1,2,0.0,0,,23.1,,,1,Medium Risk,20,428.4
SHP00979,P019,S003,R007,2024-03-16,2024-03-21 07:07:11,2024-03-21 04:24:00,Delivered,124.4,150.0,9.85,11.4,8,12,0.0,0,,62.2,0.0,0.0,2,Medium Risk,15,147.75
SHP00980,P011,S004,R022,2024-04-16,2024-04-20 22:26:34,2024-04-26 14:58:48,In Transit,115.9,300.0,21.42,1.8,-1,2,0.0,0,,0.0,1.0,136.53722222222223,3,High Risk,105,2249.1
SHP00981,P013,S001,R015,2024-04-16,2024-04-17 12:55:55,2024-04-17 15:12:00,Delivered,39.2,100.0,3.35,1.5,0,4,0.0,0,,0.0,1.0,2.268055555555556,0,Low Risk,0,0.0
SHP00982,P019,S009,R004,2024-03-24,2024-03-24 07:55:20,2024-03-24 11:24:00,Delivered,11.4,300.0,9.85,11.0,8,12,0.0,0,,0.0,1.0,3.477777777777778,0,Low Risk,0,0.0
SHP00983,P017,S006,R016,2024-05-10,2024-05-14 05:19:52,2024-05-14 11:24:00,Delivered,107.4,100.0,21.86,1.7,0,4,0.0,0,,26.8,1.0,6.068888888888889,1,Medium Risk,10,218.6
SHP00984,P014,S005,R008,2024-12-25,2024-12-28 10:58:16,2024-12-27 18:42:00,Delivered,66.7,250.0,16.04,14.9,13,15,0.0,0,,0.0,0.0,0.0,0,Low Risk,0,0.0
SHP00985,P008,S003,R019,2024-01-05,2024-01-06 14:35:31,2024-01-06 15:03:00,In Transit,35.5,250.0,19.33,8.8,0,4,4.800000000000001,1,Mild,0.0,1.0,0.4580555555555555,1,Medium Risk,25,483.25
SHP00986,P014,S003,R006,2024-09-22,2024-09-25 21:30:35,2024-09-29 06:04:12,Delivered,133.9,100.0,16.04,14.8,13,15,0.0,0,,0.0,1.0,80.56027777777778,2,Medium Risk,10,160.4
SHP00987,P010,S007,R021,2024-07-10,2024-07-13 05:36:05,2024-07-14 22:12:00,Delivered,118.2,50.0,3.9,-9.7,-18,-15,5.300000000000001,1,Severe,47.3,1.0,40.59861111111111,8,Critical Risk,37,144.3
SHP00988,P002,S009,R013,2024-11-02,2024-11-08 03:24:42,2024-11-10 14:30:00,Delivered,206.5,400.0,6.75,2.4,2,4,0.0,0,,0.0,1.0,59.08833333333333,3,High Risk,140,945.0
SHP00989,P015,S007,R028,2024-10-01,2024-10-04 04:04:01,2024-10-05 05:39:36,Delivered,78.2,250.0,6.02,1.9,0,4,0.0,0,,0.0,1.0,25.593055555555555,2,Medium Risk,25,150.5
SHP00990,P020,S002,R016,2024-09-09,2024-09-13 03:40:39,2024-09-14 04:30:00,Delivered,124.5,150.0,23.51,0.5,0,4,0.0,0,,20.8,1.0,24.8225,2,Medium Risk,15,352.65
SHP00991,P013,S005,R020,2024-02-23,2024-02-28 14:48:05,,Cancelled,134.8,500.0,3.35,2.8,0,4,0.0,0,,27.0,,,0,Low Risk,0,0.0
SHP00992,P009,S003,R011,2024-08-04,2024-08-06 10:03:26,2024-08-06 23:43:12,Delivered,65.2,400.0,8.03,14.7,-1,2,12.7,1,Severe,0.0,1.0,13.662777777777778,5,Critical Risk,300,2409.0
SHP00993,P001,S003,R021,2024-01-18,2024-01-21 05:10:42,,Cancelled,113.6,300.0,16.53,3.0,2,4,0.0,0,,0.0,,,1,Medium Risk,30,495.9
SHP00994,P007,S008,R020,2024-05-14,2024-05-19 11:13:12,2024-05-20 22:42:00,In Transit,166.7,150.0,12.06,-4.0,0,4,4.0,1,Mild,83.4,1.0,35.48,5,Critical Risk,112,1350.72
SHP00995,P015,S002,R022,2024-06-24,2024-06-29 00:50:36,2024-07-03 05:00:00,In Transit,170.0,150.0,6.02,0.1,0,4,0.0,0,,85.0,1.0,100.15666666666668,4,High Risk,52,313.04
SHP00996,P004,S009,R023,2024-05-31,2024-06-02 13:05:11,,Cancelled,54.0,150.0,11.42,5.8,2,6,0.0,0,,0.0,,,1,Medium Risk,15,171.3
SHP00997,P008,S001,R007,2024-06-30,2024-07-05 22:32:36,2024-07-07 05:01:48,Delivered,157.3,300.0,19.33,0.2,0,4,0.0,0,,78.6,1.0,30.486666666666668,4,High Risk,105,2029.65
SHP00998,P017,S003,R012,2024-03-22,2024-03-24 00:16:17,,Cancelled,43.2,150.0,21.86,3.4,0,4,0.0,0,,10.8,,,2,Medium Risk,15,327.9
SHP00999,P007,S005,R002,2024-07-24,2024-07-25 01:14:27,2024-07-26 03:02:24,Delivered,23.2,150.0,12.06,14.2,0,4,10.2,1,Severe,4.6,1.0,25.799166666666668,5,Critical Risk,112,1350.72
SHP01000,P009,S009,R022,2024-06-08,2024-06-13 12:11:16,2024-06-13 08:15:36,Delivered,116.6,150.0,8.03,1.3,-1,2,0.0,0,,0.0,0.0,0.0,1,Medium Risk,15,120.45
SHP01001,P008,S007,R026,2024-03-22,2024-03-24 20:13:15,2024-03-25 15:24:00,In Transit,87.4,250.0,19.33,9.8,0,4,5.800000000000001,1,Severe,43.7,1.0,19.179166666666667,6,Critical Risk,187,3614.71
SHP01002,P019,S003,R007,2024-08-15,2024-08-20 09:32:23,,Cancelled,117.8,100.0,9.85,10.1,8,12,0.0,0,,0.0,,,0,Low Risk,0,0.0
SHP01003,P015,S005,R027,2024-03-04,2024-03-04 11:30:22,2024-03-04 13:12:00,Delivered,13.2,300.0,6.02,16.8,0,4,12.8,1,Severe,2.6,1.0,1.693888888888889,3,High Risk,105,632.1
SHP01004,P009,S002,R021,2024-08-26,2024-08-29 04:06:17,2024-08-30 01:07:48,Delivered,88.3,250.0,8.03,12.4,-1,2,10.4,1,Severe,0.0,1.0,21.025277777777777,5,Critical Risk,187,1501.61
SHP01005,P020,S010,R028,2024-07-04,2024-07-07 03:58:22,2024-07-06 19:24:00,Delivered,67.4,100.0,23.51,4.3,0,4,0.2999999999999998,1,Mild,0.0,0.0,0.0,1,Medium Risk,10,235.1
SHP01006,P009,S005,R021,2024-09-17,2024-09-20 11:49:07,2024-09-20 10:12:00,In Transit,82.2,500.0,8.03,-1.0,-1,2,0.0,0,,0.0,0.0,0.0,1,Medium Risk,50,401.5
SHP01007,P014,S005,R004,2024-12-28,2024-12-28 08:42:48,2024-12-28 10:40:12,Delivered,9.7,400.0,16.04,14.7,13,15,0.0,0,,1.9,1.0,1.9566666666666668,0,Low Risk,0,0.0
SHP01008,P004,S010,R004,2024-03-01,2024-03-01 08:06:53,2024-03-01 14:04:48,In Transit,12.8,50.0,11.42,0.9,2,6,1.1,1,Mild,5.1,1.0,5.965277777777778,4,High Risk,17,194.14
SHP01009,P019,S009,R002,2024-07-23,2024-07-24 00:01:20,2024-07-24 18:07:12,Delivered,32.4,50.0,9.85,15.4,8,12,3.4000000000000004,1,Mild,0.0,1.0,18.09777777777778,2,Medium Risk,5,49.25
SHP01010,P014,S001,R024,2024-08-21,2024-08-25 11:02:30,2024-08-29 13:47:24,Delivered,158.3,200.0,16.04,14.9,13,15,0.0,0,,0.0,1.0,98.74833333333332,2,Medium Risk,20,320.8
SHP01011,P009,S003,R007,2024-10-12,2024-10-17 16:32:46,2024-10-19 14:36:00,Delivered,182.6,150.0,8.03,0.0,-1,2,0.0,0,,0.0,1.0,46.05388888888889,3,High Risk,52,417.56
SHP01012,P020,S009,R024,2024-04-26,2024-04-30 12:09:40,2024-05-03 12:19:12,In Transit,112.7,500.0,23.51,1.6,0,4,0.0,0,,37.6,1.0,72.1588888888889,4,High Risk,175,4114.25
SHP01013,P016,S006,R011,2024-08-12,2024-08-14 17:17:11,2024-08-20 05:46:48,Delivered,89.9,250.0,19.67,0.4,0,4,0.0,0,,0.0,1.0,132.4936111111111,2,Medium Risk,25,491.75
SHP01014,P010,S009,R018,2024-04-01,2024-04-02 06:54:47,2024-04-02 07:42:00,Delivered,31.7,400.0,3.9,-16.2,-18,-15,0.0,0,,0.0,1.0,0.7869444444444444,1,Medium Risk,40,156.0
SHP01015,P018,S006,R013,2024-03-09,2024-03-15 01:25:50,2024-03-30 02:39:36,Delivered,230.3,100.0,16.44,-4.2,0,4,4.2,1,Mild,115.2,1.0,361.2294444444444,5,Critical Risk,75,1233.0
SHP01016,P002,S004,R018,2024-03-20,2024-03-21 04:31:06,2024-03-21 13:54:00,Delivered,37.9,200.0,6.75,-2.5,2,4,4.5,1,Mild,0.0,1.0,9.381666666666666,3,High Risk,70,472.5
SHP01017,P010,S004,R001,2024-11-09,2024-11-11 02:31:23,,Cancelled,57.8,400.0,3.9,-16.65,-18,-15,0.0,0,,0.0,,,1,Medium Risk,40,156.0
SHP01018,P019,S007,R024,2024-05-13,2024-05-18 02:37:29,2024-05-20 21:55:48,Delivered,146.1,200.0,9.85,9.5,8,12,0.0,0,,29.2,1.0,67.30527777777777,2,Medium Risk,20,197.0
SHP01019,P005,S006,R028,2024-12-25,2024-12-27 23:44:39,2024-12-27 19:42:00,Delivered,67.7,500.0,13.38,2.533333333333333,0,4,0.0,0,,0.0,0.0,0.0,0,Low Risk,0,0.0
SHP01020,P020,S004,R024,2024-06-27,2024-07-01 19:24:58,2024-07-03 17:42:00,Delivered,147.0,250.0,23.51,5.425,0,4,1.4249999999999998,1,Mild,73.5,1.0,46.28388888888889,5,Critical Risk,187,4396.37
SHP01021,P015,S008,R019,2024-08-11,2024-08-12 21:12:00,2024-08-12 09:30:00,Delivered,33.5,300.0,6.02,2.6,0,4,0.0,0,,0.0,0.0,0.0,0,Low Risk,0,0.0
SHP01022,P012,S002,R024,2024-05-21,2024-05-26 01:53:07,2024-05-27 03:43:48,Delivered,134.3,150.0,18.65,8.2,0,4,4.199999999999999,1,Mild,44.8,1.0,25.844722222222224,5,Critical Risk,112,2088.8
SHP01023,P010,S009,R023,2024-12-11,2024-12-13 11:42:27,,Cancelled,62.5,300.0,3.9,-16.8,-18,-15,0.0,0,,0.0,,,1,Medium Risk,30,117.0
SHP01024,P012,S010,R004,2024-02-06,2024-02-06 08:35:18,2024-02-06 11:33:00,Delivered,10.5,150.0,18.65,7.6,0,4,3.6,1,Mild,2.6,1.0,2.9616666666666664,1,Medium Risk,15,279.75
SHP01025,P016,S002,R011,2024-02-15,2024-02-17 13:07:16,2024-02-17 09:05:24,Delivered,51.9,500.0,19.67,-3.7,0,4,3.7,1,Mild,0.0,0.0,0.0,1,Medium Risk,50,983.5
SHP01026,P010,S006,R006,2024-12-28,2024-12-31 13:10:03,2025-01-01 01:24:00,Delivered,97.4,300.0,3.9,-17.4,-18,-15,0.0,0,,97.4,1.0,12.2325,4,High Risk,105,409.5
SHP01027,P015,S002,R017,2024-05-11,2024-05-14 03:48:27,2024-05-16 07:09:36,Delivered,57.8,200.0,6.02,1.5,0,4,0.0,0,,9.6,1.0,51.3525,2,Medium Risk,20,120.4
SHP01028,P010,S001,R026,2024-10-17,2024-10-20 02:26:10,2024-10-24 14:36:00,Delivered,83.0,150.0,3.9,-16.1,-18,-15,0.0,0,,0.0,1.0,108.16388888888888,3,High Risk,52,202.8
SHP01029,P005,S010,R012,2024-10-20,2024-10-22 02:58:21,2024-10-22 12:03:36,Delivered,46.2,500.0,13.38,-1.1,0,4,1.1,1,Mild,15.4,1.0,9.0875,4,High Risk,175,2341.5
SHP01030,P004,S005,R010,2024-02-25,2024-02-28 13:16:47,2024-02-28 21:18:00,Delivered,93.3,150.0,11.42,16.5,2,6,10.5,1,Severe,0.0,1.0,8.020277777777778,5,Critical Risk,112,1279.04
SHP01031,P018,S007,R026,2024-08-17,2024-08-19 23:54:22,2024-08-21 07:12:00,In Transit,103.2,500.0,16.44,0.6,0,4,0.0,0,,0.0,1.0,31.29388888888889,2,Medium Risk,50,822.0
SHP01032,P002,S008,R026,2024-12-03,2024-12-06 02:10:00,,Cancelled,90.6,300.0,6.75,3.3,2,4,0.0,0,,0.0,,,1,Medium Risk,30,202.5
SHP01033,P018,S009,R013,2024-10-06,2024-10-12 06:47:32,2024-10-14 04:54:00,Delivered,196.9,400.0,16.44,7.8,0,4,3.8,1,Mild,32.8,1.0,46.10777777777778,3,High Risk,140,2301.6
SHP01034,P016,S002,R011,2024-10-14,2024-10-16 12:56:46,2024-10-16 22:24:00,Delivered,70.4,50.0,19.67,8.1,0,4,4.1,1,Mild,17.6,1.0,9.453888888888889,4,High Risk,17,334.39
SHP01035,P003,S005,R019,2024-10-19,2024-10-20 18:24:31,2024-10-21 05:21:00,Delivered,48.5,250.0,18.91,2.2,2,6,0.0,0,,0.0,1.0,10.94138888888889,2,Medium Risk,25,472.75
SHP01036,P002,S007,R024,2024-09-17,2024-09-21 09:25:57,2024-09-22 10:24:00,Delivered,130.4,150.0,6.75,-3.4,2,4,5.4,1,Severe,0.0,1.0,24.9675,6,Critical Risk,112,756.0
SHP01037,P007,S008,R007,2024-10-19,2024-10-24 02:50:27,2024-10-30 06:33:36,Delivered,169.1,200.0,12.06,2.8,0,4,0.0,0,,42.3,1.0,147.71916666666667,4,High Risk,70,844.2
SHP01038,P011,S003,R013,2024-04-26,2024-05-02 23:25:43,2024-05-02 20:24:00,In Transit,164.4,250.0,21.42,-0.3,-1,2,0.0,0,,0.0,0.0,0.0,1,Medium Risk,25,535.5
SHP01039,P010,S004,R021,2024-05-19,2024-05-22 01:39:23,2024-05-23 17:21:36,In Transit,87.2,200.0,3.9,-15.5,-18,-15,0.0,0,,29.1,1.0,39.70361111111111,5,Critical Risk,150,585.0
SHP01040,P001,S007,R002,2024-12-22,2024-12-22 21:47:32,2024-12-23 10:45:36,In Transit,31.6,150.0,16.53,2.2,2,4,0.0,0,,6.3,1.0,12.967777777777778,2,Medium Risk,15,247.95
SHP01041,P018,S006,R006,2024-05-11,2024-05-14 21:03:04,2024-05-17 02:31:12,Delivered,133.2,250.0,16.44,1.1,0,4,0.0,0,,79.9,1.0,53.46888888888889,4,High Risk,87,1430.28
SHP01042,P007,S002,R018,2024-09-11,2024-09-12 05:54:21,2024-09-12 03:18:00,Delivered,27.3,50.0,12.06,0.4,0,4,0.0,0,,10.9,0.0,0.0,2,Medium Risk,5,60.3
SHP01043,P003,S004,R014,2024-11-11,2024-11-15 06:37:55,2024-11-15 06:30:00,Delivered,102.5,200.0,18.91,-1.0,2,6,3.0,1,Mild,25.6,0.0,0.0,2,Medium Risk,20,378.2
SHP01044,P019,S001,R005,2024-06-23,2024-06-26 05:51:44,2024-06-27 19:48:00,Delivered,115.8,50.0,9.85,11.6,8,12,0.0,0,,0.0,1.0,37.937777777777775,2,Medium Risk,5,49.25
SHP01045,P017,S002,R008,2024-04-04,2024-04-07 06:14:16,2024-04-08 14:06:36,Delivered,100.1,200.0,21.86,1.8,0,4,0.0,0,,33.4,1.0,31.872222222222224,4,High Risk,70,1530.2
SHP01046,P005,S009,R011,2024-01-30,2024-02-01 09:06:26,2024-02-01 04:42:00,Delivered,52.7,300.0,13.38,2.9,0,4,0.0,0,,39.5,0.0,0.0,2,Medium Risk,30,401.4
SHP01047,P008,S001,R013,2024-01-02,2024-01-08 22:42:25,2024-01-12 03:29:24,Delivered,187.3,50.0,19.33,0.9,0,4,0.0,0,,0.0,1.0,76.78305555555555,2,Medium Risk,5,96.65
SHP01048,P016,S010,R021,2024-07-16,2024-07-19 11:01:50,2024-07-19 07:24:00,Delivered,79.4,300.0,19.67,-2.3,0,4,2.3,1,Mild,0.0,0.0,0.0,1,Medium Risk,30,590.1
SHP01049,P005,S008,R018,2024-07-03,2024-07-04 04:35:33,2024-07-04 06:34:48,Delivered,27.8,250.0,13.38,13.5,0,4,9.5,1,Severe,0.0,1.0,1.9875,3,High Risk,87,1164.06
SHP01050,P014,S005,R005,2024-01-22,2024-01-25 13:01:22,2024-01-25 18:54:00,In Transit,90.9,300.0,16.04,13.8,13,15,0.0,0,,0.0,1.0,5.877222222222223,0,Low Risk,0,0.0
SHP01051,P014,S008,R024,2024-08-19,2024-08-23 13:55:42,2024-08-24 03:36:00,Delivered,123.6,200.0,16.04,13.8,13,15,0.0,0,,41.2,1.0,13.671666666666669,3,High Risk,70,1122.8
SHP01052,P007,S010,R012,2024-08-25,2024-08-27 06:08:50,,Cancelled,60.8,150.0,12.06,0.9,0,4,0.0,0,,0.0,,,0,Low Risk,0,0.0
SHP01053,P010,S010,R014,2024-01-27,2024-01-30 23:08:22,2024-02-01 23:31:12,Delivered,89.7,500.0,3.9,-21.4,-18,-15,3.3999999999999986,1,Mild,44.8,1.0,48.38055555555555,6,Critical Risk,375,1462.5
SHP01054,P006,S005,R024,2024-12-14,2024-12-18 08:57:09,2024-12-19 13:48:00,Delivered,133.8,500.0,16.77,6.5,0,4,2.5,1,Mild,66.9,1.0,28.8475,5,Critical Risk,375,6288.75
SHP01055,P016,S006,R020,2024-11-09,2024-11-15 00:58:30,2024-11-15 21:00:00,Delivered,165.0,200.0,19.67,0.3,0,4,0.0,0,,41.2,1.0,20.025,1,Medium Risk,20,393.4
SHP01056,P011,S006,R007,2024-03-18,2024-03-23 10:22:01,2024-03-26 09:54:00,Delivered,201.9,500.0,21.42,-0.1,-1,2,0.0,0,,101.0,1.0,71.53305555555555,5,Critical Risk,375,8032.5
SHP01057,P010,S002,R026,2024-10-14,2024-10-17 02:43:03,,Cancelled,61.6,400.0,3.9,-15.3,-18,-15,0.0,0,,24.6,,,3,High Risk,140,546.0
SHP01058,P009,S004,R004,2024-12-05,2024-12-05 09:12:20,2024-12-05 12:42:00,Delivered,12.7,500.0,8.03,1.6,-1,2,0.0,0,,0.0,1.0,3.4944444444444445,1,Medium Risk,50,401.5
SHP01059,P019,S006,R015,2024-10-26,2024-10-27 12:56:08,2024-10-27 20:42:00,Delivered,44.7,300.0,9.85,10.7,8,12,0.0,0,,11.2,1.0,7.764444444444444,3,High Risk,105,1034.25
SHP01060,P003,S003,R005,2024-11-15,2024-11-18 08:05:09,2024-11-18 09:00:00,Delivered,81.0,200.0,18.91,4.25,2,6,0.0,0,,13.5,1.0,0.9141666666666668,1,Medium Risk,20,378.2
SHP01061,P003,S006,R020,2024-09-10,2024-09-16 08:03:49,,Cancelled,109.5,200.0,18.91,5.4,2,6,0.0,0,,21.9,,,1,Medium Risk,20,378.2
SHP01062,P001,S008,R011,2024-03-26,2024-03-28 11:10:01,2024-03-28 01:54:00,Delivered,49.9,50.0,16.53,2.9,2,4,0.0,0,,0.0,0.0,0.0,1,Medium Risk,5,82.65
SHP01063,P003,S006,R018,2024-01-17,2024-01-18 08:31:02,2024-01-18 04:16:12,Delivered,25.7,500.0,18.91,8.3,2,6,2.3000000000000007,1,Mild,0.0,0.0,0.0,2,Medium Risk,50,945.5
SHP01064,P009,S007,R011,2024-07-06,2024-07-08 18:27:32,,Cancelled,85.5,300.0,8.03,0.0,-1,2,0.0,0,,42.8,,,3,High Risk,105,843.15
SHP01065,P010,S005,R003,2024-08-18,2024-08-23 08:24:43,2024-08-27 08:17:24,Delivered,203.9,100.0,3.9,-16.5,-18,-15,0.0,0,,135.9,1.0,95.87805555555556,5,Critical Risk,75,292.5
SHP01066,P004,S004,R003,2024-03-31,2024-04-05 10:15:01,2024-04-07 21:40:12,Delivered,145.9,50.0,11.42,-3.9,2,6,5.9,1,Severe,0.0,1.0,59.41972222222222,6,Critical Risk,37,422.54
SHP01067,P020,S002,R005,2024-10-25,2024-10-28 15:31:27,2024-10-29 05:18:00,Delivered,101.3,100.0,23.51,17.1,0,4,13.1,1,Severe,50.6,1.0,13.775833333333331,6,Critical Risk,75,1763.25
SHP01068,P007,S002,R006,2024-02-16,2024-02-19 10:26:09,,Cancelled,117.0,400.0,12.06,8.3,0,4,4.300000000000001,1,Mild,23.4,,,1,Medium Risk,40,482.4
SHP01069,P007,S008,R020,2024-12-27,2025-01-01 15:48:33,2025-01-01 20:41:24,Delivered,127.9,150.0,12.06,10.6,0,4,6.6,1,Severe,0.0,1.0,4.880833333333333,3,High Risk,52,627.12
SHP01070,P007,S005,R005,2024-10-04,2024-10-07 04:54:20,2024-10-08 02:06:00,Delivered,98.1,200.0,12.06,9.1,0,4,5.1,1,Severe,24.5,1.0,21.194444444444443,4,High Risk,70,844.2
SHP01071,P010,S010,R014,2024-09-16,2024-09-19 20:54:23,2024-09-21 02:42:00,Delivered,122.7,50.0,3.9,-17.3,-18,-15,0.0,0,,24.5,1.0,29.79361111111111,3,High Risk,17,66.3
SHP01072,P006,S002,R002,2024-02-02,2024-02-03 01:14:55,2024-02-03 02:42:00,Delivered,26.7,200.0,16.77,8.0,0,4,4.0,1,Mild,0.0,1.0,1.4513888888888888,1,Medium Risk,20,335.4
SHP01073,P012,S010,R022,2024-02-03,2024-02-08 12:02:08,2024-02-09 07:18:00,In Transit,151.3,300.0,18.65,3.2,0,4,0.0,0,,0.0,1.0,19.264444444444443,1,Medium Risk,30,559.5
SHP01074,P007,S004,R019,2024-03-28,2024-03-29 16:08:33,2024-03-29 08:48:00,In Transit,32.8,400.0,12.06,3.7,0,4,0.0,0,,0.0,0.0,0.0,0,Low Risk,0,0.0
SHP01075,P005,S007,R014,2024-01-13,2024-01-17 07:33:56,2024-01-18 20:06:00,Delivered,140.1,200.0,13.38,11.3,0,4,7.300000000000001,1,Severe,28.0,1.0,36.534444444444446,5,Critical Risk,150,2007.0
SHP01076,P006,S004,R004,2024-01-09,2024-01-09 07:58:13,,Cancelled,9.1,250.0,16.77,1.6,0,4,0.0,0,,0.0,,,0,Low Risk,0,0.0
SHP01077,P007,S008,R020,2024-09-12,2024-09-18 09:34:51,2024-09-18 10:30:00,Delivered,154.5,100.0,12.06,10.5,0,4,6.5,1,Severe,25.8,1.0,0.9191666666666668,3,High Risk,35,422.1
SHP01078,P020,S005,R005,2024-04-30,2024-05-03 09:39:09,2024-05-03 22:36:00,Delivered,94.6,150.0,23.51,3.8,0,4,0.0,0,,0.0,1.0,12.9475,1,Medium Risk,15,352.65
SHP01079,P014,S010,R004,2024-11-02,2024-11-02 08:11:06,2024-11-02 08:01:48,In Transit,7.3,500.0,16.04,9.2,13,15,3.8000000000000007,1,Mild,4.9,0.0,0.0,3,High Risk,175,2807.0
SHP01080,P008,S004,R011,2024-12-18,2024-12-20 18:40:31,,Cancelled,58.5,250.0,19.33,18.8,0,4,14.8,1,Severe,0.0,,,3,High Risk,87,1681.71
SHP01081,P007,S003,R011,2024-11-19,2024-11-21 19:08:38,2024-11-22 10:03:36,In Transit,74.6,200.0,12.06,3.3,0,4,0.0,0,,0.0,1.0,14.91611111111111,1,Medium Risk,20,241.2
SHP01082,P011,S009,R004,2024-07-15,2024-07-15 08:44:27,2024-07-15 11:24:00,In Transit,11.4,250.0,21.42,0.8,-1,2,0.0,0,,0.0,1.0,2.6591666666666667,1,Medium Risk,25,535.5
SHP01083,P009,S003,R012,2024-01-31,2024-02-02 00:50:17,2024-02-02 09:54:00,Delivered,57.9,150.0,8.03,0.9,-1,2,0.0,0,,0.0,1.0,9.061944444444444,2,Medium Risk,15,120.45
SHP01084,P011,S010,R018,2024-04-12,2024-04-13 06:37:49,2024-04-15 19:04:48,Delivered,41.4,50.0,21.42,-0.6,-1,2,0.0,0,,0.0,1.0,60.44972222222222,3,High Risk,17,364.14
SHP01085,P017,S005,R008,2024-07-11,2024-07-14 13:39:48,2024-07-14 15:36:00,Delivered,87.6,50.0,21.86,0.6,0,4,0.0,0,,14.6,1.0,1.9366666666666668,0,Low Risk,0,0.0
SHP01086,P003,S006,R015,2024-03-16,2024-03-17 12:28:17,2024-03-17 17:06:00,Delivered,41.1,250.0,18.91,3.3,2,6,0.0,0,,10.3,1.0,4.628611111111111,3,High Risk,87,1645.17
SHP01087,P015,S005,R006,2024-10-27,2024-10-31 01:09:21,2024-10-30 04:54:00,Delivered,76.9,300.0,6.02,15.0,0,4,11.0,1,Severe,0.0,0.0,0.0,3,High Risk,105,632.1
SHP01088,P001,S007,R021,2024-06-14,2024-06-17 06:33:07,2024-06-18 16:19:12,Delivered,86.4,50.0,16.53,2.6,2,4,0.0,0,,17.3,1.0,33.76805555555556,3,High Risk,17,281.01
SHP01089,P005,S008,R003,2024-02-04,2024-02-09 08:52:33,2024-02-09 01:06:00,In Transit,121.1,300.0,13.38,6.2,0,4,2.2,1,Mild,40.4,0.0,0.0,3,High Risk,105,1404.9
SHP01090,P003,S008,R013,2024-10-06,2024-10-12 10:48:04,2024-10-12 21:29:24,Delivered,127.3,200.0,18.91,-3.5,2,6,5.5,1,Severe,0.0,1.0,10.688888888888888,5,Critical Risk,150,2836.5
SHP01091,P009,S004,R008,2024-01-29,2024-02-01 09:38:59,2024-02-02 05:12:00,Delivered,101.2,200.0,8.03,2.3,-1,2,0.2999999999999998,1,Mild,25.3,1.0,19.55027777777778,5,Critical Risk,150,1204.5
SHP01092,P005,S009,R011,2024-06-14,2024-06-16 15:51:29,2024-06-16 17:48:00,Delivered,65.8,50.0,13.38,1.2,0,4,0.0,0,,0.0,1.0,1.9419444444444445,0,Low Risk,0,0.0
SHP01093,P003,S001,R007,2024-10-28,2024-11-02 08:21:18,2024-11-01 10:48:00,Delivered,106.8,300.0,18.91,2.3,2,6,0.0,0,,26.7,0.0,0.0,3,High Risk,105,1985.55
SHP01094,P005,S009,R001,2024-11-17,2024-11-19 00:59:21,2024-11-20 02:41:24,Delivered,67.9,200.0,13.38,0.6,0,4,0.0,0,,45.3,1.0,25.70083333333333,4,High Risk,70,936.6
SHP01095,P011,S005,R013,2024-03-02,2024-03-08 11:51:31,2024-03-10 05:48:00,Delivered,197.8,400.0,21.42,14.0,-1,2,12.0,1,Severe,0.0,1.0,41.94138888888889,6,Critical Risk,300,6426.0
SHP01096,P004,S004,R007,2024-10-18,2024-10-23 10:08:10,2024-10-26 04:54:00,Delivered,179.0,250.0,11.42,4.4,2,6,0.0,0,,59.7,1.0,66.76388888888889,5,Critical Risk,187,2135.54
SHP01097,P008,S010,R027,2024-05-09,2024-05-09 10:14:52,2024-05-09 10:24:00,In Transit,10.4,400.0,19.33,-4.8,0,4,4.8,1,Mild,2.1,1.0,0.1522222222222222,1,Medium Risk,40,773.2
SHP01098,P020,S003,R016,2024-09-02,2024-09-05 17:35:43,2024-09-12 04:25:12,Delivered,111.1,100.0,23.51,12.2,0,4,8.2,1,Severe,0.0,1.0,154.82472222222222,5,Critical Risk,75,1763.25
SHP01099,P001,S005,R001,2024-06-04,2024-06-06 05:20:41,2024-06-09 03:51:36,Delivered,56.3,200.0,16.53,2.7,2,4,0.0,0,,0.0,1.0,70.51527777777778,3,High Risk,70,1157.1
SHP01100,P003,S005,R014,2024-11-30,2024-12-04 07:13:56,2024-12-05 02:24:00,Delivered,76.5,200.0,18.91,3.1,2,6,0.0,0,,0.0,1.0,19.16777777777778,2,Medium Risk,20,378.2
SHP01101,P001,S008,R006,2024-01-08,2024-01-11 21:13:03,2024-01-11 03:48:00,Delivered,75.8,250.0,16.53,16.3,2,4,12.3,1,Severe,30.3,0.0,0.0,6,Critical Risk,187,3091.11
SHP01102,P003,S003,R007,2024-02-03,2024-02-08 12:10:04,,Cancelled,144.1,150.0,18.91,3.9,2,6,0.0,0,,0.0,,,1,Medium Risk,15,283.65
SHP01103,P003,S005,R023,2024-05-24,2024-05-26 11:20:59,2024-05-27 10:24:00,Delivered,82.4,500.0,18.91,-2.9,2,6,4.9,1,Mild,82.4,1.0,23.05027777777778,5,Critical Risk,375,7091.25
SHP01104,P019,S007,R018,2024-12-25,2024-12-26 04:16:42,2024-12-26 19:56:24,In Transit,33.8,300.0,9.85,9.5,8,12,0.0,0,,16.9,1.0,15.661666666666669,3,High Risk,105,1034.25
SHP01105,P012,S006,R024,2024-10-09,2024-10-13 12:28:45,2024-10-15 00:58:48,Delivered,131.8,300.0,18.65,2.3,0,4,0.0,0,,22.0,1.0,36.50083333333333,2,Medium Risk,30,559.5
SHP01106,P005,S008,R022,2024-10-04,2024-10-09 17:40:56,2024-10-09 15:48:00,In Transit,135.8,300.0,13.38,0.6,0,4,0.0,0,,27.2,0.0,0.0,0,Low Risk,0,0.0
SHP01107,P006,S001,R011,2024-09-16,2024-09-18 19:59:23,,Cancelled,91.0,150.0,16.77,2.5,0,4,0.0,0,,15.2,,,0,Low Risk,0,0.0
SHP01108,P007,S007,R003,2024-08-02,2024-08-08 08:28:04,2024-08-10 07:48:00,Delivered,199.8,250.0,12.06,2.3,0,4,0.0,0,,40.0,1.0,47.33222222222222,2,Medium Risk,25,301.5
SHP01109,P008,S006,R016,2024-02-29,2024-03-04 03:24:06,2024-03-03 22:18:00,Delivered,94.3,400.0,19.33,14.7,0,4,10.7,1,Severe,0.0,0.0,0.0,3,High Risk,140,2706.2
SHP01110,P004,S004,R021,2024-11-25,2024-11-28 14:24:30,2024-12-01 00:00:00,Delivered,90.0,100.0,11.42,2.0,2,6,0.0,0,,90.0,1.0,57.59166666666667,5,Critical Risk,75,856.5
SHP01111,P010,S004,R025,2024-07-26,2024-07-31 07:14:15,2024-08-01 03:04:12,Delivered,133.7,50.0,3.9,-7.3,-18,-15,7.7,1,Severe,66.8,1.0,19.8325,7,Critical Risk,37,144.3
SHP01112,P003,S002,R009,2024-08-19,2024-08-21 07:37:57,2024-08-22 11:54:00,Delivered,83.9,250.0,18.91,4.8,2,6,0.0,0,,0.0,1.0,28.2675,3,High Risk,87,1645.17
SHP01113,P014,S010,R019,2024-09-01,2024-09-02 18:02:03,2024-09-03 08:39:00,Delivered,51.5,300.0,16.04,14.116666666666667,13,15,0.0,0,,0.0,1.0,14.615833333333333,1,Medium Risk,30,481.2
SHP01114,P013,S009,R025,2024-02-20,2024-02-25 16:55:58,2024-02-29 17:36:00,In Transit,146.0,50.0,3.35,16.2,0,4,12.2,1,Severe,73.0,1.0,96.66722222222222,7,Critical Risk,37,123.95
SHP01115,P003,S008,R009,2024-10-05,2024-10-07 05:44:01,2024-10-07 13:06:00,Delivered,47.0,400.0,18.91,2.4,2,6,0.0,0,,0.0,1.0,7.366388888888889,2,Medium Risk,40,756.4
SHP01116,P016,S001,R011,2024-06-07,2024-06-09 16:41:05,2024-06-10 01:42:00,Delivered,73.7,150.0,19.67,0.4,0,4,0.0,0,,12.3,1.0,9.015277777777778,1,Medium Risk,15,295.05
SHP01117,P017,S008,R003,2024-09-14,2024-09-19 13:27:25,2024-09-19 18:03:00,Delivered,125.5,250.0,21.86,-1.7,0,4,1.7,1,Mild,0.0,1.0,4.593055555555556,1,Medium Risk,25,546.5
SHP01118,P006,S008,R010,2024-03-24,2024-03-27 20:33:23,2024-03-26 23:54:00,Delivered,71.9,500.0,16.77,-5.5,0,4,5.5,1,Severe,0.0,0.0,0.0,3,High Risk,175,2934.75
SHP01119,P006,S007,R002,2024-06-03,2024-06-03 22:44:08,2024-06-03 23:12:36,Delivered,21.1,100.0,16.77,6.7,0,4,2.7,1,Mild,10.6,1.0,0.4744444444444444,3,High Risk,35,586.95
SHP01120,P020,S010,R001,2024-08-12,2024-08-14 05:59:00,2024-08-14 10:18:00,Delivered,58.3,100.0,23.51,-3.8,0,4,3.8,1,Mild,9.7,1.0,4.316666666666666,1,Medium Risk,10,235.1
SHP01121,P018,S007,R003,2024-02-03,2024-02-09 05:28:25,2024-02-08 07:03:00,Delivered,115.5,200.0,16.44,2.0,0,4,0.0,0,,38.5,0.0,0.0,2,Medium Risk,20,328.8
SHP01122,P006,S002,R019,2024-04-05,2024-04-06 16:52:33,2024-04-09 19:16:48,Delivered,52.4,100.0,16.77,1.1,0,4,0.0,0,,0.0,1.0,74.40416666666667,2,Medium Risk,10,167.7
SHP01123,P014,S002,R018,2024-01-21,2024-01-22 03:48:03,2024-01-22 04:00:00,Delivered,28.0,50.0,16.04,15.4,13,15,0.4000000000000003,1,Mild,0.0,1.0,0.1991666666666666,1,Medium Risk,5,80.2
SHP01124,P017,S001,R010,2024-03-11,2024-03-14 14:22:26,2024-03-14 19:18:00,Delivered,91.3,500.0,21.86,2.7,0,4,0.0,0,,30.4,1.0,4.926111111111111,2,Medium Risk,50,1093.0
SHP01125,P018,S009,R028,2024-02-06,2024-02-08 18:09:50,2024-02-08 14:12:00,Delivered,62.2,100.0,16.44,10.6,0,4,6.6,1,Severe,0.0,0.0,0.0,3,High Risk,35,575.4
SHP01126,P014,S006,R008,2024-05-14,2024-05-17 12:38:41,2024-05-17 14:30:00,Delivered,86.5,200.0,16.04,13.8,13,15,0.0,0,,17.3,1.0,1.8552777777777776,0,Low Risk,0,0.0
SHP01127,P020,S004,R024,2024-03-06,2024-03-11 01:55:44,,Cancelled,126.6,150.0,23.51,3.5,0,4,0.0,0,,42.2,,,2,Medium Risk,15,352.65
SHP01128,P003,S007,R020,2024-01-16,2024-01-21 23:11:07,2024-01-23 00:04:48,In Transit,152.8,250.0,18.91,-3.8,2,6,5.8,1,Severe,0.0,1.0,24.89472222222222,6,Critical Risk,187,3536.17
SHP01129,P011,S005,R027,2024-10-01,2024-10-01 12:10:12,2024-10-01 17:56:24,Delivered,13.8,150.0,21.42,0.5,-1,2,0.0,0,,6.9,1.0,5.77,3,High Risk,52,1113.84
SHP01130,P011,S009,R017,2024-11-11,2024-11-13 22:47:21,2024-11-14 20:24:00,Delivered,92.4,200.0,21.42,-0.1,-1,2,0.0,0,,15.4,1.0,21.61083333333333,2,Medium Risk,20,428.4
SHP01131,P019,S004,R012,2024-06-05,2024-06-07 01:56:04,2024-06-07 03:28:48,Delivered,46.8,200.0,9.85,10.4,8,12,0.0,0,,0.0,1.0,1.5455555555555556,0,Low Risk,0,0.0
SHP01132,P010,S004,R022,2024-12-17,2024-12-22 07:35:28,2024-12-22 11:18:00,Delivered,131.3,250.0,3.9,-23.0,-18,-15,5.0,1,Severe,43.8,1.0,3.7088888888888887,6,Critical Risk,187,729.3
SHP01133,P011,S003,R021,2024-09-11,2024-09-14 07:33:29,,Cancelled,85.1,300.0,21.42,12.1,-1,2,10.1,1,Severe,21.3,,,6,Critical Risk,225,4819.5
SHP01134,P004,S007,R027,2024-10-08,2024-10-08 10:12:13,,Cancelled,17.0,500.0,11.42,20.4,2,6,14.4,1,Severe,8.5,,,6,Critical Risk,375,4282.5
SHP01135,P009,S009,R019,2024-08-03,2024-08-04 13:46:04,2024-08-04 13:42:00,In Transit,37.7,100.0,8.03,3.85,-1,2,1.85,1,Mild,18.8,0.0,0.0,4,High Risk,35,281.05
SHP01136,P005,S003,R004,2024-07-04,2024-07-04 09:20:37,2024-07-04 11:30:00,Delivered,11.5,250.0,13.38,0.4,0,4,0.0,0,,5.8,1.0,2.156388888888889,2,Medium Risk,25,334.5
SHP01137,P014,S004,R002,2024-12-04,2024-12-04 21:15:38,2024-12-05 04:00:00,Delivered,28.0,400.0,16.04,13.6,13,15,0.0,0,,14.0,1.0,6.739444444444445,3,High Risk,140,2245.6
SHP01138,P019,S005,R018,2024-06-30,2024-07-01 03:49:31,,Cancelled,41.8,400.0,9.85,8.9,8,12,0.0,0,,20.9,,,2,Medium Risk,40,394.0
SHP01139,P006,S002,R019,2024-11-10,2024-11-11 15:29:18,,Cancelled,62.3,200.0,16.77,3.4,0,4,0.0,0,,20.8,,,2,Medium Risk,20,335.4
SHP01140,P006,S004,R009,2024-02-24,2024-02-26 10:18:49,2024-02-25 19:12:00,Delivered,43.2,500.0,16.77,17.6,0,4,13.6,1,Severe,14.4,0.0,0.0,5,Critical Risk,375,6288.75
SHP01141,P014,S008,R015,2024-03-17,2024-03-18 12:29:20,2024-03-19 06:20:24,Delivered,49.4,250.0,16.04,14.1,13,15,0.0,0,,16.5,1.0,17.851111111111113,3,High Risk,87,1395.48
SHP01142,P017,S006,R011,2024-01-11,2024-01-13 15:38:11,2024-01-14 20:25:48,Delivered,71.1,100.0,21.86,1.5,0,4,0.0,0,,35.6,1.0,28.79361111111111,4,High Risk,35,765.1
SHP01143,P006,S007,R007,2024-04-21,2024-04-26 12:52:52,2024-04-26 15:30:00,Delivered,135.5,500.0,16.77,0.9,0,4,0.0,0,,54.2,1.0,2.618888888888889,2,Medium Risk,50,838.5
SHP01144,P008,S002,R015,2024-12-31,2025-01-01 12:31:12,2025-01-02 03:12:00,Delivered,51.2,500.0,19.33,2.0,0,4,0.0,0,,0.0,1.0,14.68,1,Medium Risk,50,966.5
SHP01145,P012,S004,R009,2024-07-06,2024-07-08 05:53:21,2024-07-09 10:12:00,In Transit,82.2,200.0,18.65,2.3,0,4,0.0,0,,27.4,1.0,28.31083333333333,4,High Risk,70,1305.5
SHP01146,P008,S002,R023,2024-03-22,2024-03-24 17:15:10,2024-03-24 04:24:00,Delivered,52.4,500.0,19.33,3.7,0,4,0.0,0,,0.0,0.0,0.0,0,Low Risk,0,0.0
SHP01147,P009,S003,R008,2024-07-28,2024-07-31 09:04:40,2024-07-31 08:42:00,In Transit,80.7,150.0,8.03,-0.8,-1,2,0.0,0,,40.4,0.0,0.0,3,High Risk,52,417.56
SHP01148,P006,S004,R001,2024-04-10,2024-04-11 22:59:57,,Cancelled,62.4,100.0,16.77,3.1,0,4,0.0,0,,0.0,,,0,Low Risk,0,0.0
SHP01149,P006,S003,R018,2024-04-05,2024-04-06 03:00:49,2024-04-06 12:47:24,Delivered,28.3,50.0,16.77,-5.9,0,4,5.9,1,Severe,0.0,1.0,9.776388888888889,4,High Risk,17,285.09
SHP01150,P005,S003,R008,2024-11-07,2024-11-10 09:53:55,2024-11-11 16:54:00,Delivered,112.9,100.0,13.38,0.7,0,4,0.0,0,,0.0,1.0,31.00138888888889,2,Medium Risk,10,133.8
SHP01151,P002,S002,R013,2024-03-10,2024-03-16 12:07:55,2024-03-16 11:52:12,In Transit,119.9,400.0,6.75,7.2,2,4,3.2,1,Mild,0.0,0.0,0.0,2,Medium Risk,40,270.0
SHP01152,P017,S006,R026,2024-11-06,2024-11-09 02:08:52,2024-11-09 11:42:00,In Transit,83.7,150.0,21.86,3.7,0,4,0.0,0,,14.0,1.0,9.552222222222222,1,Medium Risk,15,327.9
SHP01153,P002,S004,R003,2024-11-03,2024-11-09 04:31:19,2024-11-11 19:54:00,Delivered,211.9,250.0,6.75,13.4,2,4,9.4,1,Severe,0.0,1.0,63.37805555555556,6,Critical Risk,187,1262.25
SHP01154,P001,S004,R014,2024-11-22,2024-11-26 01:14:19,2024-11-27 23:59:24,Delivered,130.9,400.0,16.53,8.8,2,4,4.800000000000001,1,Mild,0.0,1.0,46.75138888888889,4,High Risk,140,2314.2
SHP01155,P015,S005,R016,2024-07-23,2024-07-26 20:47:45,2024-07-29 23:02:24,Delivered,104.4,50.0,6.02,1.7,0,4,0.0,0,,0.0,1.0,74.24416666666667,2,Medium Risk,5,30.1
SHP01156,P004,S005,R012,2024-01-28,2024-01-30 07:34:30,,Cancelled,53.0,250.0,11.42,12.7,2,6,6.699999999999999,1,Severe,10.6,,,4,High Risk,87,993.54
SHP01157,P002,S008,R003,2024-06-29,2024-07-04 14:24:09,,Cancelled,141.5,250.0,6.75,2.2,2,4,0.0,0,,0.0,,,1,Medium Risk,25,168.75
SHP01158,P017,S006,R001,2024-08-17,2024-08-19 06:01:26,,Cancelled,54.7,50.0,21.86,1.1,0,4,0.0,0,,9.1,,,0,Low Risk,0,0.0
SHP01159,P015,S008,R014,2024-09-20,2024-09-24 07:23:53,2024-09-23 13:15:00,In Transit,77.5,150.0,6.02,0.3,0,4,0.0,0,,19.4,0.0,0.0,2,Medium Risk,15,90.3
SHP01160,P015,S005,R005,2024-03-13,2024-03-16 05:00:51,2024-03-18 00:40:12,Delivered,109.7,50.0,6.02,0.9,0,4,0.0,0,,36.6,1.0,43.65583333333333,4,High Risk,17,102.34
SHP01161,P019,S004,R014,2024-03-18,2024-03-22 03:27:00,2024-03-27 18:44:24,Delivered,106.7,150.0,9.85,12.0,8,12,0.0,0,,0.0,1.0,135.29,2,Medium Risk,15,147.75
SHP01162,P003,S004,R015,2024-03-25,2024-03-26 13:15:49,2024-03-27 06:42:00,Delivered,54.7,300.0,18.91,5.6,2,6,0.0,0,,21.9,1.0,17.43638888888889,4,High Risk,105,1985.55
SHP01163,P018,S006,R021,2024-12-06,2024-12-09 03:54:21,2024-12-09 18:18:36,Delivered,82.1,200.0,16.44,-4.3,0,4,4.3,1,Mild,16.4,1.0,14.404166666666669,2,Medium Risk,20,328.8
SHP01164,P009,S006,R017,2024-06-02,2024-06-05 05:28:45,2024-06-05 12:54:00,Delivered,84.9,250.0,8.03,10.7,-1,2,8.7,1,Severe,0.0,1.0,7.420833333333333,5,Critical Risk,187,1501.61
SHP01165,P008,S004,R015,2024-03-19,2024-03-20 14:42:45,2024-03-21 06:48:00,Delivered,54.8,300.0,19.33,1.6,0,4,0.0,0,,27.4,1.0,16.0875,3,High Risk,105,2029.65
SHP01166,P016,S002,R025,2024-06-09,2024-06-14 03:19:44,2024-06-17 05:42:00,Delivered,87.2,50.0,19.67,1.7,0,4,0.0,0,,0.0,1.0,74.3711111111111,2,Medium Risk,5,98.35
SHP01167,P008,S008,R016,2024-07-21,2024-07-24 19:43:49,,Cancelled,113.1,150.0,19.33,2.4,0,4,0.0,0,,56.6,,,2,Medium Risk,15,289.95
SHP01168,P013,S002,R004,2024-02-12,2024-02-12 08:55:34,2024-02-12 07:00:00,Delivered,7.0,150.0,3.35,3.6,0,4,0.0,0,,2.8,0.0,0.0,2,Medium Risk,15,50.25
SHP01169,P002,S003,R010,2024-07-06,2024-07-10 02:02:20,2024-07-11 07:42:36,Delivered,116.1,250.0,6.75,5.0,2,4,1.0,1,Mild,23.2,1.0,29.67111111111111,4,High Risk,87,587.25
SHP01170,P003,S001,R020,2024-01-01,2024-01-06 13:13:35,2024-01-09 04:24:00,Delivered,196.4,100.0,18.91,6.0,2,6,0.0,0,,78.6,1.0,63.17361111111112,5,Critical Risk,75,1418.25
SHP01171,P017,S002,R027,2024-11-09,2024-11-09 10:20:09,2024-11-09 12:06:00,Delivered,11.0,100.0,21.86,2.6,0,4,0.0,0,,3.7,1.0,1.7641666666666669,2,Medium Risk,10,218.6
SHP01172,P002,S007,R028,2024-06-22,2024-06-25 01:52:09,2024-06-26 21:31:12,In Transit,90.4,250.0,6.75,3.0,2,4,0.0,0,,36.2,1.0,43.65083333333333,5,Critical Risk,187,1262.25
SHP01173,P008,S005,R022,2024-06-16,2024-06-21 05:37:36,2024-06-21 08:22:12,In Transit,116.7,100.0,19.33,0.2,0,4,0.0,0,,0.0,1.0,2.743333333333333,0,Low Risk,0,0.0
SHP01174,P003,S005,R025,2024-06-19,2024-06-24 16:43:52,2024-06-26 22:31:12,Delivered,173.2,250.0,18.91,2.5,2,6,0.0,0,,34.6,1.0,53.78888888888889,3,High Risk,87,1645.17
SHP01175,P002,S006,R006,2024-07-19,2024-07-22 10:00:04,2024-07-22 09:06:00,In Transit,81.1,150.0,6.75,12.3,2,4,8.3,1,Severe,0.0,0.0,0.0,4,High Risk,52,351.0
SHP01176,P013,S006,R015,2024-03-09,2024-03-10 15:03:11,2024-03-11 08:45:36,Delivered,51.6,200.0,3.35,-1.5,0,4,1.5,1,Mild,10.3,1.0,17.706944444444446,2,Medium Risk,20,67.0
SHP01177,P016,S006,R005,2024-01-22,2024-01-25 05:41:40,2024-01-27 09:01:48,Delivered,117.3,150.0,19.67,18.2,0,4,14.2,1,Severe,29.3,1.0,51.33555555555556,5,Critical Risk,112,2203.04
SHP01178,P011,S010,R012,2024-06-21,2024-06-23 03:23:09,2024-06-23 03:13:12,Delivered,39.4,300.0,21.42,-0.4,-1,2,0.0,0,,15.8,0.0,0.0,3,High Risk,105,2249.1
SHP01179,P009,S009,R013,2024-09-27,2024-10-03 16:40:38,2024-10-07 22:47:24,Delivered,238.9,50.0,8.03,1.8,-1,2,0.0,0,,0.0,1.0,102.11277777777778,3,High Risk,17,136.51
SHP01180,P010,S009,R025,2024-08-21,2024-08-26 10:24:09,2024-08-25 11:12:00,In Transit,107.2,500.0,3.9,-15.6,-18,-15,0.0,0,,0.0,0.0,0.0,1,Medium Risk,50,195.0
SHP01181,P020,S010,R008,2024-06-10,2024-06-13 04:29:59,,Cancelled,112.9,200.0,23.51,17.7,0,4,13.7,1,Severe,84.7,,,5,Critical Risk,150,3526.5
SHP01182,P009,S001,R017,2024-04-27,2024-04-30 08:42:08,2024-04-29 10:54:00,Delivered,58.9,100.0,8.03,0.3,-1,2,0.0,0,,14.7,0.0,0.0,1,Medium Risk,10,80.3
SHP01183,P018,S007,R001,2024-09-13,2024-09-15 05:23:01,2024-09-16 22:38:24,Delivered,72.8,500.0,16.44,-2.0,0,4,2.0,1,Mild,24.3,1.0,41.256388888888885,5,Critical Risk,375,6165.0
SHP01184,P018,S005,R025,2024-02-29,2024-03-06 01:37:03,2024-03-07 22:24:00,Delivered,190.4,50.0,16.44,7.9,0,4,3.9,1,Mild,0.0,1.0,44.7825,3,High Risk,17,279.48
SHP01185,P008,S008,R001,2024-02-20,2024-02-22 05:32:45,2024-02-21 20:00:00,Delivered,44.0,400.0,19.33,-3.5,0,4,3.5,1,Mild,22.0,0.0,0.0,3,High Risk,140,2706.2
SHP01186,P010,S005,R018,2024-12-20,2024-12-21 03:21:12,2024-12-23 05:26:24,Delivered,35.2,50.0,3.9,-1.3,-18,-15,13.7,1,Severe,23.5,1.0,50.086666666666666,8,Critical Risk,37,144.3
SHP01187,P009,S003,R004,2024-08-19,2024-08-19 08:32:26,2024-08-19 11:18:36,Delivered,8.7,500.0,8.03,0.5,-1,2,0.0,0,,0.0,1.0,2.7694444444444444,1,Medium Risk,50,401.5
SHP01188,P012,S002,R012,2024-03-31,2024-04-02 00:30:14,2024-04-03 15:12:00,Delivered,54.5,100.0,18.65,-2.3,0,4,2.3,1,Mild,18.2,1.0,38.69611111111111,5,Critical Risk,75,1398.75
SHP01189,P006,S009,R027,2024-12-19,2024-12-19 11:13:27,2024-12-19 21:07:12,In Transit,13.2,400.0,16.77,0.1,0,4,0.0,0,,3.3,1.0,9.895833333333334,3,High Risk,140,2347.8
SHP01190,P017,S007,R007,2024-03-26,2024-03-31 18:52:17,2024-04-01 15:30:36,In Transit,122.7,200.0,21.86,10.0,0,4,6.0,1,Severe,0.0,1.0,20.63861111111111,4,High Risk,70,1530.2
SHP01191,P015,S007,R011,2024-11-24,2024-11-26 19:00:31,2024-11-26 16:54:00,Delivered,64.9,50.0,6.02,2.3,0,4,0.0,0,,32.4,0.0,0.0,2,Medium Risk,5,30.1
SHP01192,P014,S001,R011,2024-08-25,2024-08-27 18:19:59,,Cancelled,51.5,150.0,16.04,13.2,13,15,0.0,0,,12.9,,,2,Medium Risk,15,240.6
SHP01193,P011,S002,R020,2024-01-17,2024-01-23 01:14:40,2024-01-25 00:36:00,Delivered,192.6,50.0,21.42,0.3,-1,2,0.0,0,,64.2,1.0,47.355555555555554,5,Critical Risk,37,792.54
SHP01194,P005,S005,R027,2024-07-13,2024-07-13 10:47:57,2024-07-13 22:21:36,Delivered,17.2,300.0,13.38,1.9,0,4,0.0,0,,0.0,1.0,11.560833333333331,1,Medium Risk,30,401.4
SHP01195,P014,S001,R001,2024-05-25,2024-05-27 05:10:47,2024-05-27 19:12:36,Delivered,51.7,100.0,16.04,26.4,13,15,11.4,1,Severe,0.0,1.0,14.030277777777778,4,High Risk,35,561.4
SHP01196,P011,S006,R004,2024-04-03,2024-04-03 08:40:25,,Cancelled,10.3,100.0,21.42,-0.1,-1,2,0.0,0,,0.0,,,1,Medium Risk,10,214.2
SHP01197,P018,S005,R018,2024-12-02,2024-12-03 08:02:47,2024-12-03 14:21:00,Delivered,29.5,400.0,16.44,3.7,0,4,0.0,0,,9.8,1.0,6.303611111111112,3,High Risk,140,2301.6
SHP01198,P002,S003,R003,2024-02-18,2024-02-23 21:47:07,2024-02-26 15:06:00,Delivered,207.1,300.0,6.75,2.9,2,4,0.0,0,,103.6,1.0,65.31472222222222,5,Critical Risk,225,1518.75
SHP01199,P019,S009,R026,2024-05-06,2024-05-08 17:16:00,2024-05-08 15:08:24,Delivered,57.4,50.0,9.85,11.5,8,12,0.0,0,,0.0,0.0,0.0,0,Low Risk,0,0.0
SHP01200,P006,S009,R008,2024-07-27,2024-07-30 09:06:57,2024-07-29 13:54:00,Delivered,61.9,200.0,16.77,-4.9,0,4,4.9,1,Mild,15.5,0.0,0.0,3,High Risk,70,1173.9
SHP01201,P013,S004,R027,2024-09-27,2024-09-27 10:29:20,2024-09-28 00:25:12,Delivered,11.1,250.0,3.35,2.3,0,4,0.0,0,,0.0,1.0,13.931111111111113,1,Medium Risk,25,83.75
SHP01202,P009,S010,R016,2024-01-01,2024-01-04 19:44:03,,Cancelled,140.8,150.0,8.03,-0.6,-1,2,0.0,0,,28.2,,,1,Medium Risk,15,120.45
SHP01203,P008,S003,R023,2024-01-21,2024-01-23 11:54:59,2024-01-23 11:00:00,Delivered,59.0,200.0,19.33,1.6,0,4,0.0,0,,14.8,0.0,0.0,2,Medium Risk,20,386.6
SHP01204,P007,S002,R027,2024-12-22,2024-12-22 10:25:34,2024-12-22 08:42:00,Delivered,8.7,100.0,12.06,2.9,0,4,0.0,0,,2.2,0.0,0.0,2,Medium Risk,10,120.6
SHP01205,P013,S009,R022,2024-05-20,2024-05-24 23:21:55,2024-05-26 09:07:12,Delivered,139.2,200.0,3.35,1.4,0,4,0.0,0,,0.0,1.0,33.75472222222222,2,Medium Risk,20,67.0
SHP01206,P009,S001,R014,2024-08-25,2024-08-29 07:26:13,2024-08-29 16:42:36,Delivered,86.7,100.0,8.03,-5.8,-1,2,4.8,1,Mild,0.0,1.0,9.273055555555556,3,High Risk,35,281.05
SHP01207,P006,S007,R025,2024-01-08,2024-01-13 21:26:08,2024-01-14 07:12:00,Delivered,151.2,200.0,16.77,1.2,0,4,0.0,0,,0.0,1.0,9.764444444444443,1,Medium Risk,20,335.4
SHP01208,P016,S007,R009,2024-03-23,2024-03-25 07:48:25,2024-03-25 15:42:00,Delivered,63.7,150.0,19.67,-3.7,0,4,3.7,1,Mild,63.7,1.0,7.893055555555556,4,High Risk,52,1022.84
SHP01209,P009,S002,R009,2024-12-03,2024-12-05 06:25:51,2024-12-05 17:12:00,Delivered,65.2,100.0,8.03,1.9,-1,2,0.0,0,,13.0,1.0,10.769166666666669,2,Medium Risk,10,80.3
SHP01210,P008,S009,R028,2024-11-10,2024-11-13 04:58:59,2024-11-15 16:38:24,Delivered,85.4,50.0,19.33,3.9,0,4,0.0,0,,0.0,1.0,59.65694444444444,2,Medium Risk,5,96.65
SHP01211,P018,S007,R019,2024-06-23,2024-06-24 14:53:17,2024-06-24 07:30:00,Delivered,31.5,250.0,16.44,3.1,0,4,0.0,0,,0.0,0.0,0.0,0,Low Risk,0,0.0
SHP01212,P013,S010,R019,2024-10-15,2024-10-16 16:21:19,2024-10-16 22:58:12,Delivered,42.7,300.0,3.35,12.9,0,4,8.9,1,Severe,7.1,1.0,6.614722222222222,4,High Risk,105,351.75
SHP01213,P016,S004,R014,2024-10-14,2024-10-17 18:15:04,2024-10-17 11:36:00,In Transit,76.0,50.0,19.67,1.6,0,4,0.0,0,,0.0,0.0,0.0,0,Low Risk,0,0.0
SHP01214,P003,S002,R022,2024-10-07,2024-10-11 21:46:42,2024-10-13 08:54:00,Delivered,139.0,200.0,18.91,2.4,2,6,0.0,0,,69.5,1.0,35.12166666666667,5,Critical Risk,150,2836.5
SHP01215,P019,S008,R007,2024-02-17,2024-02-22 08:32:26,2024-02-22 18:12:00,Delivered,138.2,200.0,9.85,5.2,8,12,2.8,1,Mild,69.1,1.0,9.659444444444444,4,High Risk,70,689.5
SHP01216,P006,S001,R027,2024-09-07,2024-09-07 10:39:40,2024-09-07 15:36:00,Delivered,15.6,200.0,16.77,0.4,0,4,0.0,0,,3.1,1.0,4.938888888888889,0,Low Risk,0,0.0
SHP01217,P012,S006,R025,2024-08-19,2024-08-24 06:05:03,2024-08-26 07:40:12,Delivered,159.7,50.0,18.65,3.5,0,4,0.0,0,,0.0,1.0,49.58583333333333,2,Medium Risk,5,93.25
SHP01218,P006,S004,R024,2024-01-24,2024-01-28 09:48:30,2024-01-30 04:18:00,Delivered,148.3,500.0,16.77,1.8,0,4,0.0,0,,37.1,1.0,42.49166666666667,4,High Risk,175,2934.75
SHP01219,P007,S006,R021,2024-06-02,2024-06-05 08:10:48,,Cancelled,113.6,150.0,12.06,6.3,0,4,2.3,1,Mild,22.7,,,1,Medium Risk,15,180.9
SHP01220,P014,S002,R003,2024-03-21,2024-03-26 10:14:35,2024-03-26 08:42:00,Delivered,128.7,250.0,16.04,14.6,13,15,0.0,0,,0.0,0.0,0.0,0,Low Risk,0,0.0
SHP01221,P017,S010,R019,2024-06-17,2024-06-18 14:36:17,,Cancelled,87.2,500.0,21.86,2.3,0,4,0.0,0,,43.6,,,2,Medium Risk,50,1093.0
SHP01222,P015,S005,R011,2024-05-13,2024-05-15 19:19:11,,Cancelled,76.2,500.0,6.02,5.8,0,4,1.7999999999999998,1,Mild,0.0,,,1,Medium Risk,50,301.0
SHP01223,P005,S001,R008,2024-12-24,2024-12-27 14:15:25,2024-12-28 07:50:24,Delivered,94.4,150.0,13.38,2.6,0,4,0.0,0,,31.5,1.0,17.583055555555557,3,High Risk,52,695.76
SHP01224,P008,S003,R008,2024-01-26,2024-01-29 10:24:25,2024-02-01 04:28:48,Delivered,92.8,300.0,19.33,2.2,0,4,0.0,0,,15.5,1.0,66.07305555555556,2,Medium Risk,30,579.9
SHP01225,P011,S009,R005,2024-04-01,2024-04-04 09:35:40,,Cancelled,65.0,100.0,21.42,1.4,-1,2,0.0,0,,16.2,,,1,Medium Risk,10,214.2
SHP01226,P014,S009,R003,2024-06-13,2024-06-19 00:15:22,2024-06-27 05:26:24,Delivered,155.2,50.0,16.04,13.1,13,15,0.0,0,,0.0,1.0,197.1838888888889,2,Medium Risk,5,80.2
SHP01227,P001,S002,R011,2024-03-25,2024-03-27 17:55:03,,Cancelled,83.4,100.0,16.53,2.4,2,4,0.0,0,,0.0,,,1,Medium Risk,10,165.3
SHP01228,P002,S010,R001,2024-03-17,2024-03-19 01:17:42,2024-03-20 13:08:24,Delivered,77.4,250.0,6.75,-2.3,2,4,4.3,1,Mild,0.0,1.0,35.845,4,High Risk,87,587.25
SHP01229,P005,S010,R022,2024-10-22,2024-10-27 01:25:46,2024-10-28 04:30:00,Delivered,148.5,250.0,13.38,8.9,0,4,4.9,1,Mild,0.0,1.0,27.070555555555558,3,High Risk,87,1164.06
SHP01230,P016,S001,R017,2024-08-10,2024-08-12 19:51:11,2024-08-13 11:06:00,Delivered,83.1,300.0,19.67,-3.7,0,4,3.7,1,Mild,13.8,1.0,15.246944444444445,2,Medium Risk,30,590.1
SHP01231,P017,S003,R013,2024-07-12,2024-07-18 05:23:28,2024-07-19 19:18:00,Delivered,187.3,300.0,21.86,0.9,0,4,0.0,0,,0.0,1.0,37.90888888888889,2,Medium Risk,30,655.8
SHP01232,P006,S010,R013,2024-01-22,2024-01-27 23:30:20,2024-01-29 18:06:00,Delivered,186.1,500.0,16.77,1.0,0,4,0.0,0,,37.2,1.0,42.59444444444444,2,Medium Risk,50,838.5
SHP01233,P017,S003,R005,2024-02-03,2024-02-06 14:26:40,,Cancelled,66.1,100.0,21.86,12.3,0,4,8.3,1,Severe,0.0,,,3,High Risk,35,765.1
SHP01234,P009,S005,R028,2024-11-25,2024-11-28 05:18:32,2024-11-27 15:54:00,Delivered,63.9,400.0,8.03,12.6,-1,2,10.6,1,Severe,21.3,0.0,0.0,6,Critical Risk,300,2409.0
SHP01235,P003,S007,R009,2024-05-04,2024-05-06 03:47:56,2024-05-06 06:40:12,Delivered,49.7,150.0,18.91,3.2,2,6,0.0,0,,0.0,1.0,2.871111111111111,1,Medium Risk,15,283.65
SHP01236,P010,S007,R010,2024-03-22,2024-03-26 01:22:14,2024-03-25 19:46:48,Delivered,70.6,400.0,3.9,-15.8,-18,-15,0.0,0,,14.1,0.0,0.0,1,Medium Risk,40,156.0
SHP01237,P009,S002,R015,2024-01-21,2024-01-22 11:49:44,2024-01-25 17:57:36,Delivered,51.8,300.0,8.03,0.1,-1,2,0.0,0,,0.0,1.0,78.13111111111111,3,High Risk,105,843.15
SHP01238,P008,S006,R011,2024-10-05,2024-10-07 11:49:11,2024-10-12 07:46:48,Delivered,79.9,100.0,19.33,10.2,0,4,6.199999999999999,1,Severe,0.0,1.0,115.96027777777778,5,Critical Risk,75,1449.75
SHP01239,P009,S005,R017,2024-10-21,2024-10-24 02:44:04,,Cancelled,111.0,100.0,8.03,-0.3,-1,2,0.0,0,,0.0,,,1,Medium Risk,10,80.3
SHP01240,P017,S003,R027,2024-05-21,2024-05-21 12:17:03,2024-05-21 11:24:00,Delivered,11.4,50.0,21.86,8.1,0,4,4.1,1,Mild,0.0,0.0,0.0,1,Medium Risk,5,109.3
SHP01241,P010,S004,R007,2024-04-20,2024-04-25 22:09:34,2024-04-25 04:36:00,Delivered,124.6,100.0,3.9,-13.1,-18,-15,1.9000000000000004,1,Mild,24.9,0.0,0.0,2,Medium Risk,10,39.0
SHP01242,P004,S002,R004,2024-12-30,2024-12-30 08:34:57,2024-12-30 11:26:24,Delivered,10.4,200.0,11.42,-0.4,2,6,2.4,1,Mild,4.2,1.0,2.8575,4,High Risk,70,799.4
SHP01243,P007,S008,R007,2024-03-09,2024-03-14 10:45:55,,Cancelled,144.9,100.0,12.06,17.7,0,4,13.7,1,Severe,29.0,,,3,High Risk,35,422.1
SHP01244,P016,S006,R013,2024-02-18,2024-02-24 13:19:40,2024-02-25 07:12:00,Delivered,175.2,200.0,19.67,3.5,0,4,0.0,0,,58.4,1.0,17.872222222222224,3,High Risk,70,1376.9
SHP01245,P001,S010,R004,2024-06-20,2024-06-20 07:54:31,2024-06-20 11:36:00,Delivered,11.6,200.0,16.53,3.8,2,4,0.0,0,,3.9,1.0,3.691388888888889,3,High Risk,70,1157.1
SHP01246,P016,S005,R024,2024-05-25,2024-05-29 18:22:13,,Cancelled,156.0,200.0,19.67,18.3,0,4,14.3,1,Severe,0.0,,,3,High Risk,70,1376.9
SHP01247,P005,S001,R003,2024-06-08,2024-06-14 03:38:02,2024-06-19 08:38:24,Delivered,170.4,100.0,13.38,2.3,0,4,0.0,0,,0.0,1.0,125.00611111111112,2,Medium Risk,10,133.8
SHP01248,P017,S008,R011,2024-01-14,2024-01-16 17:18:26,,Cancelled,75.3,200.0,21.86,2.9,0,4,0.0,0,,0.0,,,0,Low Risk,0,0.0
SHP01249,P008,S008,R009,2024-06-20,2024-06-22 03:55:10,,Cancelled,57.6,250.0,19.33,3.0,0,4,0.0,0,,0.0,,,0,Low Risk,0,0.0
SHP01250,P002,S006,R021,2024-01-11,2024-01-14 06:43:13,2024-01-15 14:00:00,Delivered,110.0,50.0,6.75,2.9,2,4,0.0,0,,0.0,1.0,31.279722222222222,3,High Risk,17,114.75
SHP01251,P005,S007,R025,2024-01-10,2024-01-16 02:05:06,,Cancelled,199.0,300.0,13.38,3.5,0,4,0.0,0,,66.3,,,2,Medium Risk,30,401.4
SHP01252,P001,S007,R005,2024-12-16,2024-12-19 06:56:44,2024-12-20 03:46:12,Delivered,90.7,200.0,16.53,2.4,2,4,0.0,0,,36.3,1.0,20.824444444444445,4,High Risk,70,1157.1
SHP01253,P014,S009,R018,2024-04-03,2024-04-04 03:34:53,,Cancelled,32.6,150.0,16.04,14.5,13,15,0.0,0,,0.0,,,0,Low Risk,0,0.0
SHP01254,P010,S001,R004,2024-05-03,2024-05-03 08:37:43,2024-05-03 11:03:00,In Transit,8.5,300.0,3.9,-12.8,-18,-15,2.200000000000001,1,Mild,5.7,1.0,2.421388888888889,4,High Risk,105,409.5
SHP01255,P018,S009,R005,2024-07-27,2024-07-30 05:35:49,2024-07-29 17:12:00,Delivered,65.2,500.0,16.44,8.0,0,4,4.0,1,Mild,16.3,0.0,0.0,3,High Risk,175,2877.0
SHP01256,P002,S009,R012,2024-10-16,2024-10-17 23:16:54,,Cancelled,62.1,500.0,6.75,3.9,2,4,0.0,0,,31.0,,,3,High Risk,175,1181.25
SHP01257,P013,S010,R023,2024-10-20,2024-10-22 16:25:19,2024-10-24 05:08:24,Delivered,77.8,250.0,3.35,1.5,0,4,0.0,0,,0.0,1.0,36.71805555555556,2,Medium Risk,25,83.75
SHP01258,P020,S008,R003,2024-09-24,2024-09-29 20:22:35,,Cancelled,137.6,200.0,23.51,3.8,0,4,0.0,0,,0.0,,,0,Low Risk,0,0.0
SHP01259,P001,S009,R010,2024-10-18,2024-10-22 03:01:15,2024-10-22 16:00:00,Delivered,112.0,150.0,16.53,2.4,2,4,0.0,0,,37.3,1.0,12.979166666666666,4,High Risk,52,859.56
SHP01260,P005,S007,R013,2024-10-15,2024-10-22 02:25:02,2024-10-22 19:00:00,In Transit,187.0,400.0,13.38,-3.2,0,4,3.2,1,Mild,46.8,1.0,16.58277777777778,4,High Risk,140,1873.2
SHP01261,P001,S008,R006,2024-04-20,2024-04-24 00:56:00,,Cancelled,89.2,300.0,16.53,2.4,2,4,0.0,0,,59.5,,,3,High Risk,105,1735.65
SHP01262,P018,S001,R027,2024-05-25,2024-05-25 12:07:21,,Cancelled,15.7,150.0,16.44,11.1,0,4,7.1,1,Severe,7.8,,,5,Critical Risk,112,1841.28
SHP01263,P011,S001,R018,2024-03-16,2024-03-17 07:17:45,2024-03-17 07:54:00,In Transit,31.9,100.0,21.42,1.0,-1,2,0.0,0,,0.0,1.0,0.6041666666666666,1,Medium Risk,10,214.2
SHP01264,P012,S007,R021,2024-02-07,2024-02-10 04:51:01,,Cancelled,119.0,150.0,18.65,9.0,0,4,5.0,1,Severe,71.4,,,5,Critical Risk,112,2088.8
SHP01265,P011,S002,R009,2024-04-08,2024-04-10 07:22:57,2024-04-11 04:30:00,Delivered,87.2,200.0,21.42,1.3,-1,2,0.0,0,,0.0,1.0,21.1175,2,Medium Risk,20,428.4
SHP01266,P006,S008,R025,2024-04-24,2024-04-29 19:00:01,2024-04-28 06:42:00,Delivered,102.7,400.0,16.77,3.6,0,4,0.0,0,,25.7,0.0,0.0,2,Medium Risk,40,670.8
SHP01267,P013,S009,R007,2024-02-08,2024-02-13 07:25:21,2024-02-13 02:39:00,Delivered,111.5,100.0,3.35,-5.8,0,4,5.8,1,Severe,0.0,0.0,0.0,3,High Risk,35,117.25
SHP01268,P009,S002,R010,2024-11-18,2024-11-22 00:59:48,2024-11-22 15:12:00,In Transit,111.2,200.0,8.03,1.3,-1,2,0.0,0,,0.0,1.0,14.203333333333331,2,Medium Risk,20,160.6
SHP01269,P005,S001,R024,2024-07-07,2024-07-11 11:36:15,2024-07-11 08:24:00,Delivered,104.4,250.0,13.38,1.8,0,4,0.0,0,,17.4,0.0,0.0,0,Low Risk,0,0.0
SHP01270,P015,S003,R024,2024-07-25,2024-07-29 14:25:29,2024-07-31 06:54:00,In Transit,150.9,100.0,6.02,0.1,0,4,0.0,0,,0.0,1.0,40.47527777777778,2,Medium Risk,10,60.2
SHP01271,P016,S007,R002,2024-03-23,2024-03-24 01:22:54,2024-03-24 04:00:00,Delivered,28.0,250.0,19.67,9.6,0,4,5.6,1,Severe,21.0,1.0,2.618333333333333,5,Critical Risk,187,3678.29
SHP01272,P015,S004,R003,2024-03-08,2024-03-13 14:30:18,,Cancelled,207.6,400.0,6.02,1.4,0,4,0.0,0,,69.2,,,2,Medium Risk,40,240.8
SHP01273,P015,S001,R007,2024-03-25,2024-03-30 04:27:54,,Cancelled,173.0,400.0,6.02,0.9,0,4,0.0,0,,0.0,,,0,Low Risk,0,0.0
SHP01274,P011,S003,R015,2024-09-10,2024-09-11 16:41:45,,Cancelled,44.0,250.0,21.42,0.3,-1,2,0.0,0,,29.3,,,3,High Risk,87,1863.54
SHP01275,P006,S010,R011,2024-01-25,2024-01-27 13:01:36,2024-01-27 06:06:00,Delivered,54.1,400.0,16.77,2.25,0,4,0.0,0,,0.0,0.0,0.0,0,Low Risk,0,0.0
SHP01276,P007,S005,R027,2024-02-22,2024-02-22 11:20:36,2024-02-22 19:12:00,Delivered,12.0,500.0,12.06,16.7,0,4,12.7,1,Severe,0.0,1.0,7.856666666666666,4,High Risk,175,2110.5
SHP01277,P003,S001,R027,2024-03-23,2024-03-23 12:04:54,2024-03-23 22:33:36,Delivered,14.1,100.0,18.91,5.3,2,6,0.0,0,,0.0,1.0,10.478333333333332,2,Medium Risk,10,189.1
SHP01278,P014,S003,R019,2024-10-06,2024-10-07 19:53:38,,Cancelled,42.2,200.0,16.04,19.5,13,15,4.5,1,Mild,8.4,,,1,Medium Risk,20,320.8
SHP01279,P004,S009,R006,2024-10-05,2024-10-08 14:17:55,2024-10-09 18:30:00,Delivered,114.5,50.0,11.42,5.0,2,6,0.0,0,,28.6,1.0,28.20138888888889,3,High Risk,17,194.14
SHP01280,P014,S007,R022,2024-03-01,2024-03-06 11:23:02,2024-03-06 20:12:00,Delivered,140.2,400.0,16.04,23.1,13,15,8.100000000000001,1,Severe,93.5,1.0,8.81611111111111,6,Critical Risk,300,4812.0
SHP01281,P001,S006,R025,2024-01-02,2024-01-07 05:33:15,2024-01-08 11:19:12,Delivered,141.2,300.0,16.53,2.4,2,4,0.0,0,,28.2,1.0,29.765833333333333,3,High Risk,105,1735.65
SHP01282,P013,S006,R001,2024-06-20,2024-06-22 02:36:15,2024-06-22 11:54:00,Delivered,59.9,100.0,3.35,2.3,0,4,0.0,0,,30.0,1.0,9.295833333333333,3,High Risk,35,117.25
SHP01283,P019,S003,R011,2024-10-17,2024-10-19 13:45:06,,Cancelled,66.3,250.0,9.85,10.4,8,12,0.0,0,,0.0,,,0,Low Risk,0,0.0
SHP01284,P010,S009,R028,2024-01-09,2024-01-11 18:09:46,,Cancelled,106.0,200.0,3.9,-1.8,-18,-15,13.2,1,Severe,35.3,,,6,Critical Risk,150,585.0
SHP01285,P020,S005,R017,2024-05-29,2024-05-31 23:26:52,2024-06-02 06:37:48,Delivered,93.3,100.0,23.51,-2.7,0,4,2.7,1,Mild,0.0,1.0,31.182222222222222,3,High Risk,35,822.85
SHP01286,P018,S009,R015,2024-01-19,2024-01-20 12:53:36,2024-01-21 00:12:00,In Transit,87.2,200.0,16.44,3.6,0,4,0.0,0,,17.4,1.0,11.306666666666668,1,Medium Risk,20,328.8
SHP01287,P006,S001,R020,2024-08-19,2024-08-25 05:04:37,,Cancelled,137.5,500.0,16.77,2.5,0,4,0.0,0,,0.0,,,0,Low Risk,0,0.0
SHP01288,P018,S003,R028,2024-11-15,2024-11-17 22:21:46,2024-11-18 13:24:00,Delivered,85.4,200.0,16.44,-5.2,0,4,5.2,1,Severe,28.5,1.0,15.037222222222224,6,Critical Risk,150,2466.0
SHP01289,P018,S006,R022,2024-09-25,2024-09-30 10:01:13,2024-09-29 10:09:00,Delivered,96.5,50.0,16.44,8.2,0,4,4.199999999999999,1,Mild,0.0,0.0,0.0,1,Medium Risk,5,82.2
SHP01290,P013,S007,R024,2024-11-13,2024-11-17 15:23:14,2024-11-17 18:00:00,Delivered,114.0,150.0,3.35,9.4,0,4,5.4,1,Severe,0.0,1.0,2.6127777777777776,3,High Risk,52,174.2
SHP01291,P009,S005,R006,2024-09-25,2024-09-28 18:59:00,2024-09-28 22:54:00,Delivered,94.9,250.0,8.03,1.4,-1,2,0.0,0,,0.0,1.0,3.9166666666666665,1,Medium Risk,25,200.75
SHP01292,P005,S009,R024,2024-10-21,2024-10-25 22:30:32,2024-10-29 13:24:00,Delivered,158.0,100.0,13.38,3.8,0,4,0.0,0,,79.0,1.0,86.89111111111112,4,High Risk,35,468.3
SHP01293,P011,S003,R018,2024-06-21,2024-06-22 08:15:20,,Cancelled,39.1,150.0,21.42,11.5,-1,2,9.5,1,Severe,0.0,,,4,High Risk,52,1113.84
SHP01294,P008,S006,R017,2024-11-07,2024-11-10 00:27:56,2024-11-11 04:54:00,In Transit,100.9,100.0,19.33,7.35,0,4,3.35,1,Mild,75.7,1.0,28.434444444444445,5,Critical Risk,75,1449.75
SHP01295,P001,S008,R017,2024-05-14,2024-05-17 08:40:04,2024-05-19 01:52:48,Delivered,110.8,500.0,16.53,2.6,2,4,0.0,0,,73.9,1.0,41.21222222222222,5,Critical Risk,375,6198.75
SHP01296,P008,S001,R007,2024-06-05,2024-06-10 05:31:54,,Cancelled,167.9,100.0,19.33,2.3,0,4,0.0,0,,0.0,,,0,Low Risk,0,0.0
SHP01297,P002,S004,R017,2024-12-26,2024-12-28 22:34:07,2024-12-30 02:09:00,Delivered,75.5,400.0,6.75,2.7,2,4,0.0,0,,0.0,1.0,27.58138888888889,3,High Risk,140,945.0
SHP01298,P004,S006,R027,2024-06-16,2024-06-16 10:39:41,,Cancelled,10.3,400.0,11.42,2.9,2,6,0.0,0,,2.6,,,3,High Risk,140,1598.8
SHP01299,P014,S008,R028,2024-06-11,2024-06-14 05:27:46,2024-06-13 08:48:00,Delivered,56.8,100.0,16.04,10.9,13,15,2.1,1,Mild,0.0,0.0,0.0,1,Medium Risk,10,160.4
SHP01300,P012,S003,R015,2024-07-15,2024-07-16 16:29:36,2024-07-16 21:54:00,Delivered,45.9,50.0,18.65,1.9,0,4,0.0,0,,11.5,1.0,5.406666666666666,2,Medium Risk,5,93.25
SHP01301,P001,S005,R012,2024-03-07,2024-03-09 03:41:41,2024-03-09 05:21:00,In Transit,48.5,300.0,16.53,9.3,2,4,5.300000000000001,1,Severe,0.0,1.0,1.6552777777777778,4,High Risk,105,1735.65
SHP01302,P011,S010,R017,2024-07-31,2024-08-03 01:35:39,,Cancelled,101.5,500.0,21.42,-0.5,-1,2,0.0,0,,0.0,,,1,Medium Risk,50,1071.0
SHP01303,P009,S009,R021,2024-06-22,2024-06-25 08:01:39,2024-06-26 11:18:00,Delivered,107.3,250.0,8.03,15.1,-1,2,13.1,1,Severe,21.5,1.0,27.2725,6,Critical Risk,187,1501.61
SHP01304,P020,S002,R003,2024-12-20,2024-12-25 14:59:08,2024-12-26 07:42:00,Delivered,151.7,50.0,23.51,17.9,0,4,13.9,1,Severe,0.0,1.0,16.714444444444446,4,High Risk,17,399.67
SHP01305,P008,S010,R021,2024-04-28,2024-05-01 05:09:23,2024-05-01 01:02:24,Delivered,66.4,300.0,19.33,-5.3,0,4,5.3,1,Severe,0.0,0.0,0.0,3,High Risk,105,2029.65
SHP01306,P011,S006,R016,2024-01-18,2024-01-21 23:47:20,,Cancelled,108.3,250.0,21.42,-5.3,-1,2,4.3,1,Mild,0.0,,,2,Medium Risk,25,535.5
SHP01307,P013,S010,R020,2024-09-08,2024-09-14 10:00:21,2024-09-13 15:44:24,Delivered,123.4,500.0,3.35,13.8,0,4,9.8,1,Severe,30.8,0.0,0.0,3,High Risk,175,586.25
SHP01308,P005,S001,R005,2024-07-06,2024-07-09 17:17:26,2024-07-11 06:30:00,Delivered,115.0,100.0,13.38,12.6,0,4,8.6,1,Severe,0.0,1.0,37.20944444444444,5,Critical Risk,75,1003.5
SHP01309,P004,S003,R007,2024-02-02,2024-02-07 18:04:29,2024-02-09 17:45:36,Delivered,116.1,100.0,11.42,4.5,2,6,0.0,0,,38.7,1.0,47.68527777777778,5,Critical Risk,75,856.5
SHP01310,P003,S009,R008,2024-07-31,2024-08-03 03:32:04,2024-08-03 13:28:12,In Transit,77.7,150.0,18.91,2.1,2,6,0.0,0,,13.0,1.0,9.935555555555556,2,Medium Risk,15,283.65
SHP01311,P003,S008,R006,2024-04-02,2024-04-05 17:03:02,2024-04-07 09:24:00,Delivered,129.4,500.0,18.91,9.8,2,6,3.8000000000000007,1,Mild,0.0,1.0,40.34944444444445,4,High Risk,175,3309.25
SHP01312,P002,S006,R005,2024-11-12,2024-11-15 14:40:22,2024-11-15 16:16:12,In Transit,67.9,200.0,6.75,7.9,2,4,3.9,1,Mild,0.0,1.0,1.5972222222222223,2,Medium Risk,20,135.0
SHP01313,P006,S008,R004,2024-11-26,2024-11-26 07:49:46,2024-11-26 10:33:36,Delivered,9.6,200.0,16.77,3.1,0,4,0.0,0,,0.0,1.0,2.730555555555556,0,Low Risk,0,0.0
SHP01314,P006,S001,R011,2024-04-03,2024-04-05 15:10:26,2024-04-05 13:09:36,Delivered,55.6,150.0,16.77,3.0,0,4,0.0,0,,27.8,0.0,0.0,2,Medium Risk,15,251.55
SHP01315,P011,S010,R003,2024-11-23,2024-11-28 20:51:04,2024-11-28 18:30:00,Delivered,138.5,300.0,21.42,10.9,-1,2,8.9,1,Severe,46.2,0.0,0.0,6,Critical Risk,225,4819.5
SHP01316,P018,S004,R011,2024-10-11,2024-10-13 11:29:56,2024-10-14 20:00:00,In Transit,92.0,500.0,16.44,8.5,0,4,4.5,1,Mild,23.0,1.0,32.50111111111111,5,Critical Risk,375,6165.0
SHP01317,P001,S010,R011,2024-05-13,2024-05-15 15:11:07,2024-05-21 02:42:00,In Transit,88.5,100.0,16.53,3.4,2,4,0.0,0,,0.0,1.0,131.51472222222222,3,High Risk,35,578.55
SHP01318,P019,S008,R001,2024-04-05,2024-04-07 02:32:04,2024-04-07 13:12:00,In Transit,61.2,500.0,9.85,10.7,8,12,0.0,0,,12.2,1.0,10.665555555555557,1,Medium Risk,50,492.5
SHP01319,P007,S008,R023,2024-06-16,2024-06-18 20:19:11,2024-06-19 15:21:36,Delivered,54.6,50.0,12.06,0.5,0,4,0.0,0,,0.0,1.0,19.040277777777774,1,Medium Risk,5,60.3
SHP01320,P012,S007,R024,2024-01-28,2024-02-01 09:19:30,,Cancelled,132.5,500.0,18.65,2.2,0,4,0.0,0,,0.0,,,0,Low Risk,0,0.0
SHP01321,P015,S006,R022,2024-04-17,2024-04-22 11:54:45,2024-04-27 21:16:48,Delivered,163.3,400.0,6.02,5.4,0,4,1.4000000000000004,1,Mild,54.4,1.0,129.3675,5,Critical Risk,300,1806.0
SHP01322,P009,S005,R008,2024-07-17,2024-07-20 13:36:11,2024-07-22 11:33:36,Delivered,101.2,100.0,8.03,-0.7,-1,2,0.0,0,,0.0,1.0,45.956944444444446,3,High Risk,35,281.05
SHP01323,P019,S002,R001,2024-03-17,2024-03-18 23:52:47,2024-03-21 06:24:00,Delivered,64.0,50.0,9.85,24.7,8,12,12.7,1,Severe,16.0,1.0,54.52027777777778,7,Critical Risk,37,364.45
SHP01324,P017,S004,R002,2024-11-09,2024-11-10 01:17:19,2024-11-10 11:51:36,In Transit,32.6,200.0,21.86,3.1,0,4,0.0,0,,0.0,1.0,10.571388888888889,1,Medium Risk,20,437.2
SHP01325,P004,S003,R013,2024-01-25,2024-01-31 20:15:05,2024-02-02 03:48:00,Delivered,195.8,500.0,11.42,5.5,2,6,0.0,0,,0.0,1.0,31.54861111111111,3,High Risk,175,1998.5
SHP01326,P004,S010,R025,2024-12-10,2024-12-15 04:45:39,2024-12-14 15:48:00,Delivered,111.8,100.0,11.42,2.7,2,6,0.0,0,,28.0,0.0,0.0,3,High Risk,35,399.7
SHP01327,P011,S009,R025,2024-08-12,2024-08-17 06:56:52,2024-08-21 02:07:48,Delivered,198.3,400.0,21.42,5.4,-1,2,3.4000000000000004,1,Mild,99.2,1.0,91.18222222222222,6,Critical Risk,300,6426.0
SHP01328,P006,S008,R021,2024-12-06,2024-12-09 13:30:56,,Cancelled,112.1,250.0,16.77,4.6,0,4,0.5999999999999996,1,Mild,44.8,,,3,High Risk,87,1458.99
SHP01329,P017,S003,R011,2024-01-05,2024-01-07 12:12:32,,Cancelled,74.8,50.0,21.86,1.5,0,4,0.0,0,,12.5,,,0,Low Risk,0,0.0
SHP01330,P012,S006,R024,2024-07-13,2024-07-17 07:01:50,2024-07-20 05:08:24,Delivered,157.4,300.0,18.65,-4.7,0,4,4.7,1,Mild,78.7,1.0,70.10944444444445,5,Critical Risk,225,4196.25
SHP01331,P001,S002,R008,2024-08-20,2024-08-23 05:18:30,2024-08-22 20:48:00,Delivered,68.8,300.0,16.53,2.7,2,4,0.0,0,,0.0,0.0,0.0,1,Medium Risk,30,495.9
SHP01332,P001,S005,R003,2024-03-20,2024-03-26 08:27:25,,Cancelled,109.0,150.0,16.53,2.7,2,4,0.0,0,,43.6,,,3,High Risk,52,859.56
SHP01333,P002,S003,R020,2024-11-13,2024-11-19 03:25:18,2024-11-23 11:54:00,Delivered,114.5,50.0,6.75,3.7,2,4,0.0,0,,22.9,1.0,104.47833333333334,3,High Risk,17,114.75
SHP01334,P010,S009,R021,2024-02-24,2024-02-27 05:32:16,2024-02-28 12:01:48,Delivered,83.1,200.0,3.9,-20.1,-18,-15,2.1000000000000014,1,Mild,55.4,1.0,30.49222222222222,6,Critical Risk,150,585.0
SHP01335,P002,S002,R001,2024-11-11,2024-11-13 07:03:42,2024-11-15 20:49:12,Delivered,53.1,500.0,6.75,3.5,2,4,0.0,0,,0.0,1.0,61.75833333333333,3,High Risk,175,1181.25
SHP01336,P012,S008,R019,2024-12-12,2024-12-13 16:06:16,2024-12-14 08:00:00,Delivered,56.0,100.0,18.65,-4.5,0,4,4.5,1,Mild,0.0,1.0,15.895555555555555,2,Medium Risk,10,186.5
SHP01337,P001,S002,R002,2024-10-11,2024-10-11 21:44:45,2024-10-12 00:34:12,Delivered,18.9,400.0,16.53,2.4,2,4,0.0,0,,0.0,1.0,2.8241666666666667,1,Medium Risk,40,661.2
SHP01338,P009,S002,R016,2024-03-23,2024-03-26 13:16:36,2024-03-27 05:18:00,Delivered,101.3,300.0,8.03,1.2,-1,2,0.0,0,,20.3,1.0,16.023333333333333,2,Medium Risk,30,240.9
SHP01339,P004,S006,R023,2024-02-01,2024-02-03 11:15:48,2024-02-03 22:06:00,Delivered,70.1,500.0,11.42,3.0,2,6,0.0,0,,0.0,1.0,10.836666666666666,2,Medium Risk,50,571.0
SHP01340,P002,S005,R012,2024-09-28,2024-09-30 03:28:36,,Cancelled,76.7,200.0,6.75,2.2,2,4,0.0,0,,19.2,,,3,High Risk,70,472.5
SHP01341,P012,S009,R028,2024-09-27,2024-09-29 22:30:12,2024-10-01 04:06:00,Delivered,91.0,200.0,18.65,2.0,0,4,0.0,0,,18.2,1.0,29.596666666666668,2,Medium Risk,20,373.0
SHP01342,P007,S010,R013,2024-03-21,2024-03-28 01:52:32,2024-03-30 02:24:00,Delivered,218.4,400.0,12.06,1.7,0,4,0.0,0,,72.8,1.0,48.52444444444444,4,High Risk,140,1688.4
SHP01343,P019,S002,R017,2024-05-03,2024-05-06 05:07:41,2024-05-07 07:36:00,Delivered,103.6,400.0,9.85,11.9,8,12,0.0,0,,34.5,1.0,26.471944444444443,4,High Risk,140,1379.0
SHP01344,P011,S010,R001,2024-02-04,2024-02-05 22:44:29,2024-02-07 04:53:24,Delivered,69.9,50.0,21.42,3.5,-1,2,1.5,1,Mild,41.9,1.0,30.148611111111112,6,Critical Risk,37,792.54
SHP01345,P018,S009,R003,2024-10-15,2024-10-21 04:56:46,2024-10-23 13:22:12,Delivered,186.7,200.0,16.44,0.0,0,4,0.0,0,,74.7,1.0,56.42388888888889,4,High Risk,70,1150.8
SHP01346,P006,S001,R009,2024-11-08,2024-11-10 03:30:06,2024-11-11 04:07:12,In Transit,69.2,500.0,16.77,2.4,0,4,0.0,0,,11.5,1.0,24.61833333333333,2,Medium Risk,50,838.5
SHP01347,P017,S008,R021,2024-04-24,2024-04-27 04:34:20,2024-04-28 16:12:00,In Transit,102.0,250.0,21.86,-3.7,0,4,3.7,1,Mild,68.0,1.0,35.62777777777778,5,Critical Risk,187,4087.82
SHP01348,P005,S004,R016,2024-05-26,2024-05-29 21:08:54,2024-06-01 08:54:00,Delivered,139.0,300.0,13.38,3.3,0,4,0.0,0,,34.8,1.0,59.751666666666665,4,High Risk,105,1404.9
SHP01349,P017,S010,R020,2024-05-28,2024-06-03 08:37:40,2024-06-12 15:32:24,In Transit,170.7,250.0,21.86,0.1,0,4,0.0,0,,34.1,1.0,222.91222222222223,2,Medium Risk,25,546.5
SHP01350,P005,S001,R007,2024-08-27,2024-09-01 14:18:55,2024-09-03 05:26:24,Delivered,87.2,200.0,13.38,6.5,0,4,2.5,1,Mild,0.0,1.0,39.12472222222223,3,High Risk,70,936.6
SHP01351,P009,S002,R028,2024-10-06,2024-10-09 03:17:02,2024-10-10 09:30:00,Delivered,105.5,500.0,8.03,-3.6,-1,2,2.6,1,Mild,35.2,1.0,30.21611111111111,6,Critical Risk,375,3011.25
SHP01352,P015,S001,R024,2024-10-02,2024-10-06 18:11:24,2024-10-07 08:42:00,In Transit,128.7,100.0,6.02,8.9,0,4,4.9,1,Mild,0.0,1.0,14.51,2,Medium Risk,10,60.2
SHP01353,P010,S009,R005,2024-03-23,2024-03-26 08:59:02,2024-03-30 07:12:00,In Transit,109.5,200.0,3.9,-16.5,-18,-15,0.0,0,,54.8,1.0,94.2161111111111,5,Critical Risk,150,585.0
SHP01354,P012,S008,R001,2024-10-03,2024-10-05 06:09:14,2024-10-04 21:42:00,Delivered,45.7,500.0,18.65,1.9,0,4,0.0,0,,0.0,0.0,0.0,0,Low Risk,0,0.0
SHP01355,P013,S010,R003,2024-06-02,2024-06-07 08:35:25,,Cancelled,169.5,500.0,3.35,0.6,0,4,0.0,0,,0.0,,,0,Low Risk,0,0.0
SHP01356,P006,S010,R022,2024-08-04,2024-08-09 06:40:22,2024-08-10 06:24:00,Delivered,150.4,500.0,16.77,-0.0,0,4,0.0,0,,0.0,1.0,23.727222222222224,1,Medium Risk,50,838.5
SHP01357,P019,S006,R008,2024-12-31,2025-01-03 14:59:18,,Cancelled,68.8,400.0,9.85,8.4,8,12,0.0,0,,0.0,,,0,Low Risk,0,0.0
SHP01358,P006,S008,R010,2024-12-11,2024-12-14 22:06:35,2024-12-17 00:06:00,In Transit,131.0,100.0,16.77,1.5,0,4,0.0,0,,0.0,1.0,49.99027777777778,2,Medium Risk,10,167.7
SHP01359,P013,S003,R010,2024-11-23,2024-11-26 20:37:09,2024-11-26 00:18:00,Delivered,72.3,400.0,3.35,3.3,0,4,0.0,0,,36.2,0.0,0.0,2,Medium Risk,40,134.0
SHP01360,P020,S007,R001,2024-05-16,2024-05-18 01:17:27,2024-05-18 08:36:00,Delivered,56.6,100.0,23.51,2.2,0,4,0.0,0,,0.0,1.0,7.309166666666667,1,Medium Risk,10,235.1
SHP01361,P012,S010,R025,2024-05-04,2024-05-09 12:18:07,2024-05-11 19:18:00,In Transit,187.3,200.0,18.65,2.0,0,4,0.0,0,,37.5,1.0,54.99805555555555,2,Medium Risk,20,373.0
SHP01362,P017,S004,R020,2024-01-22,2024-01-27 11:44:58,2024-01-30 10:48:00,Delivered,202.8,500.0,21.86,4.0,0,4,0.0,0,,67.6,1.0,71.05055555555556,4,High Risk,175,3825.5
SHP01363,P020,S002,R003,2024-06-02,2024-06-08 08:41:08,,Cancelled,114.1,200.0,23.51,18.9,0,4,14.9,1,Severe,0.0,,,3,High Risk,70,1645.7
SHP01364,P006,S004,R023,2024-07-27,2024-07-29 11:28:38,2024-07-29 10:24:36,Delivered,53.1,200.0,16.77,13.1,0,4,9.1,1,Severe,31.9,0.0,0.0,5,Critical Risk,150,2515.5
SHP01365,P017,S002,R013,2024-06-19,2024-06-25 19:18:36,2024-07-03 05:16:48,Delivered,213.3,250.0,21.86,3.8,0,4,0.0,0,,0.0,1.0,177.97,2,Medium Risk,25,546.5
SHP01366,P004,S007,R011,2024-11-28,2024-11-30 10:37:36,2024-11-30 00:54:00,In Transit,48.9,400.0,11.42,4.3,2,6,0.0,0,,12.2,0.0,0.0,1,Medium Risk,40,456.8
SHP01367,P016,S002,R025,2024-09-21,2024-09-26 08:30:22,2024-09-25 19:36:00,In Transit,115.6,50.0,19.67,-2.7,0,4,2.7,1,Mild,0.0,0.0,0.0,1,Medium Risk,5,98.35
SHP01368,P005,S002,R009,2024-02-10,2024-02-12 07:32:39,2024-02-13 08:43:48,In Transit,62.1,300.0,13.38,0.9,0,4,0.0,0,,0.0,1.0,25.18583333333333,2,Medium Risk,30,401.4
SHP01369,P009,S009,R014,2024-11-11,2024-11-15 04:22:13,,Cancelled,124.4,500.0,8.03,-2.8,-1,2,1.7999999999999998,1,Mild,31.1,,,4,High Risk,175,1405.25
SHP01370,P010,S002,R011,2024-06-23,2024-06-25 19:56:40,2024-06-27 02:01:12,Delivered,75.4,150.0,3.9,-17.6,-18,-15,0.0,0,,0.0,1.0,30.07555555555556,3,High Risk,52,202.8
SHP01371,P016,S006,R008,2024-12-22,2024-12-25 14:44:56,2024-12-26 22:42:00,Delivered,118.7,400.0,19.67,1.9,0,4,0.0,0,,19.8,1.0,31.95111111111111,2,Medium Risk,40,786.8
SHP01372,P020,S009,R025,2024-10-11,2024-10-16 07:11:01,,Cancelled,185.5,150.0,23.51,2.8,0,4,0.0,0,,0.0,,,0,Low Risk,0,0.0
SHP01373,P012,S010,R002,2024-07-13,2024-07-13 21:26:10,2024-07-14 05:09:00,Delivered,26.5,250.0,18.65,4.8,0,4,0.7999999999999998,1,Mild,0.0,1.0,7.713888888888889,2,Medium Risk,25,466.25
SHP01374,P013,S005,R026,2024-10-12,2024-10-14 20:45:22,2024-10-15 13:36:00,Delivered,85.6,200.0,3.35,1.7,0,4,0.0,0,,21.4,1.0,16.843888888888888,3,High Risk,70,234.5
SHP01375,P012,S008,R025,2024-08-14,2024-08-20 00:46:00,,Cancelled,137.5,200.0,18.65,5.9,0,4,1.9000000000000004,1,Mild,45.8,,,3,High Risk,70,1305.5
SHP01376,P001,S007,R005,2024-05-04,2024-05-07 07:42:39,2024-05-10 06:24:36,Delivered,115.7,150.0,16.53,17.0,2,4,13.0,1,Severe,0.0,1.0,70.69916666666667,6,Critical Risk,112,1851.36
SHP01377,P002,S002,R013,2024-11-19,2024-11-25 16:33:02,2024-11-25 15:54:00,Delivered,159.9,400.0,6.75,3.4,2,4,0.0,0,,106.6,0.0,0.0,3,High Risk,140,945.0
SHP01378,P005,S005,R006,2024-08-19,2024-08-22 23:52:59,2024-08-23 11:01:48,In Transit,97.3,300.0,13.38,1.6,0,4,0.0,0,,48.6,1.0,11.146944444444443,3,High Risk,105,1404.9
SHP01379,P003,S003,R009,2024-12-29,2024-12-31 04:05:13,,Cancelled,85.3,250.0,18.91,19.3,2,6,13.3,1,Severe,85.3,,,6,Critical Risk,187,3536.17
SHP01380,P002,S001,R025,2024-10-01,2024-10-06 14:02:43,2024-10-05 08:12:00,Delivered,104.2,150.0,6.75,3.4,2,4,0.0,0,,0.0,0.0,0.0,1,Medium Risk,15,101.25
SHP01381,P020,S006,R015,2024-01-07,2024-01-08 11:41:53,2024-01-09 06:54:00,Delivered,54.9,400.0,23.51,-0.9,0,4,0.9,1,Mild,9.1,1.0,19.201944444444443,2,Medium Risk,40,940.4
SHP01382,P006,S001,R007,2024-09-27,2024-10-02 21:23:44,,Cancelled,129.0,400.0,16.77,1.7,0,4,0.0,0,,0.0,,,0,Low Risk,0,0.0
SHP01383,P018,S006,R027,2024-11-21,2024-11-21 12:18:27,2024-11-21 16:00:00,Delivered,10.0,200.0,16.44,0.5,0,4,0.0,0,,0.0,1.0,3.6925,0,Low Risk,0,0.0
SHP01384,P009,S001,R002,2024-12-12,2024-12-12 22:21:11,2024-12-13 14:10:12,Delivered,34.7,150.0,8.03,0.4,-1,2,0.0,0,,8.7,1.0,15.816944444444443,4,High Risk,52,417.56
SHP01385,P007,S003,R023,2024-08-17,2024-08-19 15:21:32,2024-08-20 08:04:48,In Transit,61.6,100.0,12.06,9.6,0,4,5.6,1,Severe,30.8,1.0,16.72111111111111,6,Critical Risk,75,904.5
SHP01386,P008,S005,R021,2024-11-24,2024-11-27 04:04:20,2024-11-28 07:54:00,Delivered,103.9,400.0,19.33,3.3,0,4,0.0,0,,103.9,1.0,27.82777777777778,4,High Risk,140,2706.2
SHP01387,P012,S001,R021,2024-10-04,2024-10-07 14:36:03,2024-10-07 00:16:12,Delivered,65.7,50.0,18.65,1.0,0,4,0.0,0,,0.0,0.0,0.0,0,Low Risk,0,0.0
SHP01388,P002,S007,R020,2024-04-27,2024-05-02 22:44:38,2024-05-04 17:46:12,Delivered,142.9,300.0,6.75,3.8,2,4,0.0,0,,0.0,1.0,43.02611111111111,3,High Risk,105,708.75
SHP01389,P004,S009,R003,2024-07-21,2024-07-26 19:34:37,2024-07-27 09:00:00,Delivered,153.0,150.0,11.42,3.7,2,6,0.0,0,,0.0,1.0,13.423055555555557,2,Medium Risk,15,171.3
SHP01390,P012,S005,R009,2024-08-06,2024-08-08 08:48:49,2024-08-08 10:53:24,Delivered,45.3,500.0,18.65,16.2,0,4,12.2,1,Severe,0.0,1.0,2.076388888888889,3,High Risk,175,3263.75
SHP01391,P018,S002,R001,2024-11-24,2024-11-26 05:36:24,,Cancelled,65.7,150.0,16.44,7.6,0,4,3.6,1,Mild,43.8,,,3,High Risk,52,854.88
SHP01392,P009,S009,R024,2024-07-16,2024-07-20 17:46:03,2024-07-22 10:24:00,Delivered,154.4,150.0,8.03,0.5,-1,2,0.0,0,,51.5,1.0,40.6325,5,Critical Risk,112,899.36
SHP01393,P010,S006,R016,2024-10-23,2024-10-27 03:25:13,2024-10-28 01:12:00,Delivered,121.2,200.0,3.9,-22.5,-18,-15,4.5,1,Mild,30.3,1.0,21.779722222222222,5,Critical Risk,150,585.0
SHP01394,P020,S009,R024,2024-07-14,2024-07-18 09:21:46,2024-07-20 02:24:00,Delivered,146.4,200.0,23.51,2.2,0,4,0.0,0,,0.0,1.0,41.03722222222222,2,Medium Risk,20,470.2
SHP01395,P008,S010,R026,2024-02-22,2024-02-24 16:31:42,,Cancelled,61.1,150.0,19.33,0.1,0,4,0.0,0,,12.2,,,0,Low Risk,0,0.0
SHP01396,P006,S009,R028,2024-09-20,2024-09-23 02:05:48,2024-09-24 18:50:24,Delivered,104.4,50.0,16.77,0.6,0,4,0.0,0,,41.8,1.0,40.74333333333333,4,High Risk,17,285.09
SHP01397,P006,S001,R001,2024-02-02,2024-02-04 02:00:24,2024-02-04 17:54:00,Delivered,65.9,500.0,16.77,3.6,0,4,0.0,0,,26.4,1.0,15.893333333333333,3,High Risk,175,2934.75
SHP01398,P003,S005,R007,2024-07-09,2024-07-14 04:50:05,2024-07-14 22:42:00,Delivered,142.7,300.0,18.91,-2.3,2,6,4.3,1,Mild,47.6,1.0,17.865277777777777,5,Critical Risk,225,4254.75
SHP01399,P019,S009,R025,2024-01-25,2024-01-30 08:57:35,,Cancelled,183.3,300.0,9.85,2.8,8,12,5.2,1,Severe,36.7,,,3,High Risk,105,1034.25
SHP01400,P004,S001,R001,2024-04-11,2024-04-13 07:55:59,2024-04-13 19:30:00,Delivered,67.5,250.0,11.42,-4.0,2,6,6.0,1,Severe,0.0,1.0,11.566944444444443,5,Critical Risk,187,2135.54
SHP01401,P015,S002,R011,2024-01-11,2024-01-13 08:52:53,2024-01-14 18:18:00,Delivered,90.3,250.0,6.02,13.5,0,4,9.5,1,Severe,0.0,1.0,33.41861111111111,5,Critical Risk,187,1125.74
SHP01402,P013,S006,R010,2024-02-14,2024-02-17 22:20:14,,Cancelled,118.2,50.0,3.35,18.9,0,4,14.9,1,Severe,39.4,,,5,Critical Risk,37,123.95
SHP01403,P013,S010,R027,2024-10-29,2024-10-29 11:31:28,,Cancelled,10.9,200.0,3.35,1.5,0,4,0.0,0,,2.2,,,0,Low Risk,0,0.0
SHP01404,P018,S003,R013,2024-09-30,2024-10-06 15:14:35,,Cancelled,206.8,50.0,16.44,1.8,0,4,0.0,0,,0.0,,,0,Low Risk,0,0.0
SHP01405,P018,S009,R021,2024-10-16,2024-10-19 09:41:09,2024-10-19 04:07:12,Delivered,69.2,100.0,16.44,3.1,0,4,0.0,0,,0.0,0.0,0.0,0,Low Risk,0,0.0
SHP01406,P014,S003,R012,2024-08-20,2024-08-22 04:14:09,2024-08-24 19:50:24,Delivered,72.4,150.0,16.04,14.2,13,15,0.0,0,,12.1,1.0,63.60416666666666,2,Medium Risk,15,240.6
SHP01407,P012,S008,R028,2024-11-19,2024-11-22 00:01:34,2024-11-24 12:09:36,Delivered,82.6,100.0,18.65,1.2,0,4,0.0,0,,13.8,1.0,60.13388888888889,2,Medium Risk,10,186.5
SHP01408,P019,S006,R005,2024-02-07,2024-02-10 07:34:53,2024-02-11 15:06:00,Delivered,111.1,500.0,9.85,11.733333333333334,8,12,0.0,0,,37.0,1.0,31.51861111111111,4,High Risk,175,1723.75
SHP01409,P005,S008,R010,2024-07-16,2024-07-19 23:43:14,2024-07-20 14:48:00,Delivered,110.8,250.0,13.38,-2.7,0,4,2.7,1,Mild,0.0,1.0,15.079444444444444,2,Medium Risk,25,334.5
SHP01410,P005,S007,R009,2024-03-31,2024-04-02 09:34:55,2024-04-02 02:00:00,Delivered,50.0,50.0,13.38,0.3,0,4,0.0,0,,16.7,0.0,0.0,2,Medium Risk,5,66.9
SHP01411,P012,S005,R005,2024-02-23,2024-02-26 07:21:15,,Cancelled,113.6,300.0,18.65,3.3,0,4,0.0,0,,0.0,,,0,Low Risk,0,0.0
SHP01412,P019,S003,R005,2024-07-06,2024-07-09 01:57:30,2024-07-10 06:31:12,Delivered,93.2,400.0,9.85,18.4,8,12,6.399999999999999,1,Severe,46.6,1.0,28.561666666666667,7,Critical Risk,300,2955.0
SHP01413,P014,S005,R002,2024-08-23,2024-08-24 00:54:42,,Cancelled,20.9,150.0,16.04,29.9,13,15,14.9,1,Severe,7.0,,,5,Critical Risk,112,1796.48
SHP01414,P009,S001,R002,2024-02-15,2024-02-16 00:07:43,2024-02-16 18:24:00,Delivered,26.5,250.0,8.03,-0.5,-1,2,0.0,0,,0.0,1.0,18.27138888888889,2,Medium Risk,25,200.75
SHP01415,P014,S002,R013,2024-10-04,2024-10-10 22:08:30,2024-10-13 14:36:00,Delivered,230.6,300.0,16.04,13.1,13,15,0.0,0,,76.9,1.0,64.45833333333333,4,High Risk,105,1684.2
SHP01416,P002,S002,R004,2024-10-21,2024-10-21 07:43:42,2024-10-21 08:54:00,In Transit,8.9,100.0,6.75,3.6,2,4,0.0,0,,0.0,1.0,1.1716666666666666,1,Medium Risk,10,67.5
SHP01417,P002,S006,R008,2024-08-13,2024-08-16 09:49:54,2024-08-15 16:48:00,Delivered,64.8,400.0,6.75,2.1,2,4,0.0,0,,43.2,0.0,0.0,3,High Risk,140,945.0
SHP01418,P016,S005,R023,2024-11-30,2024-12-02 14:57:45,2024-12-02 19:43:48,Delivered,52.1,250.0,19.67,1.3,0,4,0.0,0,,17.4,1.0,4.7675,2,Medium Risk,25,491.75
SHP01419,P019,S009,R015,2024-07-30,2024-07-31 13:49:45,2024-08-01 10:53:24,In Transit,45.3,250.0,9.85,8.5,8,12,0.0,0,,0.0,1.0,21.06083333333333,1,Medium Risk,25,246.25
SHP01420,P014,S002,R020,2024-09-20,2024-09-26 10:23:30,2024-09-28 15:36:00,Delivered,207.6,200.0,16.04,14.1,13,15,0.0,0,,41.5,1.0,53.208333333333336,2,Medium Risk,20,320.8
SHP01421,P002,S005,R011,2024-01-24,2024-01-26 17:31:21,2024-01-26 12:10:12,Delivered,54.7,100.0,6.75,3.4,2,4,0.0,0,,0.0,0.0,0.0,1,Medium Risk,10,67.5
SHP01422,P012,S008,R009,2024-09-25,2024-09-27 11:57:22,2024-09-28 03:54:00,Delivered,75.9,50.0,18.65,13.8,0,4,9.8,1,Severe,25.3,1.0,15.943888888888887,6,Critical Risk,37,690.05
SHP01423,P014,S001,R024,2024-08-07,2024-08-11 18:12:13,2024-08-12 03:54:00,Delivered,123.9,200.0,16.04,16.8,13,15,1.8000000000000007,1,Mild,0.0,1.0,9.696388888888889,2,Medium Risk,20,320.8
SHP01424,P008,S007,R026,2024-11-18,2024-11-20 18:59:09,2024-11-24 23:12:00,In Transit,104.5,50.0,19.33,1.3,0,4,0.0,0,,0.0,1.0,100.21416666666669,2,Medium Risk,5,96.65
SHP01425,P002,S007,R012,2024-08-17,2024-08-19 02:06:21,2024-08-19 15:36:00,Delivered,63.6,150.0,6.75,2.4,2,4,0.0,0,,0.0,1.0,13.494166666666668,2,Medium Risk,15,101.25
SHP01426,P018,S006,R025,2024-06-15,2024-06-20 14:31:39,2024-06-20 04:57:36,Delivered,113.6,200.0,16.44,-2.4,0,4,2.4,1,Mild,22.7,0.0,0.0,1,Medium Risk,20,328.8
SHP01427,P015,S009,R013,2024-02-18,2024-02-24 18:54:03,2024-02-25 23:54:00,Delivered,191.9,400.0,6.02,-3.3,0,4,3.3,1,Mild,64.0,1.0,28.999166666666667,5,Critical Risk,300,1806.0
SHP01428,P001,S007,R023,2024-11-13,2024-11-15 11:43:21,2024-11-16 13:24:36,Delivered,65.7,100.0,16.53,16.3,2,4,12.3,1,Severe,43.8,1.0,25.6875,8,Critical Risk,75,1239.75
SHP01429,P005,S003,R015,2024-06-09,2024-06-10 16:09:12,2024-06-11 02:42:00,Delivered,50.7,400.0,13.38,10.1,0,4,6.1,1,Severe,0.0,1.0,10.546666666666669,4,High Risk,140,1873.2
SHP01430,P003,S006,R004,2024-06-21,2024-06-21 08:53:49,,Cancelled,7.9,250.0,18.91,20.7,2,6,14.7,1,Severe,1.3,,,4,High Risk,87,1645.17
SHP01431,P015,S005,R002,2024-09-09,2024-09-09 23:11:42,2024-09-09 19:42:00,Delivered,19.7,50.0,6.02,2.4,0,4,0.0,0,,6.6,0.0,0.0,2,Medium Risk,5,30.1
SHP01432,P012,S001,R008,2024-12-07,2024-12-10 02:04:56,2024-12-11 11:42:00,Delivered,107.7,200.0,18.65,3.8,0,4,0.0,0,,0.0,1.0,33.617777777777775,2,Medium Risk,20,373.0
SHP01433,P019,S002,R001,2024-05-22,2024-05-24 07:22:44,,Cancelled,52.5,250.0,9.85,10.0,8,12,0.0,0,,0.0,,,0,Low Risk,0,0.0
SHP01434,P020,S002,R008,2024-11-30,2024-12-03 10:32:14,2024-12-05 11:40:48,Delivered,82.3,200.0,23.51,13.2,0,4,9.2,1,Severe,82.3,1.0,49.14277777777778,7,Critical Risk,150,3526.5
SHP01435,P005,S001,R012,2024-07-17,2024-07-18 23:13:39,2024-07-20 20:37:12,In Transit,42.1,50.0,13.38,2.3,0,4,0.0,0,,0.0,1.0,45.3925,2,Medium Risk,5,66.9
SHP01436,P018,S001,R003,2024-10-06,2024-10-11 17:49:33,2024-10-12 03:18:00,Delivered,147.3,250.0,16.44,-0.0,0,4,0.0,0,,0.0,1.0,9.474166666666669,1,Medium Risk,25,411.0
SHP01437,P007,S004,R019,2024-05-27,2024-05-28 18:51:52,2024-05-30 18:25:12,In Transit,41.1,400.0,12.06,10.2,0,4,6.199999999999999,1,Severe,10.3,1.0,47.55555555555556,7,Critical Risk,300,3618.0
SHP01438,P006,S006,R011,2024-01-05,2024-01-07 15:50:27,2024-01-08 03:08:24,Delivered,57.8,400.0,16.77,0.9,0,4,0.0,0,,11.6,1.0,11.299166666666666,1,Medium Risk,40,670.8
SHP01439,P006,S005,R004,2024-08-23,2024-08-23 08:01:32,2024-08-23 10:00:00,Delivered,10.0,150.0,16.77,3.8,0,4,0.0,0,,0.0,1.0,1.9744444444444444,0,Low Risk,0,0.0
SHP01440,P004,S002,R001,2024-01-17,2024-01-19 04:30:40,2024-01-21 01:55:12,Delivered,61.2,400.0,11.42,7.5,2,6,1.5,1,Mild,0.0,1.0,45.40888888888889,4,High Risk,140,1598.8
SHP01441,P004,S002,R013,2024-07-20,2024-07-26 22:08:02,2024-07-27 22:24:36,In Transit,173.1,300.0,11.42,5.6,2,6,0.0,0,,0.0,1.0,24.27611111111111,3,High Risk,105,1199.1
SHP01442,P019,S009,R026,2024-10-05,2024-10-08 02:24:27,2024-10-09 04:06:00,In Transit,77.0,400.0,9.85,10.4,8,12,0.0,0,,0.0,1.0,25.6925,2,Medium Risk,40,394.0
SHP01443,P008,S007,R022,2024-04-01,2024-04-06 15:50:05,2024-04-08 05:18:00,In Transit,173.3,100.0,19.33,2.1,0,4,0.0,0,,0.0,1.0,37.46527777777778,2,Medium Risk,10,193.3
SHP01444,P020,S003,R001,2024-08-15,2024-08-17 06:02:59,2024-08-17 08:25:12,In Transit,43.4,50.0,23.51,3.0,0,4,0.0,0,,8.7,1.0,2.370277777777778,0,Low Risk,0,0.0
SHP01445,P006,S002,R021,2024-11-07,2024-11-10 04:08:34,2024-11-11 10:48:00,Delivered,106.8,500.0,16.77,17.1,0,4,13.1,1,Severe,26.7,1.0,30.657222222222224,7,Critical Risk,375,6288.75
SHP01446,P004,S007,R004,2024-02-27,2024-02-27 08:04:14,2024-02-27 09:48:00,In Transit,9.8,300.0,11.42,2.3,2,6,0.0,0,,4.9,1.0,1.7294444444444443,3,High Risk,105,1199.1
SHP01447,P016,S003,R023,2024-12-19,2024-12-21 15:35:01,2024-12-21 04:24:00,In Transit,52.4,300.0,19.67,4.0,0,4,0.0,0,,0.0,0.0,0.0,0,Low Risk,0,0.0
SHP01448,P020,S004,R003,2024-10-07,2024-10-12 22:19:33,2024-10-15 18:18:00,Delivered,210.3,150.0,23.51,14.3,0,4,10.3,1,Severe,0.0,1.0,67.97416666666666,5,Critical Risk,112,2633.12
SHP01449,P010,S001,R022,2024-02-19,2024-02-23 21:50:09,,Cancelled,192.4,150.0,3.9,-18.0,-18,-15,0.0,0,,96.2,,,3,High Risk,52,202.8
SHP01450,P005,S004,R005,2024-12-05,2024-12-08 02:52:43,2024-12-10 01:12:00,Delivered,121.2,200.0,13.38,3.9,0,4,0.0,0,,0.0,1.0,46.32138888888889,2,Medium Risk,20,267.6
SHP01451,P004,S002,R014,2024-07-03,2024-07-07 06:06:43,2024-07-08 09:48:00,Delivered,118.0,150.0,11.42,0.4,2,6,1.6,1,Mild,0.0,1.0,27.688055555555557,4,High Risk,52,593.84
SHP01452,P009,S003,R008,2024-03-08,2024-03-11 07:49:21,2024-03-10 21:36:00,Delivered,69.6,100.0,8.03,14.3,-1,2,12.3,1,Severe,13.9,0.0,0.0,4,High Risk,35,281.05
SHP01453,P005,S009,R003,2024-08-01,2024-08-06 07:24:33,,Cancelled,141.9,50.0,13.38,2.7,0,4,0.0,0,,0.0,,,0,Low Risk,0,0.0
SHP01454,P015,S008,R015,2024-07-01,2024-07-02 13:54:39,,Cancelled,39.7,50.0,6.02,3.1,0,4,0.0,0,,0.0,,,0,Low Risk,0,0.0
SHP01455,P003,S008,R010,2024-07-12,2024-07-15 10:51:58,2024-07-20 14:24:00,Delivered,129.0,200.0,18.91,5.8,2,6,0.0,0,,0.0,1.0,123.5338888888889,3,High Risk,70,1323.7
SHP01456,P018,S005,R003,2024-11-13,2024-11-18 10:28:05,2024-11-19 18:08:24,Delivered,147.4,200.0,16.44,4.7,0,4,0.7000000000000002,1,Mild,0.0,1.0,31.67194444444445,3,High Risk,70,1150.8
SHP01457,P012,S007,R027,2024-07-20,2024-07-20 11:48:48,,Cancelled,12.5,150.0,18.65,2.8,0,4,0.0,0,,0.0,,,0,Low Risk,0,0.0
SHP01458,P012,S006,R002,2024-06-04,2024-06-05 00:41:43,2024-06-05 12:47:24,Delivered,28.3,400.0,18.65,0.1,0,4,0.0,0,,0.0,1.0,12.094722222222222,1,Medium Risk,40,746.0
SHP01459,P020,S004,R023,2024-04-25,2024-04-27 13:02:26,2024-04-28 03:06:00,Delivered,75.1,200.0,23.51,0.7,0,4,0.0,0,,37.6,1.0,14.059444444444445,3,High Risk,70,1645.7
SHP01460,P014,S002,R003,2024-05-31,2024-06-05 12:57:07,2024-06-11 07:57:36,Delivered,209.2,300.0,16.04,11.4,13,15,1.5999999999999996,1,Mild,0.0,1.0,139.00805555555556,3,High Risk,105,1684.2
SHP01461,P017,S009,R021,2024-01-21,2024-01-24 09:07:35,2024-01-29 16:46:48,Delivered,94.9,400.0,21.86,15.6,0,4,11.6,1,Severe,31.6,1.0,127.6536111111111,7,Critical Risk,300,6558.0
SHP01462,P003,S010,R019,2024-12-15,2024-12-16 15:06:07,2024-12-16 23:44:24,Delivered,43.4,250.0,18.91,0.3,2,6,1.7,1,Mild,0.0,1.0,8.638055555555555,3,High Risk,87,1645.17
SHP01463,P002,S006,R018,2024-04-30,2024-05-01 04:26:39,2024-05-01 03:48:00,Delivered,27.8,100.0,6.75,-2.6,2,4,4.6,1,Mild,5.6,0.0,0.0,2,Medium Risk,10,67.5
SHP01464,P017,S008,R013,2024-01-15,2024-01-21 19:51:45,2024-01-21 20:42:00,In Transit,164.7,250.0,21.86,2.9,0,4,0.0,0,,41.2,1.0,0.8375,2,Medium Risk,25,546.5
SHP01465,P009,S006,R007,2024-07-03,2024-07-08 13:41:34,2024-07-12 07:04:48,Delivered,202.8,400.0,8.03,2.06,-1,2,0.06,1,Mild,40.6,1.0,89.38722222222222,4,High Risk,140,1124.2
SHP01466,P017,S007,R026,2024-02-02,2024-02-05 03:03:15,2024-02-05 04:00:00,Delivered,76.0,50.0,21.86,1.1,0,4,0.0,0,,0.0,1.0,0.9458333333333332,0,Low Risk,0,0.0
SHP01467,P020,S005,R017,2024-02-14,2024-02-16 21:51:06,2024-02-18 06:42:00,In Transit,102.7,300.0,23.51,3.1,0,4,0.0,0,,0.0,1.0,32.848333333333336,2,Medium Risk,30,705.3
SHP01468,P015,S003,R004,2024-05-02,2024-05-02 09:08:31,2024-05-02 06:36:00,In Transit,6.6,100.0,6.02,3.1,0,4,0.0,0,,0.0,0.0,0.0,0,Low Risk,0,0.0
SHP01469,P010,S001,R022,2024-05-15,2024-05-20 08:34:24,2024-05-21 15:12:00,Delivered,159.2,100.0,3.9,-0.5,-18,-15,14.5,1,Severe,63.7,1.0,30.626666666666665,8,Critical Risk,75,292.5
SHP01470,P007,S001,R015,2024-10-17,2024-10-18 14:25:52,2024-10-18 16:12:00,Delivered,40.2,50.0,12.06,3.6,0,4,0.0,0,,13.4,1.0,1.768888888888889,2,Medium Risk,5,60.3
SHP01471,P004,S008,R017,2024-07-01,2024-07-03 21:14:21,,Cancelled,108.7,100.0,11.42,4.2,2,6,0.0,0,,21.7,,,1,Medium Risk,10,114.2
SHP01472,P006,S004,R012,2024-12-02,2024-12-04 07:26:46,2024-12-04 02:18:00,Delivered,50.3,250.0,16.77,17.2,0,4,13.2,1,Severe,33.5,0.0,0.0,5,Critical Risk,187,3135.99
SHP01473,P016,S001,R004,2024-09-11,2024-09-11 09:17:46,2024-09-11 10:08:24,Delivered,7.8,400.0,19.67,16.1,0,4,12.1,1,Severe,1.6,1.0,0.8438888888888889,3,High Risk,140,2753.8
SHP01474,P008,S008,R015,2024-08-19,2024-08-20 12:48:44,2024-08-20 11:25:12,Delivered,32.2,50.0,19.33,0.8,0,4,0.0,0,,0.0,0.0,0.0,0,Low Risk,0,0.0
SHP01475,P002,S006,R027,2024-03-19,2024-03-19 12:11:53,2024-03-19 15:36:00,Delivered,15.6,50.0,6.75,13.3,2,4,9.3,1,Severe,5.2,1.0,3.4019444444444447,6,Critical Risk,37,249.75
SHP01476,P006,S003,R003,2024-06-07,2024-06-12 18:27:37,,Cancelled,126.0,250.0,16.77,1.7,0,4,0.0,0,,50.4,,,2,Medium Risk,25,419.25
SHP01477,P004,S004,R025,2024-07-22,2024-07-27 17:58:11,2024-07-28 12:54:00,In Transit,156.9,200.0,11.42,4.8,2,6,0.0,0,,0.0,1.0,18.93027777777778,2,Medium Risk,20,228.4
SHP01478,P012,S003,R017,2024-07-19,2024-07-22 05:25:50,2024-07-22 01:15:36,Delivered,66.6,500.0,18.65,2.9,0,4,0.0,0,,0.0,0.0,0.0,0,Low Risk,0,0.0
SHP01479,P012,S010,R012,2024-12-03,2024-12-05 07:34:36,,Cancelled,66.1,500.0,18.65,2.8,0,4,0.0,0,,0.0,,,0,Low Risk,0,0.0
SHP01480,P017,S010,R020,2024-03-30,2024-04-04 17:50:43,2024-04-03 12:00:00,Delivered,108.0,300.0,21.86,-1.0,0,4,1.0,1,Mild,0.0,0.0,0.0,1,Medium Risk,30,655.8
SHP01481,P003,S009,R012,2024-01-18,2024-01-19 23:32:41,2024-01-20 09:42:00,In Transit,57.7,150.0,18.91,4.9,2,6,0.0,0,,0.0,1.0,10.155277777777778,2,Medium Risk,15,283.65
SHP01482,P004,S009,R026,2024-03-22,2024-03-24 17:41:06,2024-03-26 01:06:00,Delivered,97.1,400.0,11.42,2.5,2,6,0.0,0,,19.4,1.0,31.415,3,High Risk,140,1598.8
SHP01483,P018,S004,R018,2024-12-13,2024-12-14 08:25:28,2024-12-14 14:56:24,Delivered,35.4,400.0,16.44,14.4,0,4,10.4,1,Severe,17.7,1.0,6.515555555555555,6,Critical Risk,300,4932.0
SHP01484,P009,S007,R016,2024-04-12,2024-04-16 01:55:48,2024-04-15 22:18:00,Delivered,94.3,200.0,8.03,1.9,-1,2,0.0,0,,0.0,0.0,0.0,1,Medium Risk,20,160.6
SHP01485,P006,S009,R001,2024-11-20,2024-11-22 04:09:48,2024-11-21 19:06:00,Delivered,43.1,150.0,16.77,2.2,0,4,0.0,0,,14.4,0.0,0.0,2,Medium Risk,15,251.55
SHP01486,P006,S003,R024,2024-06-30,2024-07-04 13:41:03,2024-07-06 12:15:36,Delivered,120.2,200.0,16.77,4.0,0,4,0.0,0,,0.0,1.0,46.575833333333335,2,Medium Risk,20,335.4
SHP01487,P008,S008,R028,2024-05-05,2024-05-08 01:13:46,2024-05-07 09:54:00,Delivered,57.9,500.0,19.33,2.7,0,4,0.0,0,,14.5,0.0,0.0,2,Medium Risk,50,966.5
SHP01488,P011,S004,R028,2024-10-13,2024-10-16 02:55:02,2024-10-17 20:22:48,In Transit,105.8,100.0,21.42,-1.0,-1,2,0.0,0,,35.3,1.0,41.46277777777778,5,Critical Risk,75,1606.5
SHP01489,P002,S009,R026,2024-05-26,2024-05-28 18:04:28,2024-05-30 18:47:24,Delivered,88.3,100.0,6.75,2.7,2,4,0.0,0,,29.4,1.0,48.715555555555554,5,Critical Risk,75,506.25
SHP01490,P002,S006,R011,2024-05-08,2024-05-10 17:48:52,,Cancelled,74.4,250.0,6.75,6.6,2,4,2.6,1,Mild,0.0,,,2,Medium Risk,25,168.75
SHP01491,P011,S006,R014,2024-05-19,2024-05-23 10:16:42,2024-05-22 04:06:00,In Transit,76.1,300.0,21.42,-5.7,-1,2,4.7,1,Mild,0.0,0.0,0.0,2,Medium Risk,30,642.6
SHP01492,P006,S001,R016,2024-01-01,2024-01-04 12:50:29,2024-01-06 08:54:00,Delivered,128.9,50.0,16.77,2.6,0,4,0.0,0,,43.0,1.0,44.05861111111111,4,High Risk,17,285.09
SHP01493,P005,S002,R005,2024-06-06,2024-06-09 05:05:57,2024-06-08 18:48:00,Delivered,66.8,500.0,13.38,-2.3,0,4,2.3,1,Mild,0.0,0.0,0.0,1,Medium Risk,50,669.0
SHP01494,P002,S010,R017,2024-08-30,2024-09-01 21:33:47,2024-09-01 20:48:00,Delivered,68.8,150.0,6.75,2.2,2,4,0.0,0,,0.0,0.0,0.0,1,Medium Risk,15,101.25
SHP01495,P001,S008,R011,2024-12-22,2024-12-24 14:37:32,2024-12-25 10:16:48,Delivered,74.8,200.0,16.53,2.8,2,4,0.0,0,,0.0,1.0,19.654444444444444,2,Medium Risk,20,330.6
SHP01496,P019,S005,R007,2024-02-29,2024-03-05 18:40:39,2024-03-06 21:12:00,Delivered,165.2,300.0,9.85,8.1,8,12,0.0,0,,55.1,1.0,26.5225,4,High Risk,105,1034.25
SHP01497,P006,S002,R019,2024-02-05,2024-02-06 13:33:06,2024-02-06 18:30:00,Delivered,42.5,500.0,16.77,5.7,0,4,1.7000000000000002,1,Mild,0.0,1.0,4.948333333333333,1,Medium Risk,50,838.5
SHP01498,P002,S001,R005,2024-08-03,2024-08-06 09:11:10,,Cancelled,122.6,500.0,6.75,3.5,2,4,0.0,0,,61.3,,,3,High Risk,175,1181.25
SHP01499,P015,S005,R003,2024-08-02,2024-08-07 16:24:10,2024-08-10 01:00:00,Delivered,193.0,50.0,6.02,9.1,0,4,5.1,1,Severe,77.2,1.0,56.59722222222222,7,Critical Risk,37,222.74
SHP01500,P008,S008,R007,2024-01-20,2024-01-25 12:23:31,2024-01-26 19:48:00,Delivered,163.8,500.0,19.33,0.7,0,4,0.0,0,,0.0,1.0,31.40805555555556,2,Medium Risk,50,966.5
